county_id,region,y,fitted,resid,std_resid,stud_resid,leverage,cook,dffits,max_dfbetas,dfbetas_coef,weight,population
"Kitsap County, Washington",Oeste,164.9,164.163,0.73674,0.03992,0.03992,0.00522,0,0.00289,0.00117,region[Oeste],1,260131
"Kittitas County, Washington",Oeste,161.3,151.212,10.0884,0.54771,0.54764,0.00897,0.00014,0.0521,0.0256,MedianAge,1,43269
"Klickitat County, Washington",Oeste,174.7,144.457,30.2435,1.63838,1.63887,0.00466,0.00063,0.11214,0.06276,region[Oeste],1,21026
"Lewis County, Washington",Oeste,194.8,175.581,19.2187,1.04301,1.04303,0.00824,0.00045,0.09507,0.05729,region[Oeste],1,75882
"Lincoln County, Washington",Oeste,144.4,151.604,-7.20391,-0.3909,-0.39084,0.00793,6e-05,-0.03495,0.01797,PctUnemployed16_Over:region[Oeste],1,10321
"Mason County, Washington",Oeste,176,176.287,-0.28692,-0.01558,-0.01558,0.00928,0,-0.00151,0.00081,PctUnemployed16_Over:region[Oeste],1,61023
"Okanogan County, Washington",Oeste,175.9,178.52,-2.61998,-0.14207,-0.14205,0.00659,1e-05,-0.01157,0.00681,region[Oeste],1,41516
"Pacific County, Washington",Oeste,183.6,161.611,21.9891,1.19228,1.19236,0.00643,0.00046,0.0959,0.05824,region[Oeste],1,20848
"Pend Oreille County, Washington",Oeste,190.5,176.182,14.3177,0.7761,0.77604,0.00585,0.00018,0.05952,0.03664,region[Oeste],1,13088
"Pierce County, Washington",Oeste,177.8,176.157,1.64269,0.08898,0.08897,0.00451,0,0.00599,0.00385,region[Oeste],1,843954
"San Juan County, Washington",Oeste,121.4,137.717,-16.3174,-0.88808,-0.88804,0.01385,0.00055,-0.10526,0.0525,PctBachDeg25_Over:region[Oeste],1,16252
"Skagit County, Washington",Oeste,172.7,170.96,1.74027,0.09424,0.09422,0.00386,0,0.00586,0.0036,region[Oeste],1,121846
"Skamania County, Washington",Oeste,188.3,159.192,29.1081,1.57653,1.57695,0.00423,0.00053,0.10277,0.06892,region[Oeste],1,11339
"Snohomish County, Washington",Oeste,165.3,162.238,3.06221,0.16593,0.1659,0.00516,1e-05,0.01195,0.00547,PctBachDeg25_Over:region[Oeste],1,772501
"Spokane County, Washington",Oeste,171,165.267,5.73305,0.3105,0.31045,0.00418,2e-05,0.02012,0.01108,region[Oeste],1,490945
"Stevens County, Washington",Oeste,174.2,170.814,3.38587,0.18353,0.1835,0.00582,1e-05,0.01404,0.01061,region[Oeste],1,43791
"Thurston County, Washington",Oeste,169.9,163.839,6.0606,0.32849,0.32844,0.00567,3e-05,0.02479,0.01129,PctBachDeg25_Over:region[Oeste],1,269536
"Wahkiakum County, Washington",Oeste,153.8,170.263,-16.4626,-0.89559,-0.89556,0.013,0.00053,-0.10279,0.05573,region[Oeste],1,4042
"Walla Walla County, Washington",Oeste,162.8,161.151,1.64924,0.08937,0.08935,0.00518,0,0.00645,0.00371,region[Oeste],1,60338
"Whatcom County, Washington",Oeste,163.3,163.859,-0.55944,-0.03033,-0.03032,0.006,0,-0.00236,0.00116,PctBachDeg25_Over:region[Oeste],1,212284
"Whitman County, Washington",Oeste,140.8,145.549,-4.74871,-0.25928,-0.25924,0.02019,7e-05,-0.03721,0.02329,MedianAge,1,48177
"Yakima County, Washington",Oeste,169.4,160.39,9.00989,0.48895,0.48888,0.00812,0.0001,0.04425,0.02376,region[Oeste],1,248830
"Barbour County, West Virginia",Sur,189.7,200.667,-10.9674,-0.59408,-0.59401,0.00446,8e-05,-0.03976,0.02289,PctHS25_Over,1,16704
"Berkeley County, West Virginia",Sur,206.1,190.595,15.5054,0.83873,0.83868,0.00169,6e-05,0.03453,0.02178,const,1,111901
"Boone County, West Virginia",Sur,236.7,216.705,19.9952,1.08264,1.08267,0.00362,0.00021,0.06524,0.03587,PctHS25_Over,1,23372
"Braxton County, West Virginia",Sur,196.3,193.822,2.4781,0.13438,0.13436,0.0067,1e-05,0.01104,0.00705,PctHS25_Over,1,14415
"Brooke County, West Virginia",Sur,186.2,195.364,-9.16392,-0.49623,-0.49616,0.00383,5e-05,-0.03077,0.01934,const,1,23350
"Cabell County, West Virginia",Sur,194,194.262,-0.26196,-0.01418,-0.01418,0.00277,0,-0.00075,0.00046,const,1,96844
"Calhoun County, West Virginia",Sur,226.5,203.301,23.1992,1.26104,1.26117,0.01138,0.00092,0.13533,0.10269,PctUnemployed16_Over,1,7470
"Clay County, West Virginia",Sur,212.9,237.957,-25.0574,-1.35985,-1.36005,0.00818,0.00076,-0.12353,0.06651,incidenceRate,1,8910
"Doddridge County, West Virginia",Sur,185.6,158.34,27.2601,1.48212,1.48243,0.01183,0.00132,0.16222,0.1126,incidenceRate,1,8176
"Fayette County, West Virginia",Sur,217,205.51,11.49,0.62184,0.62178,0.00273,5e-05,0.03251,0.01494,const,1,44997
"Gilmer County, West Virginia",Sur,209.9,195.201,14.6994,0.79567,0.79562,0.00307,0.0001,0.04415,0.02342,BirthRate,1,8518
"Grant County, West Virginia",Sur,128,176.635,-48.6345,-2.63791,-2.6407,0.00709,0.00249,-0.22318,0.11191,PctHS25_Over,1,11766
"Greenbrier County, West Virginia",Sur,195.1,202.103,-7.00269,-0.37907,-0.37901,0.00315,2e-05,-0.02131,0.0134,const,1,35516
"Hampshire County, West Virginia",Sur,212.1,217.971,-5.87134,-0.31835,-0.3183,0.00642,3e-05,-0.02559,0.01254,PctHS25_Over,1,23353
"Hancock County, West Virginia",Sur,184.1,191.692,-7.5918,-0.41139,-0.41133,0.00521,4e-05,-0.02978,0.01943,PctHS18_24,1,29815
"Hardy County, West Virginia",Sur,153,180.859,-27.8586,-1.5099,-1.51024,0.0056,0.00064,-0.1133,0.05061,PctHS25_Over,1,13852
"Harrison County, West Virginia",Sur,206.7,200.048,6.65229,0.35993,0.35987,0.00219,1e-05,0.01687,0.01193,const,1,68714
"Jackson County, West Virginia",Sur,194.2,195.078,-0.87822,-0.04752,-0.04751,0.00213,0,-0.00219,0.00142,const,1,29237
"Jefferson County, West Virginia",Sur,178.2,167.363,10.8371,0.58665,0.58658,0.00319,6e-05,0.03318,0.02207,const,1,56482
"Kanawha County, West Virginia",Sur,205.4,198.388,7.01173,0.37948,0.37942,0.00271,2e-05,0.01977,0.01381,const,1,188332
"Lewis County, West Virginia",Sur,218.4,221.782,-3.38177,-0.18336,-0.18333,0.00641,1e-05,-0.01473,0.00958,PctHS25_Over,1,16448
"Lincoln County, West Virginia",Sur,226.9,222.38,4.51991,0.24489,0.24485,0.00493,1e-05,0.01723,0.00793,PctPublicCoverageAlone,1,21415
"Logan County, West Virginia",Sur,240.1,219.101,20.9986,1.13646,1.13652,0.00274,0.00018,0.05961,0.02667,PctBachDeg25_Over,1,34707
"McDowell County, West Virginia",Sur,234.8,222.834,11.9656,0.6486,0.64853,0.00585,0.00012,0.04976,0.02556,PctPublicCoverageAlone,1,19835
"Marion County, West Virginia",Sur,188.8,196.607,-7.80711,-0.42279,-0.42273,0.00397,4e-05,-0.02669,0.01725,const,1,56925
"Marshall County, West Virginia",Sur,184.6,193.069,-8.46855,-0.45851,-0.45845,0.00355,4e-05,-0.02736,0.01524,PctHS25_Over,1,31978
"Mason County, West Virginia",Sur,209.5,207.847,1.65323,0.08949,0.08948,0.00316,0,0.00503,0.00333,PctHS25_Over,1,27037
"Mercer County, West Virginia",Sur,210,203.17,6.83023,0.36998,0.36993,0.00449,3e-05,0.02484,0.01742,PctUnemployed16_Over,1,61164
"Mineral County, West Virginia",Sur,198.4,203.615,-5.215,-0.28252,-0.28248,0.00473,2e-05,-0.01948,0.01435,PctHS25_Over,1,27451
"Mingo County, West Virginia",Sur,240.8,224.938,15.8623,0.85928,0.85924,0.00459,0.00017,0.05834,0.02404,BirthRate,1,25292
"Monongalia County, West Virginia",Sur,155.9,174.179,-18.2786,-0.99094,-0.99094,0.00613,0.0003,-0.07782,0.04602,MedianAge,1,104236
"Monroe County, West Virginia",Sur,190.7,196.499,-5.79937,-0.31415,-0.31409,0.0045,2e-05,-0.02113,0.01498,PctHS25_Over,1,13506
"Morgan County, West Virginia",Sur,209.7,188.525,21.1746,1.14738,1.14745,0.00516,0.00034,0.08264,0.05116,PctUnemployed16_Over,1,17524
"Nicholas County, West Virginia",Sur,199.8,203.592,-3.79224,-0.20531,-0.20527,0.00342,1e-05,-0.01203,0.00761,PctHS25_Over,1,25594
"Ohio County, West Virginia",Sur,184.4,186.818,-2.41833,-0.13101,-0.13099,0.00473,0,-0.00903,0.00589,const,1,43066
"Pendleton County, West Virginia",Sur,139.8,182.952,-43.1521,-2.33906,-2.34092,0.00583,0.00161,-0.17931,0.09601,PctUnemployed16_Over,1,7229
"Pleasants County, West Virginia",Sur,213.3,200.841,12.4591,0.67503,0.67497,0.00492,0.00011,0.04747,0.0262,PctHS25_Over,1,7674
"Pocahontas County, West Virginia",Sur,176.8,187.072,-10.2723,-0.55682,-0.55675,0.00587,9e-05,-0.04277,0.01863,const,1,8607
"Preston County, West Virginia",Sur,169.8,194.566,-24.7665,-1.34057,-1.34076,0.00301,0.00027,-0.07373,0.0431,PctHS25_Over,1,33940
"Putnam County, West Virginia",Sur,171.5,190.126,-18.6259,-1.00856,-1.00857,0.00376,0.00019,-0.06196,0.03823,PctUnemployed16_Over,1,56848
"Raleigh County, West Virginia",Sur,198.2,199.03,-0.83046,-0.04494,-0.04493,0.0025,0,-0.00225,0.00132,const,1,77510
"Randolph County, West Virginia",Sur,168.6,188.586,-19.9863,-1.08261,-1.08264,0.00445,0.00026,-0.07237,0.04978,PctHS25_Over,1,29126
"Ritchie County, West Virginia",Sur,214.7,209.523,5.17663,0.28031,0.28027,0.0038,1e-05,0.01732,0.00951,PctHS25_Over,1,9982
"Roane County, West Virginia",Sur,204,209.029,-5.02948,-0.27259,-0.27255,0.00561,2e-05,-0.02047,0.01329,PctPublicCoverageAlone,1,14435
"Summers County, West Virginia",Sur,170.4,188.671,-18.2707,-0.98925,-0.98925,0.00361,0.00018,-0.05951,0.03311,incidenceRate,1,13239
"Taylor County, West Virginia",Sur,172.2,184.266,-12.0659,-0.65317,-0.6531,0.0032,7e-05,-0.037,0.02339,PctHS25_Over,1,16912
"Tucker County, West Virginia",Sur,168.1,214.363,-46.263,-2.50868,-2.51104,0.00662,0.0021,-0.20494,0.11456,PctHS25_Over,1,6966
"Tyler County, West Virginia",Sur,199.1,202.187,-3.08714,-0.16728,-0.16725,0.0051,1e-05,-0.01197,0.00623,PctHS25_Over,1,8975
"Upshur County, West Virginia",Sur,189.5,198.847,-9.34698,-0.50614,-0.50607,0.00381,5e-05,-0.03128,0.02534,PctHS25_Over,1,24758
"Wayne County, West Virginia",Sur,183.8,200.444,-16.6444,-0.90043,-0.9004,0.00189,8e-05,-0.03918,0.01585,const,1,40971
"Webster County, West Virginia",Sur,259.5,229.682,29.8175,1.61656,1.61702,0.0062,0.00081,0.12769,0.05516,PctHS18_24,1,8755
"Wetzel County, West Virginia",Sur,202.6,213.096,-10.4959,-0.56845,-0.56838,0.00414,7e-05,-0.03667,0.01433,const,1,15816
"Wirt County, West Virginia",Sur,185.8,198.327,-12.5273,-0.67845,-0.67838,0.00408,9e-05,-0.04343,0.02872,PctHS25_Over,1,5880
"Wood County, West Virginia",Sur,185.5,199.29,-13.7901,-0.74591,-0.74585,0.00161,4e-05,-0.02996,0.02315,const,1,86452
"Wyoming County, West Virginia",Sur,235.4,206.288,29.1119,1.57604,1.57646,0.00334,0.00042,0.09131,0.04016,PctHS18_24,1,22151
"Adams County, Wisconsin",Medio Oeste,206,193.627,12.3725,0.67047,0.6704,0.00529,0.00012,0.04888,0.02562,MedianAge,1,20148
"Ashland County, Wisconsin",Medio Oeste,217.5,185.287,32.2128,1.74345,1.74408,0.00282,0.00043,0.09273,0.04933,PctPublicCoverageAlone,1,15843
"Barron County, Wisconsin",Medio Oeste,168.4,175.967,-7.56669,-0.4095,-0.40944,0.00268,2e-05,-0.02121,0.00995,PctHS18_24,1,45563
"Bayfield County, Wisconsin",Medio Oeste,171.7,155.518,16.1817,0.87766,0.87763,0.00704,0.00027,0.07391,0.0344,PctBachDeg25_Over:region[Medio Oeste],1,14977
"Brown County, Wisconsin",Medio Oeste,158.6,175.239,-16.6391,-0.90137,-0.90134,0.00462,0.00019,-0.06138,0.03513,PctBachDeg25_Over:region[Medio Oeste],1,258718
"Buffalo County, Wisconsin",Medio Oeste,166.4,161.61,4.79049,0.25936,0.25931,0.00343,1e-05,0.01522,0.00716,PctUnemployed16_Over:region[Medio Oeste],1,13192
"Burnett County, Wisconsin",Medio Oeste,190.1,175.838,14.2618,0.7722,0.77215,0.00362,0.00011,0.04652,0.01741,region[Medio Oeste],1,15159
"Calumet County, Wisconsin",Medio Oeste,157.9,160.819,-2.91876,-0.15823,-0.15821,0.00612,1e-05,-0.01241,0.0057,PctBachDeg25_Over:region[Medio Oeste],1,49762
"Chippewa County, Wisconsin",Medio Oeste,160.1,181.539,-21.4394,-1.15975,-1.15982,0.00177,0.00012,-0.04879,0.02202,region[Medio Oeste],1,63531
"Clark County, Wisconsin",Medio Oeste,157.6,181.468,-23.868,-1.29379,-1.29394,0.00586,0.00049,-0.09938,0.05216,PctBachDeg25_Over:region[Medio Oeste],1,34445
"Columbia County, Wisconsin",Medio Oeste,176.6,175.854,0.74599,0.04036,0.04036,0.00223,0,0.00191,0.00102,region[Medio Oeste],1,56743
"Crawford County, Wisconsin",Medio Oeste,176.4,189.246,-12.8459,-0.69531,-0.69525,0.00298,7e-05,-0.03801,0.01873,PctHS18_24,1,16391
"Dane County, Wisconsin",Medio Oeste,153.8,149.268,4.5315,0.24677,0.24673,0.01498,5e-05,0.03043,0.02234,PctBachDeg25_Over:region[Medio Oeste],1,523643
"Dodge County, Wisconsin",Medio Oeste,178.9,175.631,3.26868,0.17691,0.17688,0.00284,0,0.00944,0.00474,PctHS18_24,1,88502
"Door County, Wisconsin",Medio Oeste,158.7,164.664,-5.96384,-0.32333,-0.32328,0.00621,3e-05,-0.02555,0.0143,PctBachDeg25_Over:region[Medio Oeste],1,27554
"Douglas County, Wisconsin",Medio Oeste,192.8,161.701,31.0986,1.68389,1.68444,0.00369,0.00053,0.10254,0.06181,incidenceRate,1,43601
"Dunn County, Wisconsin",Medio Oeste,155.6,166.815,-11.2154,-0.60721,-0.60714,0.00346,6e-05,-0.03576,0.01964,MedianAge,1,44497
"Eau Claire County, Wisconsin",Medio Oeste,163.4,168.351,-4.95075,-0.26824,-0.2682,0.005,2e-05,-0.01902,0.00969,PctBachDeg25_Over:region[Medio Oeste],1,102105
"Florence County, Wisconsin",Medio Oeste,171.9,145.348,26.5516,1.44093,1.44121,0.00818,0.00086,0.13085,0.07483,PctHS18_24,1,4464
"Fond du Lac County, Wisconsin",Medio Oeste,159.4,177.599,-18.1988,-0.98456,-0.98455,0.00198,0.0001,-0.04385,0.01765,region[Medio Oeste],1,101973
"Forest County, Wisconsin",Medio Oeste,166.4,199.806,-33.4059,-1.80923,-1.80996,0.00415,0.00068,-0.11678,0.05605,region[Medio Oeste],1,9057
"Grant County, Wisconsin",Medio Oeste,166.9,169.968,-3.06778,-0.16608,-0.16605,0.00328,0,-0.00953,0.0045,MedianAge,1,52250
"Green County, Wisconsin",Medio Oeste,158.4,163.753,-5.35322,-0.28976,-0.28971,0.00298,1e-05,-0.01585,0.0081,PctUnemployed16_Over:region[Medio Oeste],1,37186
"Seward County, Nebraska",Medio Oeste,152.3,155.313,-3.01348,-0.16326,-0.16324,0.00485,1e-05,-0.01139,0.00584,BirthRate,1,17110
"Sheridan County, Nebraska",Medio Oeste,169.9,142.429,27.4713,1.48996,1.49028,0.007,0.00078,0.12511,0.06076,PctUnemployed16_Over:region[Medio Oeste],1,5220
"Sherman County, Nebraska",Medio Oeste,187.4,155.742,31.6577,1.71825,1.71885,0.00843,0.00125,0.15848,0.10008,PctHS18_24,1,3091
"Stanton County, Nebraska",Medio Oeste,138.2,120.856,17.3438,0.94222,0.9422,0.01025,0.00046,0.09587,0.07534,incidenceRate,1,5937
"Thayer County, Nebraska",Medio Oeste,120.2,159.117,-38.9173,-2.10933,-2.11062,0.00566,0.00127,-0.15926,0.0784,PctUnemployed16_Over:region[Medio Oeste],1,5163
"Thurston County, Nebraska",Medio Oeste,215,203.507,11.4929,0.62518,0.62512,0.01286,0.00025,0.07135,0.03583,region[Medio Oeste],1,7064
"Valley County, Nebraska",Medio Oeste,156.3,150.33,5.97011,0.32382,0.32377,0.00711,4e-05,0.02739,0.01528,PctUnemployed16_Over:region[Medio Oeste],1,4154
"Washington County, Nebraska",Medio Oeste,159.2,144.64,14.5601,0.78995,0.7899,0.00764,0.00024,0.0693,0.03503,PctBachDeg25_Over:region[Medio Oeste],1,20248
"Wayne County, Nebraska",Medio Oeste,142.1,143.123,-1.02263,-0.05562,-0.05561,0.01251,0,-0.00626,0.00364,PctBachDeg25_Over:region[Medio Oeste],1,9367
"Webster County, Nebraska",Medio Oeste,162.7,180.273,-17.5726,-0.95136,-0.95134,0.0034,0.00015,-0.05555,0.02118,MedianAge,1,3625
"York County, Nebraska",Medio Oeste,164.7,145.895,18.8046,1.01875,1.01876,0.00475,0.00025,0.0704,0.02624,PctUnemployed16_Over:region[Medio Oeste],1,13806
"Belknap County, New Hampshire",Noreste,182.6,171.119,11.4813,0.62452,0.62445,0.01275,0.00025,0.07096,0.04883,PctUnemployed16_Over:region[Noreste],1,60641
"Carroll County, New Hampshire",Noreste,168.8,163.543,5.25683,0.28593,0.28588,0.01264,5e-05,0.03234,0.01554,PctUnemployed16_Over:region[Noreste],1,47285
"Cheshire County, New Hampshire",Noreste,162.8,166.582,-3.78175,-0.2053,-0.20527,0.00887,2e-05,-0.01942,0.00896,PctUnemployed16_Over:region[Noreste],1,75909
"Coos County, New Hampshire",Noreste,181.6,176.409,5.19079,0.28218,0.28213,0.01154,5e-05,0.03048,0.02251,region[Noreste],1,31212
"Grafton County, New Hampshire",Noreste,155,154.219,0.78127,0.04256,0.04255,0.01554,0,0.00535,0.00362,PctUnemployed16_Over:region[Noreste],1,89320
"Hillsborough County, New Hampshire",Noreste,163.2,162.047,1.15304,0.06273,0.06272,0.01318,0,0.00725,0.00387,PctBachDeg25_Over:region[Noreste],1,406678
"Merrimack County, New Hampshire",Noreste,173.1,166.128,6.97202,0.37957,0.37952,0.01449,0.00011,0.04601,0.02806,PctUnemployed16_Over:region[Noreste],1,147994
"Rockingham County, New Hampshire",Noreste,172.2,162.928,9.27153,0.50567,0.50561,0.01802,0.00023,0.06849,0.03995,PctBachDeg25_Over:region[Noreste],1,301777
"Strafford County, New Hampshire",Noreste,177.6,169.095,8.50503,0.46188,0.46181,0.00955,0.0001,0.04535,0.02185,PctBachDeg25_Over:region[Noreste],1,126825
"Sullivan County, New Hampshire",Noreste,171.9,169.419,2.48063,0.13475,0.13472,0.01003,1e-05,0.01356,0.00891,PctUnemployed16_Over:region[Noreste],1,42967
"Atlantic County, New Jersey",Noreste,179.5,178.484,1.01588,0.05622,0.05621,0.04639,1e-05,0.0124,0.01137,PctUnemployed16_Over:region[Noreste],1,274219
"Bergen County, New Jersey",Noreste,147.3,149.165,-1.86457,-0.10242,-0.1024,0.03193,2e-05,-0.0186,0.01464,PctBachDeg25_Over:region[Noreste],1,938506
"Burlington County, New Jersey",Noreste,171.6,170.964,0.63599,0.03467,0.03467,0.01716,0,0.00458,0.00319,PctBachDeg25_Over:region[Noreste],1,450226
"Camden County, New Jersey",Noreste,182.8,178.636,4.16389,0.22741,0.22737,0.02068,5e-05,0.03304,0.02526,PctUnemployed16_Over:region[Noreste],1,510923
"Cape May County, New Jersey",Noreste,193.1,184.943,8.15692,0.44539,0.44532,0.02025,0.0002,0.06402,0.04919,PctUnemployed16_Over:region[Noreste],1,94727
"Cumberland County, New Jersey",Noreste,189.6,185.357,4.24342,0.23261,0.23257,0.02788,8e-05,0.03938,0.02695,PctUnemployed16_Over:region[Noreste],1,155854
"Essex County, New Jersey",Noreste,161.8,166.742,-4.94155,-0.27552,-0.27548,0.06039,0.00024,-0.06984,0.06294,PctUnemployed16_Over:region[Noreste],1,797434
"Gloucester County, New Jersey",Noreste,193.5,177.883,15.6169,0.85024,0.8502,0.01452,0.00053,0.10321,0.06699,PctUnemployed16_Over:region[Noreste],1,291479
"Hudson County, New Jersey",Noreste,152.6,151.186,1.41422,0.07746,0.07745,0.02642,1e-05,0.01276,0.00768,PctBachDeg25_Over:region[Noreste],1,674836
"Hunterdon County, New Jersey",Noreste,145.1,151.879,-6.77914,-0.37235,-0.37229,0.03176,0.00023,-0.06743,0.05128,PctBachDeg25_Over:region[Noreste],1,125488
"Mercer County, New Jersey",Noreste,160.3,167.647,-7.34725,-0.4003,-0.40024,0.01593,0.00013,-0.05092,0.0348,PctUnemployed16_Over:region[Noreste],1,371398
"Middlesex County, New Jersey",Noreste,156.7,154.054,2.64606,0.14418,0.14416,0.0162,2e-05,0.0185,0.0136,PctBachDeg25_Over:region[Noreste],1,840900
"Monmouth County, New Jersey",Noreste,168.6,165.031,3.56903,0.19506,0.19503,0.02212,4e-05,0.02933,0.02297,PctBachDeg25_Over:region[Noreste],1,628715
"Morris County, New Jersey",Noreste,150.3,149.837,0.46265,0.02543,0.02543,0.03317,0,0.00471,0.00374,PctBachDeg25_Over:region[Noreste],1,499509
"Ocean County, New Jersey",Noreste,174.2,179.493,-5.2929,-0.28741,-0.28736,0.00934,4e-05,-0.0279,0.01628,PctUnemployed16_Over:region[Noreste],1,588721
"Passaic County, New Jersey",Noreste,159.1,162.27,-3.16974,-0.17244,-0.17241,0.01301,2e-05,-0.0198,0.00882,region[Noreste],1,510916
"Salem County, New Jersey",Noreste,194.8,183.401,11.3991,0.62232,0.62225,0.01994,0.00039,0.08875,0.07263,PctUnemployed16_Over:region[Noreste],1,64180
"Somerset County, New Jersey",Noreste,153.3,146.045,7.25476,0.39832,0.39826,0.031,0.00025,0.07123,0.0539,PctBachDeg25_Over:region[Noreste],1,333654
"Sussex County, New Jersey",Noreste,176.4,160.744,15.6558,0.85303,0.85298,0.01606,0.00059,0.10898,0.07584,PctBachDeg25_Over:region[Noreste],1,143673
"Union County, New Jersey",Noreste,155.6,156.806,-1.20623,-0.06584,-0.06583,0.01969,0,-0.00933,0.00594,PctUnemployed16_Over:region[Noreste],1,555786
"Warren County, New Jersey",Noreste,175.1,165.913,9.18734,0.49969,0.49962,0.01253,0.00016,0.05628,0.03533,PctUnemployed16_Over:region[Noreste],1,106869
"Bernalillo County, New Mexico",Oeste,147.1,150.608,-3.50821,-0.19033,-0.1903,0.00761,1e-05,-0.01667,0.01094,PctOtherRace,1,676685
"Catron County, New Mexico",Oeste,164.7,138.632,26.0683,1.42025,1.42051,0.01591,0.00163,0.18063,0.10037,MedianAge,1,3456
"Chaves County, New Mexico",Oeste,164.5,156.241,8.25852,0.4484,0.44833,0.00913,9e-05,0.04304,0.01963,PctOtherRace,1,65764
"Cibola County, New Mexico",Oeste,146.5,167.751,-21.2513,-1.15783,-1.1579,0.01595,0.00109,-0.14742,0.0753,PctUnemployed16_Over:region[Oeste],1,27329
"Colfax County, New Mexico",Oeste,139.9,153.056,-13.156,-0.71364,-0.71358,0.00728,0.00019,-0.0611,0.03062,PctOtherRace,1,12414
"Curry County, New Mexico",Oeste,143.8,145.116,-1.31578,-0.07152,-0.0715,0.01126,0,-0.00763,0.00476,PctOtherRace,1,50398
"De Baca County, New Mexico",Oeste,243.6,158.685,84.9151,4.73373,4.7518,0.06005,0.07158,1.2011,0.79524,AvgHouseholdSize,1,1828
"Doña Ana County, New Mexico",Oeste,150.8,156.855,-6.05484,-0.32857,-0.32852,0.00808,4e-05,-0.02965,0.01326,PctUnemployed16_Over:region[Oeste],1,214295
"Eddy County, New Mexico",Oeste,170.8,161.949,8.85098,0.48035,0.48028,0.00823,0.0001,0.04376,0.02762,region[Oeste],1,57578
"Grant County, New Mexico",Oeste,159.4,155.975,3.42534,0.18572,0.18569,0.00637,1e-05,0.01487,0.0068,region[Oeste],1,28609
"Guadalupe County, New Mexico",Oeste,142.8,149.515,-6.71464,-0.36898,-0.36893,0.03267,0.00023,-0.0678,0.04678,PctUnemployed16_Over:region[Oeste],1,4371
"Hidalgo County, New Mexico",Oeste,166.3,170.971,-4.67066,-0.25387,-0.25383,0.01131,4e-05,-0.02715,0.01167,region[Oeste],1,4423
"Lea County, New Mexico",Oeste,166.2,155.984,10.2162,0.55569,0.55562,0.01269,0.0002,0.06298,0.03585,region[Oeste],1,71180
"Lincoln County, New Mexico",Oeste,123.4,139.717,-16.317,-0.88665,-0.88661,0.01072,0.00043,-0.0923,0.04113,PctPublicCoverageAlone,1,19420
"Los Alamos County, New Mexico",Oeste,114.5,125.594,-11.094,-0.6043,-0.60423,0.01552,0.00029,-0.07585,0.04094,PctHS25_Over,1,17785
"Luna County, New Mexico",Oeste,181.8,184.809,-3.00934,-0.16376,-0.16373,0.0136,2e-05,-0.01923,0.00795,region[Oeste],1,24518
"McKinley County, New Mexico",Oeste,137.7,158.646,-20.9458,-1.14819,-1.14826,0.02792,0.00189,-0.19461,0.11074,AvgHouseholdSize,1,76708
"Mora County, New Mexico",Oeste,134.3,153.885,-19.5853,-1.09779,-1.09783,0.07027,0.00455,-0.30181,0.20388,PctOtherRace,1,4596
"Otero County, New Mexico",Oeste,161.1,166.969,-5.86904,-0.31869,-0.31864,0.00934,5e-05,-0.03094,0.01476,region[Oeste],1,64362
"Quay County, New Mexico",Oeste,190.6,170.212,20.3877,1.10885,1.10889,0.01251,0.00078,0.1248,0.07686,region[Oeste],1,8455
"Rio Arriba County, New Mexico",Oeste,155.5,145.127,10.3731,0.56446,0.5644,0.01353,0.00022,0.06611,0.0462,PctOtherRace,1,39465
"Roosevelt County, New Mexico",Oeste,163.5,147.723,15.7773,0.85932,0.85928,0.01534,0.00058,0.10724,0.06703,PctOtherRace,1,19120
"Sandoval County, New Mexico",Oeste,135.7,146.342,-10.6421,-0.57634,-0.57627,0.00404,7e-05,-0.0367,0.01595,PctOtherRace,1,139394
"San Juan County, New Mexico",Oeste,136.7,156.302,-19.6024,-1.06334,-1.06337,0.00732,0.00042,-0.09132,0.06022,region[Oeste],1,118737
"San Miguel County, New Mexico",Oeste,158.2,136.706,21.4937,1.19109,1.19118,0.0488,0.00364,0.26979,0.23926,PctOtherRace,1,27967
"Santa Fe County, New Mexico",Oeste,126.1,137.471,-11.3712,-0.61654,-0.61647,0.00635,0.00012,-0.04928,0.01938,PctOtherRace,1,148686
"Sierra County, New Mexico",Oeste,190.3,167.966,22.3341,1.2133,1.2134,0.01022,0.00076,0.12333,0.05434,MedianAge,1,11282
"Socorro County, New Mexico",Oeste,167.8,162.434,5.36574,0.29223,0.29218,0.01519,7e-05,0.03629,0.02331,AvgHouseholdSize,1,17256
"Taos County, New Mexico",Oeste,135.2,137.464,-2.26391,-0.12325,-0.12323,0.01451,1e-05,-0.01495,0.01056,PctOtherRace,1,32907
"Torrance County, New Mexico",Oeste,164.3,202.809,-38.5089,-2.09572,-2.09698,0.01373,0.00306,-0.24739,0.13119,PctPublicCoverageAlone,1,15485
"Union County, New Mexico",Oeste,151.6,146.14,5.46009,0.29904,0.29899,0.02618,0.00012,0.04903,0.03035,PctUnemployed16_Over:region[Oeste],1,4201
"Valencia County, New Mexico",Oeste,163.1,161.021,2.07867,0.113,0.11298,0.01157,1e-05,0.01223,0.00785,PctOtherRace,1,75737
"Albany County, New York",Noreste,176.1,171.373,4.72664,0.25663,0.25659,0.00909,3e-05,0.02457,0.00851,PctBachDeg25_Over:region[Noreste],1,309381
"Allegany County, New York",Noreste,177.2,183.087,-5.88702,-0.32074,-0.32069,0.01593,8e-05,-0.04081,0.03176,region[Noreste],1,47462
"Bronx County, New York",Noreste,162,167.881,-5.88052,-0.33525,-0.3352,0.10128,0.00063,-0.11253,0.07303,PctUnemployed16_Over:region[Noreste],1,1.45544e+06
"Broome County, New York",Noreste,163.6,178.705,-15.1051,-0.81896,-0.81891,0.00629,0.00021,-0.06514,0.05368,region[Noreste],1,196567
"Cattaraugus County, New York",Noreste,167.9,185.932,-18.0319,-0.98002,-0.98002,0.01111,0.00054,-0.1039,0.08719,region[Noreste],1,77922
"Cayuga County, New York",Noreste,158.6,169.711,-11.1109,-0.60319,-0.60312,0.00887,0.00016,-0.05704,0.04794,region[Noreste],1,78288
"Chautauqua County, New York",Noreste,173.2,189.947,-16.7473,-0.91023,-0.9102,0.01116,0.00047,-0.09672,0.07571,region[Noreste],1,130779
"Chemung County, New York",Noreste,183.8,181.939,1.86053,0.10144,0.10142,0.01737,1e-05,0.01348,0.00957,PctUnemployed16_Over:region[Noreste],1,87071
"Chenango County, New York",Noreste,180.3,182.778,-2.47754,-0.13491,-0.13489,0.01489,1e-05,-0.01658,0.0126,region[Noreste],1,48844
"Henry County, Virginia",Sur,194.2,191.131,3.06883,0.16613,0.1661,0.00327,0,0.00951,0.00636,PctBachDeg25_Over,1,51881
"Highland County, Virginia",Sur,111.3,140.657,-29.3573,-1.6002,-1.60065,0.01685,0.00219,-0.20953,0.10849,BirthRate,1,2214
"Isle of Wight County, Virginia",Sur,200.6,171.92,28.6798,1.55267,1.55306,0.00337,0.00041,0.09027,0.04575,const,1,36314
"James City County, Virginia",Sur,149,149.044,-0.0445,-0.00241,-0.00241,0.00826,0,-0.00022,0.00013,PctBachDeg25_Over,1,73147
"King and Queen County, Virginia",Sur,180.3,169.987,10.3126,0.55873,0.55866,0.00487,8e-05,0.03908,0.02359,BirthRate,1,7158
"King George County, Virginia",Sur,195.7,174.852,20.848,1.12996,1.13002,0.00565,0.00036,0.08518,0.03634,const,1,25515
"King William County, Virginia",Sur,187.4,192.488,-5.0881,-0.2755,-0.27546,0.00367,1e-05,-0.01672,0.00985,const,1,16269
"Lancaster County, Virginia",Sur,190.6,175.661,14.9394,0.80975,0.8097,0.00572,0.00019,0.06139,0.03554,MedianAge,1,10965
"Lee County, Virginia",Sur,224.2,171.826,52.3741,2.83847,2.84203,0.0055,0.00223,0.21141,0.12069,incidenceRate,1,24742
"Loudoun County, Virginia",Sur,136.5,117.817,18.6829,1.0195,1.01951,0.01904,0.00101,0.14203,0.09609,PctBachDeg25_Over,1,375629
"Louisa County, Virginia",Sur,191,182.735,8.26515,0.44734,0.44727,0.00282,3e-05,0.02379,0.01189,PctHS18_24,1,34602
"Lunenburg County, Virginia",Sur,189.8,180.272,9.52786,0.51583,0.51577,0.00342,5e-05,0.03023,0.01651,PctBachDeg25_Over,1,12299
"Madison County, Virginia",Sur,169.8,179.553,-9.75307,-0.52779,-0.52772,0.00253,4e-05,-0.02655,0.01971,const,1,13134
"Mathews County, Virginia",Sur,157.1,171.99,-14.8903,-0.80773,-0.80768,0.0073,0.00024,-0.06924,0.02922,PctHS18_24,1,8862
"Mecklenburg County, Virginia",Sur,213.7,185.667,28.0331,1.51753,1.51788,0.0032,0.00037,0.08602,0.05366,PctHS25_Over,1,31081
"Middlesex County, Virginia",Sur,206.9,181.848,25.0518,1.35891,1.35911,0.00726,0.00068,0.11626,0.08078,MedianAge,1,10606
"Montgomery County, Virginia",Sur,153.3,156.129,-2.82866,-0.15368,-0.15365,0.0104,1e-05,-0.01575,0.0086,MedianAge,1,97653
"Nelson County, Virginia",Sur,194.3,192.926,1.37369,0.07441,0.07439,0.0044,0,0.00494,0.00249,const,1,14785
"New Kent County, Virginia",Sur,201.4,171.666,29.7336,1.61037,1.61083,0.00418,0.00054,0.10431,0.05605,PctPublicCoverageAlone,1,20392
"Northampton County, Virginia",Sur,227.1,199.031,28.0689,1.51952,1.51987,0.00327,0.00038,0.08699,0.04809,const,1,12155
"Northumberland County, Virginia",Sur,190.5,174.099,16.401,0.88994,0.8899,0.00789,0.00031,0.07937,0.03722,MedianAge,1,12232
"Nottoway County, Virginia",Sur,201.5,205.251,-3.75081,-0.2029,-0.20287,0.00182,0,-0.00867,0.00464,const,1,15673
"Orange County, Virginia",Sur,177.3,191.037,-13.7373,-0.74385,-0.74379,0.00374,0.0001,-0.04558,0.02372,BirthRate,1,35385
"Page County, Virginia",Sur,199.2,188.362,10.8385,0.58649,0.58642,0.00239,4e-05,0.02872,0.01607,PctPublicCoverageAlone,1,23726
"Patrick County, Virginia",Sur,178.3,172.204,6.09632,0.3303,0.33025,0.00493,3e-05,0.02324,0.01348,incidenceRate,1,18045
"Pittsylvania County, Virginia",Sur,176.8,179.179,-2.37873,-0.12874,-0.12872,0.00273,0,-0.00673,0.00374,PctBachDeg25_Over,1,62194
"Powhatan County, Virginia",Sur,175.1,166.091,9.00923,0.48824,0.48818,0.00541,6e-05,0.03601,0.01818,const,1,28031
"Prince Edward County, Virginia",Sur,188.8,179.088,9.71216,0.52627,0.5262,0.00516,7e-05,0.03788,0.02034,MedianAge,1,22952
"Prince George County, Virginia",Sur,172.1,169.579,2.52135,0.13668,0.13666,0.00596,1e-05,0.01058,0.00744,PctPublicCoverageAlone,1,37862
"Prince William County, Virginia",Sur,150.1,139.324,10.7765,0.58467,0.58461,0.00765,0.00013,0.05133,0.02322,AvgHouseholdSize,1,451721
"Pulaski County, Virginia",Sur,185.8,172.915,12.8849,0.69737,0.69731,0.00283,7e-05,0.03715,0.02144,const,1,34332
"Rappahannock County, Virginia",Sur,149.6,158.884,-9.28396,-0.50363,-0.50356,0.00738,9e-05,-0.04342,0.02046,const,1,7378
"Richmond County, Virginia",Sur,176.2,187.312,-11.1122,-0.60185,-0.60178,0.00422,8e-05,-0.03919,0.02338,BirthRate,1,8908
"Roanoke County, Virginia",Sur,155.9,156.794,-0.89354,-0.04842,-0.04842,0.0054,0,-0.00357,0.00216,const,1,94409
"Rockbridge County, Virginia",Sur,159.2,158.027,1.17266,0.06354,0.06353,0.00498,0,0.00449,0.0024,const,1,22354
"Rockingham County, Virginia",Sur,156.1,169.072,-12.9722,-0.702,-0.70193,0.00254,6e-05,-0.03543,0.0235,const,1,78593
"Russell County, Virginia",Sur,212,179.48,32.5201,1.76055,1.76121,0.00334,0.00052,0.10202,0.05498,incidenceRate,1,27891
"Scott County, Virginia",Sur,196.1,172.104,23.9959,1.30048,1.30064,0.00549,0.00047,0.09666,0.06241,incidenceRate,1,22126
"Shenandoah County, Virginia",Sur,171.4,174.446,-3.04643,-0.16487,-0.16484,0.00271,0,-0.00859,0.00611,const,1,43190
"Smyth County, Virginia",Sur,202.4,184.695,17.7047,0.95827,0.95825,0.00289,0.00013,0.05162,0.02822,PctUnemployed16_Over,1,31470
"Southampton County, Virginia",Sur,181.8,172.734,9.06608,0.49084,0.49078,0.00347,4e-05,0.02896,0.01481,PctBachDeg25_Over,1,18109
"Spotsylvania County, Virginia",Sur,172.5,166.35,6.15019,0.33309,0.33304,0.00415,2e-05,0.02149,0.01137,const,1,130475
"Stafford County, Virginia",Sur,175.6,155.537,20.0626,1.08789,1.08793,0.00656,0.00039,0.08842,0.03804,const,1,142003
"Surry County, Virginia",Sur,182.2,172.514,9.68593,0.52458,0.52451,0.00414,6e-05,0.03381,0.01736,MedianAge,1,6709
"Sussex County, Virginia",Sur,208.4,215.701,-7.3013,-0.39604,-0.39598,0.00722,6e-05,-0.03376,0.02314,AvgHouseholdSize,1,11715
"Tazewell County, Virginia",Sur,208.1,182.666,25.4342,1.37663,1.37685,0.00289,0.00028,0.07418,0.0387,incidenceRate,1,42899
"Warren County, Virginia",Sur,202.5,174.378,28.122,1.52175,1.52211,0.00243,0.00028,0.07512,0.04971,const,1,39083
"Washington County, Virginia",Sur,176.7,175.642,1.05763,0.05721,0.0572,0.00175,0,0.0024,0.00192,const,1,54591
"Westmoreland County, Virginia",Sur,179.9,183.365,-3.46534,-0.18752,-0.18748,0.00241,0,-0.00922,0.0049,PctPublicCoverageAlone,1,17629
"Wise County, Virginia",Sur,223.4,180.805,42.5947,2.3066,2.30837,0.00389,0.00104,0.14428,0.08451,incidenceRate,1,39718
"Wythe County, Virginia",Sur,175.9,188.404,-12.5038,-0.67664,-0.67658,0.00251,6e-05,-0.03397,0.01721,BirthRate,1,29119
"York County, Virginia",Sur,152.3,145.249,7.05052,0.38243,0.38237,0.00717,5e-05,0.0325,0.01352,const,1,67837
"Alexandria city, Virginia",Sur,135.4,127.682,7.71777,0.42039,0.42033,0.01551,0.00014,0.05276,0.02315,PctBachDeg25_Over:region[Medio Oeste],1,153511
"Bristol city, Virginia",Sur,226.6,157.919,68.6806,3.73105,3.73963,0.0102,0.00718,0.3797,0.29104,incidenceRate,1,17141
"Buena Vista city, Virginia",Sur,240.8,224.928,15.8723,0.86277,0.86273,0.01139,0.00043,0.09259,0.05751,BirthRate,1,6618
"Charlottesville city, Virginia",Sur,178.2,221.307,-43.1065,-2.34958,-2.35147,0.01679,0.00471,-0.30733,0.2096,incidenceRate,1,46597
"Chesapeake city, Virginia",Sur,182.2,172.158,10.0424,0.54355,0.54348,0.00292,4e-05,0.0294,0.01696,const,1,235429
"Colonial Heights city, Virginia",Sur,159.3,191.292,-31.9918,-1.73188,-1.7325,0.00327,0.00049,-0.09918,0.0612,PctPublicCoverageAlone,1,17820
"Danville city, Virginia",Sur,207.4,212.083,-4.68295,-0.25375,-0.2537,0.00511,2e-05,-0.01818,0.00899,PctHS25_Over,1,42082
"Falls Church city, Virginia",Sur,137.6,133.591,4.00854,0.21846,0.21843,0.01656,4e-05,0.02835,0.0144,PctBachDeg25_Over:region[Medio Oeste],1,13892
"Franklin city, Virginia",Sur,221.7,188.039,33.6613,1.82369,1.82444,0.00483,0.00081,0.12708,0.0747,PctUnemployed16_Over,1,8490
"Fredericksburg city, Virginia",Sur,180.3,197.094,-16.7936,-0.9113,-0.91127,0.00802,0.00034,-0.08195,0.04014,MedianAge,1,28118
"Hampton city, Virginia",Sur,190.3,189.818,0.4821,0.02609,0.02609,0.00269,0,0.00136,0.00064,const,1,136454
"Harrisonburg city, Virginia",Sur,150.5,200.314,-49.8141,-2.70734,-2.71039,0.01109,0.00411,-0.28704,0.15327,MedianAge,1,52538
"Hopewell city, Virginia",Sur,244.9,215.307,29.5933,1.60262,1.60307,0.00399,0.00051,0.1015,0.04915,incidenceRate,1,22378
"Lynchburg city, Virginia",Sur,194.5,188.935,5.56493,0.30182,0.30177,0.00699,3e-05,0.02532,0.01671,MedianAge,1,79812
"Manassas city, Virginia",Sur,155.2,144.924,10.2761,0.55723,0.55716,0.00658,0.0001,0.04533,0.02732,AvgHouseholdSize,1,41764
"Newport News city, Virginia",Sur,191.9,185.81,6.09,0.32964,0.32959,0.003,2e-05,0.01809,0.01168,MedianAge,1,182385
"Norfolk city, Virginia",Sur,193.6,193.211,0.38851,0.02105,0.02104,0.00451,0,0.00142,0.00095,MedianAge,1,246393
"Norton city, Virginia",Sur,197.3,188.271,9.02937,0.48976,0.48969,0.00714,9e-05,0.04152,0.02771,PctHS25_Over,1,3939
"Petersburg city, Virginia",Sur,224.4,239.399,-14.9993,-0.81356,-0.81351,0.00711,0.00024,-0.06882,0.05256,incidenceRate,1,32477
"Poquoson city, Virginia",Sur,159.2,155.132,4.06768,0.22047,0.22043,0.00567,1e-05,0.01664,0.01005,const,1,12059
"Portsmouth city, Virginia",Sur,218.1,196.322,21.7779,1.17874,1.17882,0.00291,0.0002,0.06366,0.02997,MedianAge,1,96201
"Radford city, Virginia",Sur,193.1,182.123,10.9767,0.5969,0.59683,0.01218,0.00022,0.06627,0.04721,MedianAge,1,17403
"Richmond city, Virginia",Sur,200.2,184.401,15.7989,0.85703,0.85699,0.00734,0.00027,0.07368,0.03993,PctBachDeg25_Over,1,220289
"Roanoke city, Virginia",Sur,201.2,202.193,-0.99264,-0.05374,-0.05374,0.00358,0,-0.00322,0.00184,AvgHouseholdSize,1,99897
"Salem city, Virginia",Sur,186.6,185.585,1.01458,0.05495,0.05494,0.00412,0,0.00353,0.00225,const,1,25432
"Staunton city, Virginia",Sur,176.1,194.266,-18.1656,-0.98397,-0.98396,0.00442,0.00021,-0.06553,0.03987,const,1,24416
"Suffolk city, Virginia",Sur,199.3,179.894,19.406,1.05002,1.05003,0.00226,0.00012,0.04994,0.02858,const,1,88161
"Virginia Beach city, Virginia",Sur,168.1,161.138,6.96242,0.3772,0.37714,0.00478,3e-05,0.02613,0.01435,const,1,452745
"Waynesboro city, Virginia",Sur,210.5,221.644,-11.1443,-0.60452,-0.60445,0.0073,0.00013,-0.05183,0.03079,incidenceRate,1,21491
"Williamsburg city, Virginia",Sur,162.1,270.455,-108.355,-6.01243,-6.05027,0.05128,0.09769,-1.40658,1.17435,incidenceRate,1,15052
"Winchester city, Virginia",Sur,192.8,169.347,23.4533,1.26914,1.26928,0.00247,0.0002,0.06312,0.04369,const,1,27284
"Adams County, Washington",Oeste,135.7,143.001,-7.30096,-0.39952,-0.39946,0.0245,0.0002,-0.0633,0.04736,PctOtherRace,1,19254
"Asotin County, Washington",Oeste,188.3,158.043,30.2567,1.63987,1.64036,0.0056,0.00076,0.12309,0.07973,region[Oeste],1,22105
"Benton County, Washington",Oeste,163.9,157.332,6.56783,0.35593,0.35587,0.00537,3e-05,0.02614,0.01394,PctOtherRace,1,190309
"Chelan County, Washington",Oeste,154.7,161.733,-7.03307,-0.38078,-0.38072,0.0035,3e-05,-0.02257,0.01749,region[Oeste],1,75644
"Clallam County, Washington",Oeste,181.3,169.839,11.4614,0.62126,0.62119,0.0058,0.00011,0.04745,0.02403,region[Oeste],1,73486
"Clark County, Washington",Oeste,178.2,155.212,22.988,1.2444,1.24452,0.00317,0.00025,0.07015,0.04031,region[Oeste],1,459495
"Columbia County, Washington",Oeste,194.4,169.779,24.6205,1.33488,1.33506,0.00631,0.00057,0.10636,0.04119,region[Oeste],1,3944
"Cowlitz County, Washington",Oeste,184.1,177.107,6.99297,0.37913,0.37907,0.00624,5e-05,0.03004,0.02114,region[Oeste],1,103468
"Douglas County, Washington",Oeste,157.4,163.14,-5.73976,-0.31279,-0.31274,0.01637,8e-05,-0.04035,0.03068,PctOtherRace,1,40534
"Ferry County, Washington",Oeste,161.1,156.485,4.61538,0.2506,0.25056,0.00919,3e-05,0.02413,0.01089,region[Oeste],1,7582
"Franklin County, Washington",Oeste,163.5,155.694,7.80624,0.42585,0.42579,0.01847,0.00017,0.05841,0.03723,PctOtherRace,1,88807
"Garfield County, Washington",Oeste,115,128.151,-13.1506,-0.71594,-0.71588,0.01446,0.00038,-0.0867,0.06023,BirthRate,1,2219
"Grant County, Washington",Oeste,173.1,159.389,13.7113,0.7468,0.74674,0.01534,0.00043,0.09319,0.07065,PctOtherRace,1,93259
"Grays Harbor County, Washington",Oeste,194.6,189.818,4.78236,0.26007,0.26002,0.01225,4e-05,0.02895,0.01768,PctUnemployed16_Over:region[Oeste],1,71122
"Island County, Washington",Oeste,143.5,158.053,-14.5532,-0.78926,-0.78921,0.00686,0.00022,-0.06561,0.02911,PctBachDeg25_Over:region[Oeste],1,80593
"Jefferson County, Washington",Oeste,154.9,156.335,-1.43493,-0.078,-0.07798,0.01139,0,-0.00837,0.00466,MedianAge,1,30466
"King County, Washington",Oeste,152.7,143.689,9.01058,0.49068,0.49061,0.01496,0.00018,0.06047,0.04324,PctBachDeg25_Over:region[Oeste],1,2.11712e+06
"Chippewa County, Michigan",Medio Oeste,170.7,185.721,-15.0209,-0.81389,-0.81384,0.00504,0.00017,-0.05793,0.0371,PctUnemployed16_Over:region[Medio Oeste],1,38033
"Clare County, Michigan",Medio Oeste,203.8,204.982,-1.18152,-0.0641,-0.06409,0.00752,0,-0.00558,0.00312,PctUnemployed16_Over:region[Medio Oeste],1,30553
"Clinton County, Michigan",Medio Oeste,149.1,141.054,8.04611,0.43615,0.43609,0.00588,6e-05,0.03353,0.01753,PctBachDeg25_Over:region[Medio Oeste],1,77390
"Crawford County, Michigan",Medio Oeste,178.6,184.504,-5.90418,-0.32019,-0.32014,0.00678,4e-05,-0.02646,0.0144,region[Medio Oeste],1,13801
"Delta County, Michigan",Medio Oeste,178.5,169.503,8.99684,0.48718,0.48711,0.0038,5e-05,0.03008,0.01417,region[Medio Oeste],1,36377
"Dickinson County, Michigan",Medio Oeste,172.2,158.987,13.2132,0.71536,0.7153,0.00345,9e-05,0.04206,0.02311,incidenceRate,1,25788
"Eaton County, Michigan",Medio Oeste,178.6,164.376,14.2241,0.76997,0.76991,0.00312,9e-05,0.04305,0.02507,region[Medio Oeste],1,108801
"Emmet County, Michigan",Medio Oeste,168,177.731,-9.73059,-0.52773,-0.52766,0.00688,0.0001,-0.04393,0.02756,PctBachDeg25_Over:region[Medio Oeste],1,33161
"Genesee County, Michigan",Medio Oeste,192.1,209.382,-17.2819,-0.93748,-0.93746,0.00734,0.00032,-0.08061,0.05382,PctUnemployed16_Over:region[Medio Oeste],1,410849
"Gladwin County, Michigan",Medio Oeste,196.5,196.943,-0.44333,-0.02403,-0.02402,0.00566,0,-0.00181,0.0008,region[Medio Oeste],1,25164
"Gogebic County, Michigan",Medio Oeste,195.2,165.078,30.1216,1.63329,1.63378,0.0065,0.00087,0.13219,0.08197,incidenceRate,1,15431
"Grand Traverse County, Michigan",Medio Oeste,151.8,179.988,-28.1876,-1.527,-1.52736,0.00465,0.00054,-0.10438,0.05585,PctBachDeg25_Over:region[Medio Oeste],1,91636
"Gratiot County, Michigan",Medio Oeste,168.3,191.88,-23.5797,-1.27678,-1.27693,0.00372,0.0003,-0.07803,0.03849,region[Medio Oeste],1,41540
"Hillsdale County, Michigan",Medio Oeste,187.5,175.427,12.0733,0.65355,0.65349,0.00315,7e-05,0.03675,0.01601,region[Medio Oeste],1,45941
"Houghton County, Michigan",Medio Oeste,155.4,161.458,-6.0583,-0.32851,-0.32846,0.00656,4e-05,-0.02669,0.01242,PctBachDeg25_Over:region[Medio Oeste],1,36380
"Huron County, Michigan",Medio Oeste,181.6,183.295,-1.69539,-0.09176,-0.09174,0.00276,0,-0.00483,0.00169,region[Medio Oeste],1,31883
"Ingham County, Michigan",Medio Oeste,165.5,186.391,-20.891,-1.13427,-1.13432,0.00911,0.00059,-0.10874,0.05844,PctBachDeg25_Over:region[Medio Oeste],1,286085
"Ionia County, Michigan",Medio Oeste,173,183.13,-10.13,-0.54849,-0.54842,0.00361,5e-05,-0.03303,0.02039,region[Medio Oeste],1,64223
"Iosco County, Michigan",Medio Oeste,193.4,184.348,9.05184,0.49101,0.49095,0.00727,9e-05,0.04202,0.0226,PctUnemployed16_Over:region[Medio Oeste],1,25345
"Iron County, Michigan",Medio Oeste,167.6,163.648,3.95159,0.21438,0.21434,0.00751,2e-05,0.01865,0.00844,incidenceRate,1,11348
"Isabella County, Michigan",Medio Oeste,180.1,186.016,-5.9162,-0.32143,-0.32138,0.01041,5e-05,-0.03297,0.01695,MedianAge,1,70698
"Jackson County, Michigan",Medio Oeste,193.8,189.939,3.86105,0.20902,0.20898,0.00325,1e-05,0.01193,0.00745,region[Medio Oeste],1,159494
"Kalamazoo County, Michigan",Medio Oeste,171,174.909,-3.90903,-0.21214,-0.2121,0.00816,2e-05,-0.01923,0.0122,PctBachDeg25_Over:region[Medio Oeste],1,260263
"Kalkaska County, Michigan",Medio Oeste,200.7,199.763,0.93705,0.05074,0.05073,0.00383,0,0.00315,0.00171,region[Medio Oeste],1,17260
"Kent County, Michigan",Medio Oeste,160.2,171.916,-11.7161,-0.63543,-0.63537,0.00697,0.00014,-0.05324,0.03626,PctBachDeg25_Over:region[Medio Oeste],1,636369
"Keweenaw County, Michigan",Medio Oeste,113.5,152.088,-38.5876,-2.0927,-2.09395,0.00684,0.00151,-0.17375,0.08922,MedianAge,1,2168
"Lake County, Michigan",Medio Oeste,213.1,189.493,23.6066,1.28341,1.28356,0.01173,0.00098,0.13985,0.06356,MedianAge,1,11424
"Lapeer County, Michigan",Medio Oeste,186.7,187.148,-0.44782,-0.02427,-0.02426,0.00508,0,-0.00173,0.00092,PctPublicCoverageAlone,1,88373
"Leelanau County, Michigan",Medio Oeste,132.5,138.502,-6.00163,-0.32647,-0.32642,0.01283,7e-05,-0.03721,0.02196,PctBachDeg25_Over:region[Medio Oeste],1,21981
"Lenawee County, Michigan",Medio Oeste,177.6,176.902,0.69774,0.03775,0.03774,0.00201,0,0.00169,0.0011,region[Medio Oeste],1,98573
"Livingston County, Michigan",Medio Oeste,162.7,151.484,11.2159,0.60859,0.60852,0.00789,0.00015,0.05426,0.03603,PctBachDeg25_Over:region[Medio Oeste],1,187316
"Luce County, Michigan",Medio Oeste,175.3,189.677,-14.3768,-0.77993,-0.77987,0.00744,0.00023,-0.06753,0.02921,incidenceRate,1,6415
"Mackinac County, Michigan",Medio Oeste,160.3,183.296,-22.9964,-1.24865,-1.24877,0.00921,0.00073,-0.12043,0.07226,PctUnemployed16_Over:region[Medio Oeste],1,10890
"Macomb County, Michigan",Medio Oeste,177.8,185.643,-7.8433,-0.42471,-0.42465,0.00381,3e-05,-0.02626,0.0154,region[Medio Oeste],1,864840
"Manistee County, Michigan",Medio Oeste,180,198.206,-18.206,-0.98675,-0.98675,0.00562,0.00028,-0.0742,0.04366,PctUnemployed16_Over:region[Medio Oeste],1,24461
"Marquette County, Michigan",Medio Oeste,168.7,168.901,-0.20134,-0.01091,-0.01091,0.00554,0,-0.00081,0.00049,PctBachDeg25_Over:region[Medio Oeste],1,67215
"Mason County, Michigan",Medio Oeste,190.2,168.061,22.139,1.19985,1.19994,0.00551,0.0004,0.08931,0.04603,PctUnemployed16_Over:region[Medio Oeste],1,28783
"Mecosta County, Michigan",Medio Oeste,177.2,188.127,-10.9275,-0.59257,-0.5925,0.00665,0.00012,-0.04849,0.03163,PctUnemployed16_Over:region[Medio Oeste],1,43067
"Menominee County, Michigan",Medio Oeste,185,162.298,22.7015,1.23039,1.2305,0.0056,0.00043,0.09234,0.06668,incidenceRate,1,23548
"Midland County, Michigan",Medio Oeste,154.4,168.478,-14.0777,-0.76292,-0.76287,0.00543,0.00016,-0.05635,0.03709,PctBachDeg25_Over:region[Medio Oeste],1,83632
"Missaukee County, Michigan",Medio Oeste,190.2,193.268,-3.06777,-0.16621,-0.16618,0.00483,1e-05,-0.01158,0.00655,region[Medio Oeste],1,14903
"Monroe County, Michigan",Medio Oeste,182.8,162.5,20.3002,1.09887,1.09892,0.00312,0.00019,0.06148,0.03141,region[Medio Oeste],1,149568
"Montcalm County, Michigan",Medio Oeste,184.5,199.622,-15.1215,-0.81914,-0.81909,0.00457,0.00015,-0.05548,0.03305,region[Medio Oeste],1,62945
"Montmorency County, Michigan",Medio Oeste,207.6,203.043,4.55689,0.24859,0.24855,0.01847,6e-05,0.0341,0.02001,PctUnemployed16_Over:region[Medio Oeste],1,9259
"Muskegon County, Michigan",Medio Oeste,189.2,203.607,-14.4067,-0.7806,-0.78054,0.00502,0.00015,-0.05546,0.03521,region[Medio Oeste],1,172790
"Newaygo County, Michigan",Medio Oeste,197,181.905,15.095,0.81727,0.81722,0.0035,0.00012,0.0484,0.02819,region[Medio Oeste],1,47948
"Oakland County, Michigan",Medio Oeste,159.6,165.191,-5.59126,-0.30415,-0.3041,0.01283,6e-05,-0.03467,0.02585,PctBachDeg25_Over:region[Medio Oeste],1,1.2423e+06
"Oceana County, Michigan",Medio Oeste,153.3,170.208,-16.9075,-0.91546,-0.91543,0.00363,0.00015,-0.05526,0.03516,region[Medio Oeste],1,26105
"Ogemaw County, Michigan",Medio Oeste,177,187.373,-10.3733,-0.56295,-0.56288,0.00817,0.00013,-0.05109,0.02632,PctUnemployed16_Over:region[Medio Oeste],1,20937
"Ontonagon County, Michigan",Medio Oeste,171.1,177.866,-6.76621,-0.36855,-0.36849,0.01544,0.00011,-0.04615,0.02614,PctUnemployed16_Over:region[Medio Oeste],1,6007
"Osceola County, Michigan",Medio Oeste,193.7,212.075,-18.3752,-0.99549,-0.99549,0.00476,0.00024,-0.06882,0.03305,region[Medio Oeste],1,23058
"Oscoda County, Michigan",Medio Oeste,199.5,184.544,14.9558,0.81272,0.81267,0.01081,0.00036,0.08494,0.04309,PctUnemployed16_Over:region[Medio Oeste],1,8251
"Otsego County, Michigan",Medio Oeste,194.7,184.336,10.3643,0.56084,0.56078,0.00245,4e-05,0.02782,0.01878,region[Medio Oeste],1,24253
"Ottawa County, Michigan",Medio Oeste,142.2,152.092,-9.89206,-0.53615,-0.53608,0.00565,8e-05,-0.0404,0.02577,PctBachDeg25_Over:region[Medio Oeste],1,279955
"Presque Isle County, Michigan",Medio Oeste,171.8,180.389,-8.58855,-0.46701,-0.46695,0.01209,0.00013,-0.05166,0.02926,PctUnemployed16_Over:region[Medio Oeste],1,12841
"Roscommon County, Michigan",Medio Oeste,201.8,204.474,-2.67395,-0.14546,-0.14544,0.01292,1e-05,-0.01664,0.01026,PctUnemployed16_Over:region[Medio Oeste],1,23898
"Saginaw County, Michigan",Medio Oeste,175.3,191.809,-16.5085,-0.89418,-0.89415,0.00436,0.00018,-0.05917,0.03907,PctUnemployed16_Over:region[Medio Oeste],1,193307
"St. Clair County, Michigan",Medio Oeste,189.5,192.427,-2.92664,-0.1585,-0.15848,0.00413,1e-05,-0.0102,0.00609,region[Medio Oeste],1,159875
"St. Joseph County, Michigan",Medio Oeste,178.9,179.938,-1.03838,-0.05621,-0.0562,0.00321,0,-0.00319,0.00182,region[Medio Oeste],1,61018
"Sanilac County, Michigan",Medio Oeste,170.6,178.001,-7.40142,-0.40107,-0.40101,0.00524,4e-05,-0.02909,0.01206,incidenceRate,1,41475
"Schoolcraft County, Michigan",Medio Oeste,213.7,205.335,8.36541,0.45526,0.45519,0.01372,0.00014,0.05368,0.03293,PctUnemployed16_Over:region[Medio Oeste],1,8173
"Shiawassee County, Michigan",Medio Oeste,184.9,195.948,-11.0476,-0.59837,-0.5983,0.00429,8e-05,-0.03926,0.02079,region[Medio Oeste],1,68619
"Tuscola County, Michigan",Medio Oeste,181.9,189.143,-7.24304,-0.392,-0.39194,0.00272,2e-05,-0.02047,0.01039,region[Medio Oeste],1,53777
"Van Buren County, Michigan",Medio Oeste,188.2,177.545,10.655,0.57659,0.57652,0.0025,4e-05,0.02887,0.02235,region[Medio Oeste],1,75077
"Washtenaw County, Michigan",Medio Oeste,157,160.426,-3.42628,-0.18645,-0.18641,0.01355,2e-05,-0.02185,0.0153,PctBachDeg25_Over:region[Medio Oeste],1,358880
"Wayne County, Michigan",Medio Oeste,197.9,212.029,-14.1286,-0.768,-0.76794,0.0114,0.00034,-0.08246,0.05815,PctUnemployed16_Over:region[Medio Oeste],1,1.75934e+06
"Wexford County, Michigan",Medio Oeste,199.2,204,-4.79982,-0.25982,-0.25978,0.00314,1e-05,-0.01458,0.00933,region[Medio Oeste],1,33003
"Clinton County, New York",Noreste,182.1,186.278,-4.17835,-0.22709,-0.22705,0.0111,3e-05,-0.02405,0.01776,region[Noreste],1,81251
"Columbia County, New York",Noreste,171.5,165.98,5.51972,0.29968,0.29963,0.00904,4e-05,0.02861,0.02033,region[Noreste],1,61509
"Cortland County, New York",Noreste,181.4,177.639,3.76137,0.20466,0.20463,0.01339,3e-05,0.02384,0.01319,PctUnemployed16_Over:region[Noreste],1,48494
"Delaware County, New York",Noreste,160.7,176.784,-16.0836,-0.8753,-0.87526,0.01374,0.00053,-0.1033,0.08155,region[Noreste],1,46053
"Dutchess County, New York",Noreste,164.8,164.327,0.47299,0.02568,0.02568,0.00929,0,0.00249,0.00137,region[Noreste],1,295754
"Erie County, New York",Noreste,183.3,183.567,-0.26709,-0.01448,-0.01448,0.00666,0,-0.00119,0.0007,region[Noreste],1,922578
"Essex County, New York",Noreste,164.5,169.782,-5.28194,-0.28658,-0.28653,0.00769,3e-05,-0.02522,0.02225,region[Noreste],1,38478
"Franklin County, New York",Noreste,180.9,179.051,1.84921,0.10076,0.10074,0.01611,1e-05,0.01289,0.01108,region[Noreste],1,50660
"Fulton County, New York",Noreste,183.4,185.624,-2.22421,-0.12129,-0.12127,0.01779,1e-05,-0.01632,0.0131,region[Noreste],1,53992
"Genesee County, New York",Noreste,181.6,178.307,3.29332,0.17897,0.17894,0.01093,2e-05,0.01881,0.01326,region[Noreste],1,58937
"Greene County, New York",Noreste,187.3,178.148,9.15167,0.49747,0.4974,0.01143,0.00014,0.05349,0.04356,region[Noreste],1,47625
"Hamilton County, New York",Noreste,194.2,162.771,31.4294,1.72651,1.72712,0.03201,0.00493,0.31405,0.21243,AvgHouseholdSize,1,4712
"Herkimer County, New York",Noreste,150.9,178.177,-27.2772,-1.48084,-1.48115,0.00889,0.00098,-0.14026,0.1208,region[Noreste],1,63100
"Jefferson County, New York",Noreste,177,190.518,-13.5176,-0.74011,-0.74005,0.02558,0.00072,-0.1199,0.08262,PctUnemployed16_Over:region[Noreste],1,117635
"Kings County, New York",Noreste,153.8,174.311,-20.5107,-1.12196,-1.12201,0.02378,0.00153,-0.17512,0.11798,PctUnemployed16_Over:region[Noreste],1,2.63674e+06
"Lewis County, New York",Noreste,173.6,178.156,-4.55617,-0.24804,-0.248,0.01443,5e-05,-0.03001,0.02427,region[Noreste],1,26957
"Livingston County, New York",Noreste,172,164.826,7.17378,0.39114,0.39108,0.01743,0.00014,0.05209,0.03674,PctUnemployed16_Over:region[Noreste],1,64717
"Madison County, New York",Noreste,174.2,172.54,1.65956,0.09046,0.09045,0.01696,1e-05,0.01188,0.00907,PctUnemployed16_Over:region[Noreste],1,71849
"Monroe County, New York",Noreste,169.5,172.954,-3.45424,-0.18747,-0.18744,0.00829,1e-05,-0.01714,0.00839,PctBachDeg25_Over:region[Noreste],1,749600
"Montgomery County, New York",Noreste,170.1,185.137,-15.0375,-0.81855,-0.8185,0.01418,0.00048,-0.09816,0.07904,region[Noreste],1,49642
"Nassau County, New York",Noreste,145.8,153.856,-8.05646,-0.43919,-0.43912,0.01706,0.00017,-0.05784,0.03011,PctBachDeg25_Over:region[Noreste],1,1.36135e+06
"New York County, New York",Noreste,145.2,158.292,-13.0916,-0.72572,-0.72566,0.04943,0.00137,-0.16547,0.12772,PctBachDeg25_Over:region[Noreste],1,1.64452e+06
"Niagara County, New York",Noreste,177.1,176.533,0.56698,0.03075,0.03074,0.00678,0,0.00254,0.00216,region[Noreste],1,212652
"Oneida County, New York",Noreste,173.9,180.482,-6.58239,-0.35706,-0.35701,0.00729,5e-05,-0.0306,0.02496,region[Noreste],1,232500
"Onondaga County, New York",Noreste,180.4,176.994,3.40582,0.18472,0.18469,0.00702,1e-05,0.01553,0.00762,region[Noreste],1,468463
"Ontario County, New York",Noreste,162.9,165.57,-2.66955,-0.14485,-0.14482,0.00781,1e-05,-0.01285,0.00708,region[Noreste],1,109561
"Orange County, New York",Noreste,173.6,167.38,6.21962,0.33736,0.33731,0.00717,4e-05,0.02866,0.01711,region[Noreste],1,377647
"Orleans County, New York",Noreste,184.2,184.18,0.02045,0.00111,0.00111,0.01407,0,0.00013,0.00011,region[Noreste],1,41582
"Hyde County, North Carolina",Sur,205,195.357,9.64306,0.52208,0.52201,0.00347,5e-05,0.0308,0.01671,PctUnemployed16_Over,1,5526
"Iredell County, North Carolina",Sur,181,179.315,1.68537,0.09121,0.09119,0.00262,0,0.00468,0.00253,const,1,169866
"Jackson County, North Carolina",Sur,177.2,177.778,-0.57808,-0.03132,-0.03131,0.0047,0,-0.00215,0.00118,const,1,41265
"Johnston County, North Carolina",Sur,184.9,180.602,4.29819,0.23249,0.23246,0.00164,0,0.00943,0.00568,const,1,185660
"Jones County, North Carolina",Sur,205.2,195.607,9.59273,0.51943,0.51937,0.00377,5e-05,0.03193,0.02261,PctHS25_Over,1,10013
"Lee County, North Carolina",Sur,182.2,180.632,1.56771,0.08485,0.08484,0.00288,0,0.00456,0.00227,PctOtherRace,1,59660
"Lenoir County, North Carolina",Sur,194,209.195,-15.1949,-0.82268,-0.82263,0.00352,0.00012,-0.04887,0.0249,PctHS25_Over,1,58106
"Lincoln County, North Carolina",Sur,165.7,182.24,-16.5399,-0.89468,-0.89465,0.0017,7e-05,-0.03688,0.02114,const,1,81035
"McDowell County, North Carolina",Sur,181.8,196.314,-14.5143,-0.78531,-0.78525,0.00218,7e-05,-0.0367,0.02115,PctHS18_24,1,44989
"Macon County, North Carolina",Sur,161.4,175.533,-14.1326,-0.76547,-0.76542,0.00431,0.00013,-0.05035,0.0282,const,1,34201
"Madison County, North Carolina",Sur,143.7,176.249,-32.5494,-1.76253,-1.76319,0.0038,0.00059,-0.10884,0.07249,PctHS18_24,1,21139
"Martin County, North Carolina",Sur,177,199.064,-22.0637,-1.19523,-1.19532,0.00461,0.00033,-0.08135,0.05941,PctUnemployed16_Over,1,23357
"Mecklenburg County, North Carolina",Sur,158.6,160.804,-2.20353,-0.11976,-0.11974,0.01109,1e-05,-0.01268,0.00988,PctBachDeg25_Over,1,1.03407e+06
"Mitchell County, North Carolina",Sur,180.9,181.545,-0.64458,-0.03491,-0.0349,0.00407,0,-0.00223,0.00154,PctHS18_24,1,15246
"Montgomery County, North Carolina",Sur,153.3,194.073,-40.7729,-2.20668,-2.2082,0.00276,0.00067,-0.11612,0.08113,PctHS25_Over,1,27548
"Moore County, North Carolina",Sur,160.3,181.64,-21.3398,-1.15599,-1.15606,0.00458,0.00031,-0.07843,0.03585,const,1,94352
"Nash County, North Carolina",Sur,189,185.123,3.87686,0.20978,0.20974,0.00236,1e-05,0.01019,0.00661,PctUnemployed16_Over,1,93919
"New Hanover County, North Carolina",Sur,164,165.509,-1.50945,-0.08187,-0.08186,0.00717,0,-0.00696,0.00432,PctBachDeg25_Over,1,220358
"Northampton County, North Carolina",Sur,189.9,201.143,-11.2429,-0.60944,-0.60937,0.00589,0.00011,-0.0469,0.0301,PctUnemployed16_Over,1,20426
"Onslow County, North Carolina",Sur,179.9,192.206,-12.3056,-0.66822,-0.66816,0.0094,0.00021,-0.06508,0.03723,MedianAge,1,186311
"Orange County, North Carolina",Sur,157.3,157.803,-0.50269,-0.02728,-0.02727,0.00795,0,-0.00244,0.00118,PctBachDeg25_Over:region[Medio Oeste],1,141354
"Pamlico County, North Carolina",Sur,151.3,190.674,-39.3742,-2.1315,-2.13284,0.00323,0.00074,-0.1215,0.08661,MedianAge,1,12781
"Pasquotank County, North Carolina",Sur,203.9,189.441,14.4586,0.78226,0.7822,0.00209,6e-05,0.03581,0.01723,const,1,39829
"Pender County, North Carolina",Sur,169.8,180.766,-10.9663,-0.59339,-0.59332,0.00235,4e-05,-0.02878,0.01391,const,1,57611
"Perquimans County, North Carolina",Sur,159.5,182.54,-23.0398,-1.24978,-1.2499,0.00727,0.00057,-0.10697,0.06977,PctHS18_24,1,13440
"Person County, North Carolina",Sur,198.1,193.406,4.69421,0.25399,0.25394,0.0022,1e-05,0.01192,0.00631,const,1,39259
"Pitt County, North Carolina",Sur,171.8,179.942,-8.14199,-0.44146,-0.4414,0.0064,6e-05,-0.03543,0.01761,PctUnemployed16_Over,1,175842
"Polk County, North Carolina",Sur,156.1,163.843,-7.74257,-0.4195,-0.41944,0.00497,4e-05,-0.02965,0.01816,MedianAge,1,20366
"Randolph County, North Carolina",Sur,177.5,197.684,-20.1845,-1.09166,-1.0917,0.00139,8e-05,-0.04069,0.02531,const,1,142799
"Richmond County, North Carolina",Sur,205.3,210.489,-5.18906,-0.28086,-0.28081,0.00289,1e-05,-0.01512,0.0076,PctUnemployed16_Over,1,45437
"Robeson County, North Carolina",Sur,193,191.941,1.05932,0.05736,0.05735,0.00359,0,0.00344,0.00199,PctPublicCoverageAlone,1,134197
"Rockingham County, North Carolina",Sur,194.3,205.033,-10.7329,-0.58064,-0.58057,0.00192,3e-05,-0.02548,0.01448,incidenceRate,1,91758
"Rowan County, North Carolina",Sur,189.8,198.375,-8.57456,-0.46388,-0.46382,0.00197,2e-05,-0.02058,0.01,const,1,139142
"Rutherford County, North Carolina",Sur,174.8,191.153,-16.353,-0.88483,-0.88479,0.00226,9e-05,-0.04211,0.01621,PctUnemployed16_Over,1,66390
"Sampson County, North Carolina",Sur,183.6,191.062,-7.46165,-0.40383,-0.40377,0.00274,2e-05,-0.02115,0.01365,PctOtherRace,1,63724
"Scotland County, North Carolina",Sur,189.6,208.563,-18.9625,-1.02728,-1.02729,0.00471,0.00025,-0.07067,0.03781,PctUnemployed16_Over,1,35509
"Stanly County, North Carolina",Sur,180.6,197.582,-16.9821,-0.91884,-0.91881,0.0022,9e-05,-0.04315,0.02713,PctUnemployed16_Over,1,60714
"Stokes County, North Carolina",Sur,184.5,189.541,-5.04136,-0.27271,-0.27267,0.00178,1e-05,-0.01151,0.00744,const,1,46351
"Surry County, North Carolina",Sur,198.1,194.473,3.62724,0.19633,0.1963,0.00293,1e-05,0.01065,0.00707,PctHS25_Over,1,72743
"Swain County, North Carolina",Sur,215.3,201.618,13.6823,0.74048,0.74042,0.00269,7e-05,0.03848,0.02192,PctHS25_Over,1,14434
"Transylvania County, North Carolina",Sur,137,160.112,-23.112,-1.25169,-1.25181,0.00408,0.00032,-0.08013,0.04695,const,1,33211
"Tyrrell County, North Carolina",Sur,222.3,194.624,27.6765,1.50057,1.50091,0.00632,0.00072,0.11972,0.06898,PctBachDeg25_Over,1,4070
"Union County, North Carolina",Sur,158.6,154.875,3.72489,0.20204,0.20201,0.00716,1e-05,0.01715,0.01172,PctBachDeg25_Over,1,222742
"Vance County, North Carolina",Sur,198.5,206.839,-8.33932,-0.45123,-0.45117,0.0023,2e-05,-0.02165,0.00699,const,1,44568
"Wake County, North Carolina",Sur,155.3,151.558,3.74189,0.20353,0.20349,0.01264,3e-05,0.02303,0.0173,PctBachDeg25_Over,1,1.0242e+06
"Warren County, North Carolina",Sur,185.4,195.469,-10.0695,-0.54492,-0.54485,0.00255,4e-05,-0.02753,0.01396,PctHS18_24,1,20155
"Washington County, North Carolina",Sur,167.9,199.351,-31.4507,-1.70532,-1.7059,0.00645,0.00094,-0.13746,0.07881,PctUnemployed16_Over,1,12385
"Watauga County, North Carolina",Sur,136,165.545,-29.5452,-1.6048,-1.60525,0.00992,0.00129,-0.16069,0.08618,MedianAge,1,52906
"Wayne County, North Carolina",Sur,191.3,188.385,2.91483,0.15779,0.15776,0.0032,0,0.00893,0.00519,PctUnemployed16_Over,1,124132
"Wilkes County, North Carolina",Sur,183.5,188.807,-5.30729,-0.28724,-0.28719,0.00276,1e-05,-0.0151,0.0073,PctBachDeg25_Over,1,68502
"Wilson County, North Carolina",Sur,199.1,187.082,12.0182,0.65022,0.65015,0.00207,4e-05,0.02961,0.02073,PctOtherRace,1,81714
"Yadkin County, North Carolina",Sur,179.7,192.13,-12.4298,-0.67259,-0.67253,0.00239,5e-05,-0.03295,0.02002,PctBachDeg25_Over,1,37585
"Yancey County, North Carolina",Sur,178.6,201.334,-22.7344,-1.23035,-1.23046,0.00265,0.0002,-0.06339,0.02691,const,1,17587
"Adams County, North Dakota",Medio Oeste,140,150.248,-10.2485,-0.55558,-0.55551,0.00605,9e-05,-0.04336,0.02168,PctUnemployed16_Over:region[Medio Oeste],1,2359
"Barnes County, North Dakota",Medio Oeste,173.1,159.198,13.9018,0.75387,0.75381,0.00667,0.00019,0.06177,0.02602,PctHS18_24,1,11099
"Benson County, North Dakota",Medio Oeste,169.9,192.337,-22.4373,-1.21972,-1.21983,0.01155,0.00087,-0.13185,0.08661,PctPublicCoverageAlone,1,6753
"Bottineau County, North Dakota",Medio Oeste,174.1,155.774,18.3264,0.99276,0.99276,0.00459,0.00023,0.06742,0.02449,PctUnemployed16_Over:region[Medio Oeste],1,6716
"Bowman County, North Dakota",Medio Oeste,209.3,157.662,51.638,2.80218,2.80559,0.00806,0.00319,0.25291,0.09579,PctHS18_24,1,3294
"Burke County, North Dakota",Medio Oeste,166.8,162.014,4.78621,0.25959,0.25954,0.00697,2e-05,0.02175,0.00918,PctBachDeg25_Over,1,2308
"Burleigh County, North Dakota",Medio Oeste,141.6,152.248,-10.6481,-0.57792,-0.57786,0.0084,0.00014,-0.05317,0.02863,PctBachDeg25_Over:region[Medio Oeste],1,92991
"Cass County, North Dakota",Medio Oeste,143.4,156.256,-12.8564,-0.69886,-0.69879,0.01145,0.00028,-0.07519,0.04694,PctBachDeg25_Over:region[Medio Oeste],1,171512
"Cavalier County, North Dakota",Medio Oeste,170.7,139.661,31.0389,1.68655,1.6871,0.01064,0.00153,0.17496,0.08899,PctHS25_Over,1,3828
"Dickey County, North Dakota",Medio Oeste,126,122.066,3.93355,0.21377,0.21374,0.01099,3e-05,0.02253,0.0123,BirthRate,1,5104
"Divide County, North Dakota",Medio Oeste,93.8,123.144,-29.3443,-1.59829,-1.59873,0.01536,0.00199,-0.1997,0.13342,BirthRate,1,2450
"Dunn County, North Dakota",Medio Oeste,127.1,148.91,-21.8104,-1.18091,-1.18099,0.0036,0.00025,-0.07103,0.03639,incidenceRate,1,4646
"Eddy County, North Dakota",Medio Oeste,227.6,176.277,51.3233,2.78768,2.79104,0.00989,0.00388,0.27901,0.13994,PctHS18_24,1,2365
"Emmons County, North Dakota",Medio Oeste,166.9,143.253,23.6468,1.28123,1.28138,0.00498,0.00041,0.09069,0.03845,incidenceRate,1,3402
"Foster County, North Dakota",Medio Oeste,174.5,168.741,5.75898,0.31245,0.3124,0.00763,4e-05,0.02738,0.01232,PctUnemployed16_Over:region[Medio Oeste],1,3356
"Golden Valley County, North Dakota",Medio Oeste,205.2,145.313,59.8873,3.25068,3.25621,0.00857,0.00457,0.30283,0.17758,PctHS25_Over,1,1845
"Grand Forks County, North Dakota",Medio Oeste,162.5,165.444,-2.94354,-0.15978,-0.15975,0.00866,1e-05,-0.01493,0.00856,MedianAge,1,70916
"Grant County, North Dakota",Medio Oeste,147.3,151.587,-4.2869,-0.23228,-0.23224,0.00508,1e-05,-0.01659,0.00643,MedianAge,1,2388
"Griggs County, North Dakota",Medio Oeste,232.3,172.581,59.719,3.24062,3.24609,0.00801,0.00424,0.29165,0.11873,incidenceRate,1,2314
"Hettinger County, North Dakota",Medio Oeste,160.3,159.484,0.81567,0.04443,0.04442,0.01558,0,0.00559,0.0041,BirthRate,1,2704
"Kidder County, North Dakota",Medio Oeste,104.8,140.049,-35.2488,-1.9137,-1.9146,0.00899,0.00166,-0.18231,0.09415,PctUnemployed16_Over:region[Medio Oeste],1,2417
"LaMoure County, North Dakota",Medio Oeste,134.7,138.145,-3.4454,-0.18676,-0.18672,0.0058,1e-05,-0.01427,0.0055,PctUnemployed16_Over:region[Medio Oeste],1,4125
"Logan County, North Dakota",Medio Oeste,108.8,152.171,-43.3707,-2.35509,-2.35699,0.00936,0.00262,-0.22905,0.11293,PctHS18_24,1,1935
"McHenry County, North Dakota",Medio Oeste,148.3,162.558,-14.2583,-0.77318,-0.77312,0.00662,0.0002,-0.06313,0.04672,BirthRate,1,5968
"McIntosh County, North Dakota",Medio Oeste,125.9,144.552,-18.6517,-1.0134,-1.0134,0.0105,0.00054,-0.10437,0.05227,PctHS18_24,1,2759
"McKenzie County, North Dakota",Medio Oeste,124.6,120.338,4.26178,0.23155,0.23151,0.0105,3e-05,0.02384,0.01516,incidenceRate,1,12826
"McLean County, North Dakota",Medio Oeste,153.1,170.81,-17.7102,-0.95976,-0.95975,0.00537,0.00025,-0.07055,0.03503,PctUnemployed16_Over:region[Medio Oeste],1,9744
"Mercer County, North Dakota",Medio Oeste,151.9,164.882,-12.9823,-0.70428,-0.70422,0.00746,0.00019,-0.06107,0.03191,PctHS25_Over,1,8853
"Morton County, North Dakota",Medio Oeste,165.2,165.432,-0.23191,-0.01256,-0.01256,0.0044,0,-0.00084,0.00039,PctBachDeg25_Over:region[Medio Oeste],1,30310
"Mountrail County, North Dakota",Medio Oeste,196.8,167.505,29.2951,1.58748,1.58791,0.00525,0.00067,0.1154,0.04727,region[Medio Oeste],1,10331
"Nelson County, North Dakota",Medio Oeste,205.3,153.485,51.8155,2.81445,2.81791,0.00992,0.00397,0.28208,0.11855,BirthRate,1,2968
"Oliver County, North Dakota",Medio Oeste,137.6,132.852,4.74839,0.25859,0.25855,0.01506,5e-05,0.03197,0.02349,BirthRate,1,1846
"Pembina County, North Dakota",Medio Oeste,177,152.245,24.755,1.34087,1.34106,0.00438,0.0004,0.08896,0.03019,incidenceRate,1,7091
"Pierce County, North Dakota",Medio Oeste,106.5,135.163,-28.6627,-1.55728,-1.55768,0.01045,0.00128,-0.16005,0.07266,PctHS18_24,1,4312
"Ramsey County, North Dakota",Medio Oeste,164.9,154.202,10.6981,0.58011,0.58004,0.00658,0.00011,0.0472,0.02199,PctUnemployed16_Over:region[Medio Oeste],1,11630
"Ransom County, North Dakota",Medio Oeste,181.4,161.797,19.603,1.06255,1.06258,0.00577,0.00033,0.08098,0.03544,PctUnemployed16_Over:region[Medio Oeste],1,5448
"Renville County, North Dakota",Medio Oeste,151.7,149.683,2.01704,0.10949,0.10948,0.00875,1e-05,0.01029,0.00536,PctHS25_Over,1,2571
"Richland County, North Dakota",Medio Oeste,137.7,162.673,-24.9725,-1.35244,-1.35264,0.00407,0.00037,-0.08648,0.03798,PctHS25_Over,1,16402
"Rolette County, North Dakota",Medio Oeste,216.9,181.221,35.6794,1.94242,1.94338,0.01444,0.00276,0.2352,0.152,PctPublicCoverageAlone,1,14649
"Sargent County, North Dakota",Medio Oeste,188.2,177.351,10.8489,0.58886,0.58879,0.00851,0.00015,0.05455,0.0298,incidenceRate,1,3876
"Sheridan County, North Dakota",Medio Oeste,124.8,158.726,-33.9255,-1.84153,-1.84231,0.00864,0.00148,-0.17195,0.08722,PctUnemployed16_Over:region[Medio Oeste],1,1310
"Sioux County, North Dakota",Medio Oeste,259.1,209.958,49.1425,2.70839,2.71144,0.03832,0.01462,0.54126,0.31014,PctUnemployed16_Over:region[Medio Oeste],1,4370
"Stark County, North Dakota",Medio Oeste,131.8,151.032,-19.2324,-1.04279,-1.04281,0.0064,0.00035,-0.08367,0.04117,BirthRate,1,32154
"Steele County, North Dakota",Medio Oeste,117.6,138.507,-20.9074,-1.13384,-1.1339,0.0068,0.00044,-0.09382,0.04016,incidenceRate,1,1956
"Stutsman County, North Dakota",Medio Oeste,172.5,167.235,5.26524,0.28528,0.28524,0.00499,2e-05,0.0202,0.00682,PctBachDeg25_Over:region[Medio Oeste],1,21103
"Towner County, North Dakota",Medio Oeste,169.4,175.588,-6.18822,-0.33725,-0.3372,0.01652,0.0001,-0.04371,0.03577,BirthRate,1,2272
"Traill County, North Dakota",Medio Oeste,158,158.421,-0.42052,-0.02279,-0.02279,0.00572,0,-0.00173,0.00065,PctHS25_Over,1,8014
"Autauga County, Alabama",Sur,178.3,185.895,-7.59524,-0.41086,-0.4108,0.00177,1e-05,-0.01731,0.0113,const,1,55347
"Baldwin County, Alabama",Sur,174.3,173.477,0.82302,0.04455,0.04454,0.00291,0,0.00241,0.0016,const,1,203709
"Chilton County, Alabama",Sur,195.9,190.721,5.17917,0.28012,0.28007,0.00143,1e-05,0.01059,0.00613,const,1,43943
"Arkansas County, Arkansas",Sur,201.7,208.403,-6.70291,-0.36288,-0.36282,0.00335,2e-05,-0.02105,0.01241,PctPublicCoverageAlone,1,18433
"Ashley County, Arkansas",Sur,212.3,199.506,12.7945,0.69251,0.69244,0.00291,7e-05,0.03741,0.02127,PctPublicCoverageAlone,1,20838
"Baxter County, Arkansas",Sur,194.7,194.766,-0.0658,-0.00356,-0.00356,0.00345,0,-0.00021,0.00012,MedianAge,1,41053
"Benton County, Arkansas",Sur,166.2,165.537,0.66319,0.03593,0.03593,0.00493,0,0.00253,0.00148,PctBachDeg25_Over,1,249672
"Boone County, Arkansas",Sur,198.2,189.655,8.54489,0.46251,0.46244,0.00296,3e-05,0.02521,0.01684,BirthRate,1,37222
"Bradley County, Arkansas",Sur,214,201.496,12.5038,0.67799,0.67792,0.00648,0.00015,0.05473,0.03364,PctOtherRace,1,11094
"Calhoun County, Arkansas",Sur,202.4,186.476,15.9243,0.86303,0.86299,0.0055,0.00021,0.06416,0.03172,incidenceRate,1,5229
"Carroll County, Arkansas",Sur,167.6,179.187,-11.5871,-0.62726,-0.62719,0.00324,6e-05,-0.03578,0.01905,PctUnemployed16_Over,1,27704
"Chicot County, Arkansas",Sur,229,202.384,26.616,1.44481,1.44509,0.00871,0.00092,0.1355,0.09007,PctPublicCoverageAlone,1,11027
"Clark County, Arkansas",Sur,170.4,179.188,-8.78791,-0.47654,-0.47647,0.00663,8e-05,-0.03892,0.02006,AvgHouseholdSize,1,22633
"Choctaw County, Alabama",Sur,137.6,190.788,-53.1878,-2.88045,-2.88418,0.00404,0.00168,-0.18362,0.1033,PctUnemployed16_Over,1,13170
"Clay County, Arkansas",Sur,228.7,199.783,28.9174,1.56581,1.56621,0.00372,0.00046,0.09574,0.05362,BirthRate,1,15109
"Cleburne County, Arkansas",Sur,188.5,193.929,-5.42877,-0.29372,-0.29367,0.00213,1e-05,-0.01358,0.00638,const,1,25467
"Cleveland County, Arkansas",Sur,163.4,197.235,-33.8351,-1.8326,-1.83337,0.00428,0.00072,-0.12017,0.08781,PctHS25_Over,1,8311
"Columbia County, Arkansas",Sur,210,184.84,25.1603,1.36337,1.36357,0.00518,0.00048,0.09836,0.05394,PctHS25_Over,1,24114
"Conway County, Arkansas",Sur,167.2,196.07,-28.8697,-1.56198,-1.56238,0.00213,0.00026,-0.07226,0.046,const,1,21019
"Craighead County, Arkansas",Sur,191,177.575,13.4251,0.72728,0.72722,0.00466,0.00012,0.04974,0.02673,MedianAge,1,104354
"Crawford County, Arkansas",Sur,195.3,195.451,-0.15144,-0.00819,-0.00819,0.00174,0,-0.00034,0.00019,const,1,61703
"Crittenden County, Arkansas",Sur,242.9,189.46,53.4399,2.89466,2.89845,0.00442,0.00186,0.19313,0.11899,PctPublicCoverageAlone,1,48963
"Cross County, Arkansas",Sur,230.9,205.008,25.892,1.40284,1.40308,0.00493,0.00049,0.09874,0.04996,PctHS18_24,1,17284
"Dallas County, Arkansas",Sur,250,209.315,40.6849,2.20605,2.20756,0.00648,0.00159,0.17827,0.12543,PctHS25_Over,1,7604
"Clarke County, Alabama",Sur,194,208.903,-14.9034,-0.81079,-0.81074,0.01305,0.00043,-0.09324,0.07758,PctUnemployed16_Over,1,24675
"Desha County, Arkansas",Sur,186.9,216.184,-29.2838,-1.58882,-1.58925,0.0077,0.00098,-0.13995,0.09753,PctUnemployed16_Over,1,11965
"Drew County, Arkansas",Sur,190.6,195.952,-5.35229,-0.29,-0.28995,0.00497,2e-05,-0.02049,0.01289,PctUnemployed16_Over,1,18778
"Faulkner County, Arkansas",Sur,174,178.698,-4.69824,-0.25439,-0.25435,0.00367,1e-05,-0.01544,0.00914,const,1,121552
"Franklin County, Arkansas",Sur,201.6,190.968,10.632,0.57529,0.57523,0.00233,4e-05,0.02779,0.01278,incidenceRate,1,17702
"Fulton County, Arkansas",Sur,175,188.683,-13.6832,-0.74101,-0.74095,0.00399,0.00011,-0.04691,0.02207,const,1,12204
"Garland County, Arkansas",Sur,196.4,190.243,6.15748,0.33308,0.33303,0.00175,1e-05,0.01393,0.0086,const,1,97177
"Grant County, Arkansas",Sur,190.5,202.896,-12.3956,-0.67076,-0.67069,0.00243,5e-05,-0.03311,0.02155,PctHS25_Over,1,18102
"Greene County, Arkansas",Sur,194.5,191.768,2.73192,0.14783,0.1478,0.00241,0,0.00726,0.00466,PctHS25_Over,1,44196
"Hempstead County, Arkansas",Sur,185,186.629,-1.62872,-0.0882,-0.08818,0.0039,0,-0.00552,0.00333,PctPublicCoverageAlone,1,22084
"Hot Spring County, Arkansas",Sur,200.3,192.204,8.096,0.43804,0.43798,0.00218,2e-05,0.02049,0.01042,const,1,33426
"Clay County, Alabama",Sur,190.8,200.979,-10.1788,-0.55104,-0.55097,0.00331,5e-05,-0.03174,0.02622,PctBachDeg25_Over,1,13555
"Howard County, Arkansas",Sur,220.6,184.184,36.4159,1.97231,1.97332,0.00421,0.00082,0.1283,0.07181,PctHS18_24,1,13300
"Independence County, Arkansas",Sur,170.1,192.799,-22.6992,-1.22826,-1.22837,0.00234,0.00018,-0.05949,0.03432,const,1,37052
"Izard County, Arkansas",Sur,184.1,192.623,-8.52253,-0.46115,-0.46109,0.00233,2e-05,-0.02229,0.01089,const,1,13445
"Jackson County, Arkansas",Sur,233,226.951,6.0495,0.32776,0.3277,0.00488,3e-05,0.02295,0.00958,PctUnemployed16_Over,1,17338
"Jefferson County, Arkansas",Sur,204.1,209.696,-5.59586,-0.30283,-0.30278,0.0026,1e-05,-0.01545,0.00745,const,1,71565
"Johnson County, Arkansas",Sur,176.9,183.835,-6.93493,-0.37561,-0.37556,0.00428,3e-05,-0.02462,0.01341,const,1,26141
"Lafayette County, Arkansas",Sur,195.2,185.157,10.0432,0.54404,0.54397,0.00452,7e-05,0.03667,0.02068,incidenceRate,1,6996
"Lawrence County, Arkansas",Sur,213.5,198.06,15.4404,0.8364,0.83635,0.00453,0.00016,0.0564,0.03166,PctHS18_24,1,16779
"Lee County, Arkansas",Sur,217.6,202.171,15.4288,0.839,0.83896,0.01219,0.00043,0.09319,0.05447,BirthRate,1,9650
"Lincoln County, Arkansas",Sur,194.4,205.751,-11.3511,-0.61579,-0.61572,0.00744,0.00014,-0.0533,0.02722,PctHS25_Over,1,13820
"Cleburne County, Alabama",Sur,196,199.248,-3.24807,-0.17575,-0.17572,0.00228,0,-0.00839,0.00582,PctBachDeg25_Over,1,15018
"Little River County, Arkansas",Sur,205.5,187.968,17.5315,0.94908,0.94906,0.00327,0.00015,0.05435,0.02744,BirthRate,1,12472
"Logan County, Arkansas",Sur,221.2,191.714,29.4862,1.59642,1.59685,0.00348,0.00045,0.09441,0.05693,BirthRate,1,21714
"Lonoke County, Arkansas",Sur,204.9,192.237,12.6633,0.68522,0.68515,0.00234,6e-05,0.03319,0.02097,const,1,71645
"Madison County, Arkansas",Sur,195.3,191.805,3.49474,0.18924,0.18921,0.00384,1e-05,0.01175,0.00488,incidenceRate,1,15767
"Marion County, Arkansas",Sur,213.7,190.905,22.7951,1.23427,1.23439,0.00367,0.00028,0.07496,0.05065,MedianAge,1,16185
"Miller County, Arkansas",Sur,212.3,192.912,19.3881,1.0489,1.04892,0.00199,0.00011,0.04678,0.02702,const,1,43908
"Mississippi County, Arkansas",Sur,236.4,197.327,39.0727,2.11538,2.11669,0.00343,0.00077,0.12426,0.05931,MedianAge,1,43738
"Monroe County, Arkansas",Sur,229.9,218.601,11.2987,0.61265,0.61258,0.0065,0.00012,0.04956,0.03059,BirthRate,1,7399
"Montgomery County, Arkansas",Sur,146.2,188.911,-42.7114,-2.31587,-2.31767,0.00644,0.00174,-0.18652,0.1339,PctUnemployed16_Over,1,8970
"Nevada County, Arkansas",Sur,210.7,199.372,11.3281,0.61382,0.61375,0.00512,0.0001,0.04403,0.02528,PctHS18_24,1,8558
"Coffee County, Alabama",Sur,173.3,175.566,-2.26638,-0.12259,-0.12257,0.00165,0,-0.00498,0.00361,const,1,51211
"Newton County, Arkansas",Sur,203.6,187.226,16.3742,0.8876,0.88757,0.00592,0.00023,0.0685,0.04615,PctUnemployed16_Over,1,7913
"Ouachita County, Arkansas",Sur,198.5,196.432,2.06821,0.11194,0.11192,0.0028,0,0.00593,0.00333,const,1,24358
"Perry County, Arkansas",Sur,209.9,202.626,7.27399,0.39399,0.39393,0.00434,3e-05,0.026,0.01349,PctUnemployed16_Over,1,10189
"Phillips County, Arkansas",Sur,248.7,207.275,41.4253,2.24868,2.2503,0.00868,0.00221,0.2106,0.11066,PctUnemployed16_Over,1,19513
"Pike County, Arkansas",Sur,184.3,188.034,-3.73389,-0.20228,-0.20224,0.00467,1e-05,-0.01385,0.00743,PctPublicCoverageAlone,1,10824
"Poinsett County, Arkansas",Sur,247.1,215.215,31.8852,1.72765,1.72826,0.00504,0.00076,0.12307,0.0832,PctPublicCoverageAlone,1,24040
"Polk County, Arkansas",Sur,187.2,190.812,-3.61189,-0.1955,-0.19547,0.00295,1e-05,-0.01064,0.00677,PctPublicCoverageAlone,1,20216
"Pope County, Arkansas",Sur,207.1,191.783,15.3165,0.82865,0.82861,0.00203,7e-05,0.0374,0.02405,const,1,63390
"Prairie County, Arkansas",Sur,196.7,201.693,-4.9929,-0.2706,-0.27056,0.00556,2e-05,-0.02024,0.01146,PctUnemployed16_Over,1,8291
"Pulaski County, Arkansas",Sur,182.7,182.041,0.6594,0.03571,0.03571,0.00424,0,0.00233,0.00157,PctBachDeg25_Over,1,392664
"Colbert County, Alabama",Sur,190.5,185.212,5.28841,0.28606,0.28601,0.00167,1e-05,0.0117,0.00716,const,1,54354
"Randolph County, Arkansas",Sur,212.5,195.738,16.7616,0.90792,0.9079,0.00443,0.00018,0.06058,0.04227,PctUnemployed16_Over,1,17469
"St. Francis County, Arkansas",Sur,202.9,193.38,9.52043,0.51566,0.51559,0.00431,6e-05,0.03391,0.01596,incidenceRate,1,26589
"Saline County, Arkansas",Sur,169,181.319,-12.3188,-0.66654,-0.66647,0.00224,5e-05,-0.03161,0.02342,const,1,117460
"Scott County, Arkansas",Sur,207.4,191.678,15.7218,0.85073,0.85069,0.00239,9e-05,0.04159,0.02062,BirthRate,1,10513
"Searcy County, Arkansas",Sur,219.4,197.01,22.3902,1.21295,1.21305,0.00467,0.00034,0.08307,0.05545,PctUnemployed16_Over,1,7869
"Sebastian County, Arkansas",Sur,187.5,185.098,2.40181,0.12996,0.12994,0.00235,0,0.00631,0.00379,PctUnemployed16_Over,1,127780
"Sevier County, Arkansas",Sur,179.5,173.49,6.01029,0.32807,0.32802,0.01962,0.00011,0.0464,0.04064,PctOtherRace,1,17290
"Sharp County, Arkansas",Sur,190.4,210.83,-20.4302,-1.10808,-1.10813,0.00703,0.00043,-0.09322,0.05954,PctHS18_24,1,16912
"Stone County, Arkansas",Sur,171.7,186.989,-15.2892,-0.82792,-0.82788,0.00385,0.00013,-0.05145,0.02614,PctUnemployed16_Over,1,12456
"Union County, Arkansas",Sur,218.7,201.051,17.6493,0.95476,0.95474,0.00183,8e-05,0.04085,0.02825,const,1,40144
"Van Buren County, Arkansas",Sur,178.9,194.251,-15.3507,-0.83063,-0.83059,0.00235,8e-05,-0.04032,0.01731,const,1,16771
"Washington County, Arkansas",Sur,173.1,171.14,1.96016,0.10622,0.1062,0.00525,0,0.00772,0.00403,PctOtherRace,1,225477
"White County, Arkansas",Sur,201.4,193.919,7.48055,0.40484,0.40478,0.00268,2e-05,0.02098,0.01293,const,1,79161
"Woodruff County, Arkansas",Sur,215.9,218.281,-2.38062,-0.12896,-0.12893,0.00452,0,-0.00869,0.0053,PctPublicCoverageAlone,1,6741
"Yell County, Arkansas",Sur,207.9,188.58,19.3205,1.04724,1.04726,0.00578,0.00032,0.07987,0.06343,PctOtherRace,1,21713
"Alameda County, California",Oeste,147.7,135.878,11.8216,0.64197,0.64191,0.0095,0.0002,0.06288,0.04176,PctBachDeg25_Over:region[Oeste],1,1.63822e+06
"Amador County, California",Oeste,166.6,164.524,2.076,0.11295,0.11293,0.01323,1e-05,0.01307,0.00827,PctUnemployed16_Over:region[Oeste],1,37001
"Butte County, California",Oeste,178.7,172.401,6.29902,0.34183,0.34178,0.00813,5e-05,0.03095,0.01939,PctUnemployed16_Over:region[Oeste],1,225411
"Calaveras County, California",Oeste,157.4,154.413,2.98662,0.16216,0.16213,0.00916,1e-05,0.01559,0.00763,PctUnemployed16_Over:region[Oeste],1,44828
"Colusa County, California",Oeste,153.3,165.056,-11.7563,-0.63822,-0.63815,0.00884,0.00018,-0.06028,0.0293,PctHS25_Over,1,21482
"Coosa County, Alabama",Sur,211.9,206.972,4.92752,0.26743,0.26738,0.00828,3e-05,0.02443,0.01606,PctUnemployed16_Over,1,10724
"Contra Costa County, California",Oeste,151.5,141.604,9.89554,0.53774,0.53767,0.01082,0.00016,0.05624,0.03758,PctBachDeg25_Over:region[Oeste],1,1.12674e+06
"Del Norte County, California",Oeste,185.4,179.834,5.5662,0.30216,0.30211,0.00876,4e-05,0.0284,0.01416,region[Oeste],1,27254
"El Dorado County, California",Oeste,151.5,149.168,2.332,0.12666,0.12663,0.00977,1e-05,0.01258,0.00627,PctBachDeg25_Over:region[Oeste],1,184452
"Fresno County, California",Oeste,152.8,154.577,-1.77704,-0.09679,-0.09677,0.01533,1e-05,-0.01207,0.00726,PctOtherRace,1,974861
"Glenn County, California",Oeste,165.2,168.785,-3.58535,-0.1945,-0.19446,0.0074,1e-05,-0.01679,0.00868,region[Oeste],1,28017
"Humboldt County, California",Oeste,177.4,167.626,9.7737,0.52982,0.52976,0.00598,8e-05,0.0411,0.02036,PctUnemployed16_Over:region[Oeste],1,135727
"Imperial County, California",Oeste,130.3,146.348,-16.0483,-0.87883,-0.87879,0.02594,0.00103,-0.14341,0.07574,PctUnemployed16_Over:region[Oeste],1,180191
"Inyo County, California",Oeste,138.1,161.546,-23.4462,-1.27027,-1.27041,0.00484,0.00039,-0.08859,0.06129,region[Oeste],1,18260
"Kern County, California",Oeste,161.3,167.364,-6.06446,-0.32927,-0.32922,0.00914,5e-05,-0.03162,0.01318,region[Oeste],1,882176
"Lake County, Montana",Oeste,156.8,170.387,-13.5869,-0.73612,-0.73606,0.00486,0.00013,-0.05141,0.02827,region[Oeste],1,29457
"Lewis and Clark County, Montana",Oeste,159.7,147.893,11.8075,0.64061,0.64054,0.00764,0.00016,0.05622,0.02725,PctBachDeg25_Over:region[Oeste],1,66418
"Liberty County, Montana",Oeste,126.9,133.993,-7.09332,-0.38504,-0.38498,0.00863,6e-05,-0.03593,0.01529,PctUnemployed16_Over:region[Oeste],1,2408
"Lincoln County, Montana",Oeste,174.6,170.331,4.26944,0.23204,0.232,0.01106,3e-05,0.02453,0.01447,PctUnemployed16_Over:region[Oeste],1,19052
"McCone County, Montana",Oeste,130.6,145.121,-14.5206,-0.79397,-0.79391,0.02298,0.00074,-0.12176,0.07307,PctUnemployed16_Over:region[Oeste],1,1683
"Madison County, Montana",Oeste,129.5,141.605,-12.1054,-0.6571,-0.65703,0.00862,0.00019,-0.06128,0.02738,region[Oeste],1,7915
"Meagher County, Montana",Oeste,198.6,187.186,11.4137,0.62125,0.62118,0.01402,0.00027,0.07408,0.03559,incidenceRate,1,1830
"Mineral County, Montana",Oeste,188.8,197.688,-8.88781,-0.48365,-0.48359,0.01358,0.00016,-0.05673,0.0282,region[Oeste],1,4251
"Missoula County, Montana",Oeste,158.9,150.016,8.8845,0.48291,0.48285,0.0113,0.00013,0.05161,0.03052,PctBachDeg25_Over:region[Oeste],1,114181
"Musselshell County, Montana",Oeste,196.6,202.969,-6.36893,-0.34693,-0.34688,0.01556,0.0001,-0.04361,0.02413,region[Oeste],1,4582
"Park County, Montana",Oeste,140.9,156.09,-15.1901,-0.82458,-0.82453,0.00872,0.0003,-0.07733,0.03071,PctHS25_Over,1,15972
"Phillips County, Montana",Oeste,151.2,161.461,-10.2609,-0.55686,-0.55679,0.00821,0.00013,-0.05066,0.02697,region[Oeste],1,4169
"Pondera County, Montana",Oeste,171.7,157.633,14.0667,0.76206,0.762,0.00471,0.00014,0.05242,0.03435,region[Oeste],1,6184
"Powell County, Montana",Oeste,161,178.224,-17.2239,-0.93789,-0.93787,0.01487,0.00066,-0.11521,0.07868,PctUnemployed16_Over:region[Oeste],1,6840
"Ravalli County, Montana",Oeste,151.6,154.773,-3.17309,-0.1719,-0.17187,0.00471,1e-05,-0.01182,0.00711,region[Oeste],1,41373
"Richland County, Montana",Oeste,170.1,165.69,4.4096,0.24032,0.24028,0.01654,5e-05,0.03117,0.01862,PctUnemployed16_Over:region[Oeste],1,11960
"Roosevelt County, Montana",Oeste,182.6,193.369,-10.7689,-0.58765,-0.58758,0.01906,0.00034,-0.0819,0.04682,AvgHouseholdSize,1,11476
"Rosebud County, Montana",Oeste,164.6,173.64,-9.03957,-0.49027,-0.4902,0.00695,8e-05,-0.04101,0.02318,region[Oeste],1,9398
"Sanders County, Montana",Oeste,151.3,169.765,-18.4649,-1.00229,-1.00229,0.00861,0.00044,-0.09339,0.04998,region[Oeste],1,11336
"Sheridan County, Montana",Oeste,165,154.921,10.0794,0.54796,0.54789,0.01164,0.00018,0.05946,0.03513,PctUnemployed16_Over:region[Oeste],1,3687
"Silver Bow County, Montana",Oeste,171.4,170.807,0.59307,0.03214,0.03213,0.00528,0,0.00234,0.0016,region[Oeste],1,34622
"Stillwater County, Montana",Oeste,127.4,176.12,-48.7196,-2.64778,-2.65061,0.01103,0.00391,-0.27994,0.16248,region[Oeste],1,9486
"Sweet Grass County, Montana",Oeste,165.6,159.323,6.27686,0.34247,0.34242,0.01875,0.00011,0.04734,0.02768,PctUnemployed16_Over:region[Oeste],1,3634
"Teton County, Montana",Oeste,164.9,162.569,2.33089,0.12637,0.12635,0.00623,1e-05,0.01,0.00557,region[Oeste],1,6104
"Toole County, Montana",Oeste,174.2,177.78,-3.58042,-0.19506,-0.19502,0.01578,3e-05,-0.0247,0.01512,region[Oeste],1,5087
"Valley County, Montana",Oeste,129.5,169.576,-40.0759,-2.17912,-2.18057,0.01203,0.00289,-0.24064,0.16117,PctUnemployed16_Over:region[Oeste],1,7659
"Wheatland County, Montana",Oeste,149.4,155.167,-5.76711,-0.31322,-0.31317,0.00972,5e-05,-0.03103,0.02002,PctUnemployed16_Over:region[Oeste],1,2110
"Wibaux County, Montana",Oeste,214.4,141.09,73.3097,4.01875,4.02959,0.02797,0.02324,0.68353,0.52517,BirthRate,1,1130
"Yellowstone County, Montana",Oeste,168.9,167.211,1.68944,0.09163,0.09161,0.007,0,0.00769,0.00395,region[Oeste],1,157048
"Adams County, Nebraska",Medio Oeste,157.5,175.284,-17.7841,-0.96261,-0.9626,0.00298,0.00014,-0.05266,0.01971,PctBachDeg25_Over,1,31587
"Antelope County, Nebraska",Medio Oeste,139,161.229,-22.2294,-1.20582,-1.20592,0.00728,0.00053,-0.10327,0.04634,PctUnemployed16_Over:region[Medio Oeste],1,6414
"Boone County, Nebraska",Medio Oeste,171.1,173.968,-2.86824,-0.1557,-0.15567,0.00873,1e-05,-0.01461,0.00779,PctUnemployed16_Over:region[Medio Oeste],1,5315
"Box Butte County, Nebraska",Medio Oeste,159,170.448,-11.4484,-0.62,-0.61993,0.00403,8e-05,-0.03943,0.01867,PctHS25_Over,1,11337
"Boyd County, Nebraska",Medio Oeste,135.2,148.849,-13.6492,-0.74065,-0.74059,0.00796,0.00022,-0.06634,0.03054,PctUnemployed16_Over:region[Medio Oeste],1,2006
"Brown County, Nebraska",Medio Oeste,156,153.451,2.54875,0.13875,0.13873,0.01438,1e-05,0.01676,0.00878,PctUnemployed16_Over:region[Medio Oeste],1,2946
"Buffalo County, Nebraska",Medio Oeste,159.1,153.604,5.49588,0.29817,0.29812,0.0076,3e-05,0.02609,0.01537,PctBachDeg25_Over:region[Medio Oeste],1,48863
"Burt County, Nebraska",Medio Oeste,201.4,175.585,25.8152,1.39787,1.3981,0.00377,0.00037,0.08606,0.04275,PctUnemployed16_Over:region[Medio Oeste],1,6585
"Butler County, Nebraska",Medio Oeste,167.3,155.367,11.9334,0.6473,0.64723,0.00721,0.00015,0.05515,0.03482,BirthRate,1,8115
"Cass County, Nebraska",Medio Oeste,193.1,164.129,28.9713,1.56879,1.5692,0.00381,0.00047,0.09699,0.0301,region[Medio Oeste],1,25512
"Cedar County, Nebraska",Medio Oeste,120,138.855,-18.8551,-1.02209,-1.0221,0.00593,0.00031,-0.07896,0.03811,incidenceRate,1,8564
"Chase County, Nebraska",Medio Oeste,172.1,157.26,14.8401,0.80466,0.80461,0.00645,0.00021,0.06485,0.03514,PctUnemployed16_Over:region[Medio Oeste],1,3956
"Cherry County, Nebraska",Medio Oeste,148.7,156.522,-7.82235,-0.42399,-0.42392,0.00571,5e-05,-0.03214,0.01535,PctHS25_Over,1,5848
"Cheyenne County, Nebraska",Medio Oeste,122.2,156.106,-33.9062,-1.84004,-1.84082,0.00817,0.00139,-0.16703,0.09442,BirthRate,1,10167
"Clay County, Nebraska",Medio Oeste,148.9,174.398,-25.4978,-1.38131,-1.38154,0.00469,0.00045,-0.09485,0.04071,PctUnemployed16_Over:region[Medio Oeste],1,6309
"Colfax County, Nebraska",Medio Oeste,163,164.817,-1.81684,-0.09848,-0.09846,0.00577,0,-0.0075,0.0035,PctHS25_Over,1,10520
"Cuming County, Nebraska",Medio Oeste,128.3,152.257,-23.9575,-1.29705,-1.29721,0.00343,0.00029,-0.07609,0.03635,PctUnemployed16_Over:region[Medio Oeste],1,9125
"Custer County, Nebraska",Medio Oeste,159.7,160.81,-1.1101,-0.06012,-0.0601,0.00393,0,-0.00378,0.00204,PctUnemployed16_Over:region[Medio Oeste],1,10806
"Dakota County, Nebraska",Medio Oeste,177.8,161.218,16.5816,0.90441,0.90438,0.01811,0.00075,0.12284,0.09361,PctOtherRace,1,20781
"Dawes County, Nebraska",Medio Oeste,155.4,145.151,10.2492,0.55611,0.55604,0.00781,0.00012,0.04935,0.02135,MedianAge,1,9055
"Dawson County, Nebraska",Medio Oeste,139.7,165.731,-26.0308,-1.41069,-1.41094,0.0054,0.00054,-0.10392,0.04701,PctBachDeg25_Over:region[Medio Oeste],1,23886
"Deuel County, Nebraska",Medio Oeste,104.6,158.106,-53.5064,-2.89978,-2.9036,0.00547,0.00231,-0.2153,0.09743,PctHS18_24,1,1921
"Dixon County, Nebraska",Medio Oeste,168.3,168.989,-0.6894,-0.0373,-0.03729,0.00224,0,-0.00177,0.00076,PctUnemployed16_Over:region[Medio Oeste],1,5797
"Dodge County, Nebraska",Medio Oeste,177.9,180.31,-2.40997,-0.13039,-0.13037,0.00211,0,-0.006,0.00201,region[Medio Oeste],1,36706
"Douglas County, Nebraska",Medio Oeste,179.7,166.071,13.6289,0.73994,0.73988,0.00901,0.00025,0.07056,0.0474,PctBachDeg25_Over:region[Medio Oeste],1,550064
"Dundy County, Nebraska",Medio Oeste,151.9,161.654,-9.75446,-0.52809,-0.52802,0.00337,5e-05,-0.03068,0.01353,PctHS25_Over,1,1799
"Fillmore County, Nebraska",Medio Oeste,150.3,160.969,-10.6689,-0.57745,-0.57738,0.00288,5e-05,-0.031,0.01439,PctUnemployed16_Over:region[Medio Oeste],1,5619
"Franklin County, Nebraska",Medio Oeste,119.2,147.779,-28.5795,-1.54858,-1.54896,0.00509,0.00061,-0.11083,0.05412,incidenceRate,1,2985
"Frontier County, Nebraska",Medio Oeste,127.2,159.523,-32.3225,-1.75399,-1.75463,0.00803,0.00125,-0.15789,0.07923,PctHS18_24,1,2624
"Furnas County, Nebraska",Medio Oeste,145.5,172.632,-27.1323,-1.46953,-1.46983,0.00423,0.00046,-0.0958,0.03736,PctHS18_24,1,4862
"Gage County, Nebraska",Medio Oeste,165.2,170.823,-5.62268,-0.30424,-0.30419,0.00229,1e-05,-0.01457,0.00579,region[Medio Oeste],1,21900
"Garden County, Nebraska",Medio Oeste,128.2,156.972,-28.772,-1.55891,-1.55931,0.00497,0.00061,-0.11024,0.04695,MedianAge,1,1918
"Garfield County, Nebraska",Medio Oeste,141,174.531,-33.5311,-1.81783,-1.81857,0.00613,0.00102,-0.14282,0.06536,PctHS18_24,1,2028
"Gosper County, Nebraska",Medio Oeste,187.4,168.65,18.7505,1.01756,1.01757,0.00816,0.00043,0.09231,0.05855,PctHS18_24,1,1973
"Greeley County, Nebraska",Medio Oeste,149,155.57,-6.56963,-0.3566,-0.35654,0.00858,6e-05,-0.03317,0.01693,PctHS18_24,1,2429
"Hall County, Nebraska",Medio Oeste,160.8,180.447,-19.647,-1.06411,-1.06413,0.00422,0.00024,-0.0693,0.03458,region[Medio Oeste],1,61680
"Hamilton County, Nebraska",Medio Oeste,155.8,154.37,1.42978,0.07748,0.07746,0.00524,0,0.00562,0.00247,PctUnemployed16_Over:region[Medio Oeste],1,9190
"Harlan County, Nebraska",Medio Oeste,223.9,159.92,63.9803,3.46775,3.47455,0.00566,0.00342,0.26208,0.14615,PctUnemployed16_Over:region[Medio Oeste],1,3452
"Hitchcock County, Nebraska",Medio Oeste,183.7,180.529,3.17135,0.17214,0.17211,0.00857,1e-05,0.016,0.00666,BirthRate,1,2883
"Holt County, Nebraska",Medio Oeste,155.3,148.437,6.86322,0.37199,0.37194,0.00569,4e-05,0.02814,0.01585,PctUnemployed16_Over:region[Medio Oeste],1,10313
"Howard County, Nebraska",Medio Oeste,155.2,163.64,-8.44042,-0.45739,-0.45732,0.00528,6e-05,-0.03333,0.02073,BirthRate,1,6409
"Jefferson County, Nebraska",Medio Oeste,201.3,162.049,39.2506,2.12673,2.12806,0.00504,0.00114,0.1514,0.0633,PctBachDeg25_Over:region[Medio Oeste],1,7263
"Johnson County, Nebraska",Medio Oeste,185.6,170.458,15.1421,0.82037,0.82032,0.00484,0.00016,0.0572,0.02585,PctUnemployed16_Over:region[Medio Oeste],1,5173
"Kearney County, Nebraska",Medio Oeste,136.4,161.078,-24.6776,-1.33868,-1.33887,0.00736,0.00066,-0.11528,0.08647,BirthRate,1,6585
"Keith County, Nebraska",Medio Oeste,161.3,162.285,-0.98478,-0.05339,-0.05338,0.00605,0,-0.00416,0.00197,BirthRate,1,8063
"Kimball County, Nebraska",Medio Oeste,203.8,168.962,34.838,1.8881,1.88895,0.00552,0.00099,0.14067,0.06535,BirthRate,1,3689
"Knox County, Nebraska",Medio Oeste,161.7,169.378,-7.67768,-0.41561,-0.41555,0.00317,3e-05,-0.02344,0.01105,PctUnemployed16_Over:region[Medio Oeste],1,8543
"Lancaster County, Nebraska",Medio Oeste,153.5,154.069,-0.56878,-0.03087,-0.03087,0.00866,0,-0.00289,0.00192,PctBachDeg25_Over:region[Medio Oeste],1,306468
"Lincoln County, Nebraska",Medio Oeste,167,169.505,-2.50484,-0.13556,-0.13554,0.00269,0,-0.00705,0.00334,PctHS25_Over,1,35656
"Madison County, Nebraska",Medio Oeste,161.2,170.528,-9.3278,-0.50534,-0.50527,0.00474,6e-05,-0.03487,0.01837,PctHS25_Over,1,35039
"Merrick County, Nebraska",Medio Oeste,163.6,173.482,-9.88174,-0.53519,-0.53512,0.00416,6e-05,-0.03457,0.01771,PctHS25_Over,1,7787
"Morrill County, Nebraska",Medio Oeste,131.6,167.708,-36.1079,-1.95419,-1.95517,0.00273,0.00052,-0.10235,0.04446,PctHS25_Over,1,4854
"Nance County, Nebraska",Medio Oeste,141.8,156.205,-14.4053,-0.78051,-0.78045,0.00498,0.00015,-0.05523,0.02362,PctUnemployed16_Over:region[Medio Oeste],1,3595
"Nemaha County, Nebraska",Medio Oeste,164.7,162.776,1.9239,0.10444,0.10442,0.00877,0,0.00982,0.00563,PctBachDeg25_Over:region[Medio Oeste],1,7046
"Nuckolls County, Nebraska",Medio Oeste,154.3,164.365,-10.0652,-0.54537,-0.5453,0.00503,8e-05,-0.03878,0.01647,PctUnemployed16_Over:region[Medio Oeste],1,4329
"Otoe County, Nebraska",Medio Oeste,149.1,160.914,-11.8137,-0.63939,-0.63932,0.0028,6e-05,-0.03385,0.0118,BirthRate,1,15984
"Pawnee County, Nebraska",Medio Oeste,171.1,164.036,7.06379,0.38356,0.3835,0.0093,7e-05,0.03716,0.02084,PctHS18_24,1,2659
"Perkins County, Nebraska",Medio Oeste,147.5,136.085,11.4151,0.61923,0.61917,0.00737,0.00014,0.05333,0.02593,PctUnemployed16_Over:region[Medio Oeste],1,2944
"Phelps County, Nebraska",Medio Oeste,173.5,151.808,21.6918,1.17577,1.17585,0.00577,0.0004,0.08956,0.04753,BirthRate,1,9296
"Pierce County, Nebraska",Medio Oeste,159.5,159.613,-0.1128,-0.00611,-0.00611,0.00342,0,-0.00036,0.0002,BirthRate,1,7208
"Platte County, Nebraska",Medio Oeste,155.1,158.777,-3.67731,-0.19912,-0.19908,0.00371,1e-05,-0.01215,0.00597,PctBachDeg25_Over,1,32847
"Polk County, Nebraska",Medio Oeste,187.7,148.393,39.3072,2.12958,2.13091,0.00483,0.0011,0.14852,0.07508,PctUnemployed16_Over:region[Medio Oeste],1,5202
"Red Willow County, Nebraska",Medio Oeste,172.7,169.937,2.76347,0.1497,0.14967,0.00459,1e-05,0.01016,0.00563,BirthRate,1,10829
"Richardson County, Nebraska",Medio Oeste,192.2,172.552,19.6482,1.06402,1.06405,0.00394,0.00022,0.06695,0.03145,PctPublicCoverageAlone,1,8094
"Rock County, Nebraska",Medio Oeste,187.3,170.609,16.6911,0.9055,0.90547,0.00749,0.00031,0.07865,0.03252,PctUnemployed16_Over:region[Medio Oeste],1,1381
"Saline County, Nebraska",Medio Oeste,181.9,182.13,-0.23018,-0.01252,-0.01251,0.01217,0,-0.00139,0.00057,PctBachDeg25_Over:region[Medio Oeste],1,14282
"Sarpy County, Nebraska",Medio Oeste,169.9,153.687,16.2126,0.88016,0.88013,0.0089,0.00035,0.08342,0.05633,PctBachDeg25_Over:region[Medio Oeste],1,175692
"Saunders County, Nebraska",Medio Oeste,176.2,156.416,19.784,1.07081,1.07084,0.00289,0.00017,0.05761,0.02309,PctUnemployed16_Over:region[Medio Oeste],1,21016
"Scotts Bluff County, Nebraska",Medio Oeste,160.2,168.885,-8.68518,-0.47003,-0.46997,0.00266,3e-05,-0.02428,0.01381,region[Medio Oeste],1,36261
"Davidson County, Tennessee",Sur,190.8,176.518,14.282,0.77469,0.77463,0.00718,0.00022,0.06589,0.04598,PctBachDeg25_Over,1,678889
"Decatur County, Tennessee",Sur,212.3,197.073,15.2271,0.824,0.82395,0.00248,8e-05,0.04105,0.02063,const,1,11660
"DeKalb County, Tennessee",Sur,202.8,191.174,11.6259,0.62912,0.62906,0.00248,5e-05,0.03138,0.01567,const,1,19182
"Dickson County, Tennessee",Sur,199.1,205.054,-5.95429,-0.32227,-0.32222,0.00288,2e-05,-0.01733,0.00756,const,1,51487
"Dyer County, Tennessee",Sur,185.6,183.78,1.8197,0.09846,0.09844,0.00225,0,0.00467,0.00325,const,1,37893
"Fayette County, Tennessee",Sur,174.7,181.223,-6.52293,-0.35295,-0.35289,0.00229,1e-05,-0.01692,0.01219,const,1,39165
"Fentress County, Tennessee",Sur,230.9,220.179,10.7205,0.58059,0.58053,0.00408,7e-05,0.03716,0.02316,PctPublicCoverageAlone,1,17917
"Franklin County, Tennessee",Sur,180.5,193.538,-13.038,-0.70505,-0.70499,0.0011,3e-05,-0.02341,0.01925,const,1,41449
"Gibson County, Tennessee",Sur,214.7,198.281,16.4186,0.88791,0.88788,0.00122,5e-05,0.03104,0.01937,const,1,49399
"Giles County, Tennessee",Sur,199.9,196.242,3.65834,0.19791,0.19787,0.00186,0,0.00855,0.00525,const,1,28946
"Grainger County, Tennessee",Sur,211,211.652,-0.65246,-0.03532,-0.03531,0.00317,0,-0.00199,0.00096,PctHS18_24,1,22846
"Greene County, Tennessee",Sur,194.7,202.157,-7.45693,-0.40349,-0.40343,0.00234,2e-05,-0.01953,0.00977,const,1,68580
"Grundy County, Tennessee",Sur,218.9,213.98,4.92047,0.26656,0.26652,0.00471,2e-05,0.01833,0.01103,PctPublicCoverageAlone,1,13441
"Hamblen County, Tennessee",Sur,197.9,206.223,-8.32285,-0.45041,-0.45035,0.00261,3e-05,-0.02306,0.01053,PctHS25_Over,1,63402
"Hamilton County, Tennessee",Sur,172.9,179.612,-6.71229,-0.3632,-0.36314,0.00233,2e-05,-0.01755,0.01246,const,1,354098
"Hancock County, Tennessee",Sur,230.9,216.47,14.4299,0.78203,0.78198,0.00548,0.00017,0.05804,0.03649,PctHS18_24,1,6572
"Hardeman County, Tennessee",Sur,213.7,217.644,-3.94438,-0.21402,-0.21399,0.00787,2e-05,-0.01905,0.01577,PctUnemployed16_Over,1,25707
"Hardin County, Tennessee",Sur,185.9,201.092,-15.1924,-0.82253,-0.82248,0.00349,0.00012,-0.04865,0.02969,PctUnemployed16_Over,1,25756
"Hawkins County, Tennessee",Sur,211.8,210.548,1.25182,0.06773,0.06772,0.00225,0,0.00322,0.00155,const,1,56471
"Haywood County, Tennessee",Sur,183.7,206.169,-22.4693,-1.21585,-1.21596,0.0024,0.00018,-0.0597,0.03237,PctHS18_24,1,18023
"Henderson County, Tennessee",Sur,204.5,202.615,1.8848,0.10194,0.10192,0.00134,0,0.00373,0.00196,const,1,28015
"Henry County, Tennessee",Sur,219.1,208.828,10.2718,0.55601,0.55594,0.00307,5e-05,0.03083,0.01629,PctHS18_24,1,32147
"Hickman County, Tennessee",Sur,213.5,214.754,-1.25368,-0.06785,-0.06784,0.0028,0,-0.00359,0.00137,incidenceRate,1,24363
"Houston County, Tennessee",Sur,219,200.981,18.0192,0.97539,0.97538,0.0031,0.00015,0.05439,0.03442,PctHS25_Over,1,8149
"Humphreys County, Tennessee",Sur,222.6,207.244,15.3558,0.83104,0.831,0.00267,9e-05,0.04301,0.02124,const,1,18135
"Jackson County, Tennessee",Sur,196.5,214.885,-18.385,-0.99661,-0.99661,0.00594,0.0003,-0.07701,0.03344,PctUnemployed16_Over,1,11509
"Jefferson County, Tennessee",Sur,185.3,198.52,-13.2196,-0.71498,-0.71492,0.00142,4e-05,-0.02696,0.01649,const,1,53240
"Johnson County, Tennessee",Sur,211.3,198.043,13.2572,0.71754,0.71748,0.00287,7e-05,0.03851,0.01679,AvgHouseholdSize,1,17830
"Knox County, Tennessee",Sur,181.6,180.473,1.12707,0.06104,0.06103,0.00415,0,0.00394,0.00244,const,1,451324
"Lake County, Tennessee",Sur,247.6,211.971,35.6293,1.93213,1.93307,0.0067,0.00126,0.1588,0.10567,PctPublicCoverageAlone,1,7576
"Lauderdale County, Tennessee",Sur,218.3,221.981,-3.68062,-0.19942,-0.19938,0.00493,1e-05,-0.01403,0.00739,PctHS18_24,1,26936
"Lawrence County, Tennessee",Sur,187.3,193.939,-6.63893,-0.35925,-0.35919,0.00243,2e-05,-0.01774,0.00837,const,1,42564
"Lewis County, Tennessee",Sur,217.1,219.23,-2.12952,-0.11541,-0.11539,0.00548,0,-0.00857,0.00599,PctHS18_24,1,11854
"Lincoln County, Tennessee",Sur,193,185.933,7.06699,0.38236,0.3823,0.00213,2e-05,0.01768,0.01297,const,1,33743
"Loudon County, Tennessee",Sur,170.6,189.28,-18.6801,-1.01175,-1.01176,0.00426,0.00022,-0.06615,0.04254,PctHS18_24,1,51130
"McMinn County, Tennessee",Sur,195.9,194.653,1.2468,0.06744,0.06743,0.00173,0,0.0028,0.00161,const,1,52639
"McNairy County, Tennessee",Sur,210.7,202.211,8.48899,0.45986,0.45979,0.00459,5e-05,0.03123,0.0209,PctUnemployed16_Over,1,26066
"Macon County, Tennessee",Sur,211.2,217.42,-6.2196,-0.33678,-0.33673,0.00375,2e-05,-0.02066,0.00979,PctBachDeg25_Over,1,23177
"Madison County, Tennessee",Sur,176.3,181.899,-5.59931,-0.30307,-0.30302,0.00295,1e-05,-0.01648,0.01173,PctBachDeg25_Over,1,97610
"Marion County, Tennessee",Sur,220.2,207.513,12.6873,0.68692,0.68686,0.00355,8e-05,0.04099,0.02072,BirthRate,1,28487
"Marshall County, Tennessee",Sur,216.9,200.877,16.0225,0.86698,0.86695,0.00235,9e-05,0.04207,0.02143,const,1,31552
"Maury County, Tennessee",Sur,187.4,189.395,-1.99545,-0.10791,-0.1079,0.00124,0,-0.0038,0.00315,const,1,87757
"Meigs County, Tennessee",Sur,229.6,211.013,18.5871,1.0085,1.0085,0.00777,0.0004,0.08924,0.05605,PctHS18_24,1,11830
"Monroe County, Tennessee",Sur,207,206.989,0.01143,0.00062,0.00062,0.00314,0,3e-05,2e-05,PctHS18_24,1,45771
"Montgomery County, Tennessee",Sur,195.4,181.197,14.203,0.76905,0.76899,0.0037,0.00011,0.04686,0.02739,MedianAge,1,193479
"Moore County, Tennessee",Sur,137.3,173.998,-36.6985,-1.98867,-1.98971,0.00526,0.00105,-0.14465,0.08978,BirthRate,1,6322
"Morgan County, Tennessee",Sur,191.1,217.728,-26.6276,-1.44266,-1.44294,0.00489,0.00051,-0.10113,0.04362,PctHS25_Over,1,21498
"Obion County, Tennessee",Sur,215.6,199.111,16.4894,0.89236,0.89233,0.00262,0.0001,0.04571,0.02187,PctHS18_24,1,30639
"Overton County, Tennessee",Sur,220.1,205.184,14.9158,0.80709,0.80704,0.00233,8e-05,0.03897,0.01908,const,1,22129
"Perry County, Tennessee",Sur,198.4,210.86,-12.4596,-0.67535,-0.67528,0.00575,0.00013,-0.05136,0.03326,PctHS18_24,1,7929
"Pickett County, Tennessee",Sur,160,205.685,-45.6851,-2.48245,-2.48473,0.01071,0.00333,-0.25849,0.13819,PctBachDeg25_Over,1,5146
"Polk County, Tennessee",Sur,244,209.314,34.6863,1.87794,1.87878,0.00347,0.00061,0.11081,0.07024,BirthRate,1,16773
"Putnam County, Tennessee",Sur,189.2,190.563,-1.36338,-0.07383,-0.07382,0.00401,0,-0.00468,0.00268,MedianAge,1,74553
"Rhea County, Tennessee",Sur,193.5,215.503,-22.0027,-1.19049,-1.19057,0.0022,0.00016,-0.05593,0.03208,incidenceRate,1,32526
"Roane County, Tennessee",Sur,198.7,197.728,0.97209,0.05259,0.05258,0.00193,0,0.00231,0.00128,const,1,52753
"Robertson County, Tennessee",Sur,187.2,195.837,-8.63747,-0.46729,-0.46722,0.00197,2e-05,-0.02077,0.01201,const,1,68570
"Rutherford County, Tennessee",Sur,177.6,172.276,5.32441,0.28844,0.28839,0.00467,2e-05,0.01976,0.01329,PctBachDeg25_Over,1,298612
"Scott County, Tennessee",Sur,255.9,233.19,22.7097,1.23088,1.23099,0.00567,0.00043,0.09295,0.03959,PctHS18_24,1,21950
"Sequatchie County, Tennessee",Sur,227.4,200.311,27.089,1.46551,1.46581,0.00196,0.00021,0.065,0.03286,BirthRate,1,14811
"Sevier County, Tennessee",Sur,185.2,198.22,-13.02,-0.70423,-0.70416,0.00153,4e-05,-0.02754,0.01909,const,1,95946
"Shelby County, Tennessee",Sur,202.7,182.579,20.1206,1.08949,1.08952,0.00373,0.00022,0.06671,0.04418,PctBachDeg25_Over,1,938069
"Smith County, Tennessee",Sur,225.1,208.512,16.5882,0.89875,0.89872,0.00492,0.0002,0.06321,0.03714,PctUnemployed16_Over,1,19295
"Stewart County, Tennessee",Sur,230.1,207.437,22.6631,1.22683,1.22694,0.00321,0.00024,0.06958,0.03088,PctPublicCoverageAlone,1,13259
"Sullivan County, Tennessee",Sur,187.2,191.15,-3.95017,-0.21364,-0.21361,0.0014,0,-0.00801,0.0065,const,1,156791
"Sumner County, Tennessee",Sur,162.5,181.579,-19.0786,-1.03224,-1.03225,0.00213,0.00011,-0.04772,0.035,const,1,175989
"Tipton County, Tennessee",Sur,208.4,199.273,9.12679,0.49388,0.49381,0.00244,3e-05,0.02441,0.00962,PctPublicCoverageAlone,1,61870
"Trousdale County, Tennessee",Sur,217,202.97,14.0303,0.75968,0.75963,0.00366,0.00011,0.04604,0.03116,BirthRate,1,8042
"Unicoi County, Tennessee",Sur,196.1,197.468,-1.36821,-0.07408,-0.07407,0.00354,0,-0.00442,0.00283,PctUnemployed16_Over,1,17860
"Union County, Tennessee",Sur,221.3,222.551,-1.25081,-0.06772,-0.06771,0.00353,0,-0.00403,0.00148,incidenceRate,1,19119
"Van Buren County, Tennessee",Sur,174.1,205.862,-31.7619,-1.72055,-1.72115,0.00456,0.00068,-0.11649,0.0718,PctHS25_Over,1,5677
"Warren County, Tennessee",Sur,209.6,203.633,5.96659,0.32291,0.32286,0.00272,1e-05,0.01687,0.00761,const,1,40435
"Washington County, Tennessee",Sur,176.7,179.778,-3.07836,-0.16663,-0.1666,0.00309,0,-0.00927,0.00642,const,1,126302
"Wayne County, Tennessee",Sur,201.4,205.454,-4.0538,-0.21942,-0.21938,0.00296,1e-05,-0.01195,0.00517,PctHS18_24,1,16748
"Weakley County, Tennessee",Sur,205.4,188.145,17.2551,0.93528,0.93526,0.00575,0.00025,0.07114,0.0414,PctHS25_Over,1,33960
"White County, Tennessee",Sur,203.7,203.812,-0.11202,-0.00606,-0.00606,0.00267,0,-0.00031,0.00013,PctHS18_24,1,26521
"Williamson County, Tennessee",Sur,139,138.474,0.52606,0.02873,0.02872,0.02062,0,0.00417,0.00321,PctBachDeg25_Over,1,211672
"Wilson County, Tennessee",Sur,179.2,174.34,4.86001,0.26317,0.26313,0.00384,1e-05,0.01633,0.01116,PctBachDeg25_Over,1,128911
"Anderson County, Texas",Sur,245.2,181.973,63.2273,3.42672,3.43326,0.00553,0.00326,0.256,0.14801,PctUnemployed16_Over,1,57580
"Andrews County, Texas",Sur,182.2,175.45,6.75009,0.36654,0.36648,0.00936,6e-05,0.03562,0.0165,PctBachDeg25_Over,1,18105
"Angelina County, Texas",Sur,168.3,197.981,-29.6809,-1.60577,-1.60622,0.00201,0.00026,-0.07214,0.03413,PctHS25_Over,1,88255
"Aransas County, Texas",Sur,194.6,177.836,16.7644,0.90798,0.90796,0.00424,0.00018,0.05924,0.03656,MedianAge,1,25350
"Archer County, Texas",Sur,138.8,142.174,-3.37435,-0.18302,-0.18299,0.00707,1e-05,-0.01544,0.00978,incidenceRate,1,8715
"Armstrong County, Texas",Sur,213.4,166.036,47.364,2.57519,2.57777,0.01186,0.00398,0.28245,0.15701,PctHS25_Over,1,1947
"Atascosa County, Texas",Sur,169.1,174.571,-5.47074,-0.29618,-0.29613,0.00339,1e-05,-0.01728,0.00903,AvgHouseholdSize,1,48435
"Austin County, Texas",Sur,160.1,169.132,-9.03193,-0.48904,-0.48897,0.00364,4e-05,-0.02957,0.01917,PctHS18_24,1,29563
"Bailey County, Texas",Sur,110.4,168.14,-57.7397,-3.14026,-3.1452,0.01245,0.00622,-0.35318,0.21028,PctBachDeg25_Over,1,7210
"Bandera County, Texas",Sur,140,160.631,-20.6308,-1.11849,-1.11854,0.0062,0.00039,-0.08832,0.04667,MedianAge,1,21269
"Bastrop County, Texas",Sur,181.8,169.18,12.6205,0.68338,0.68332,0.00377,9e-05,0.04201,0.01943,PctPublicCoverageAlone,1,80527
"Baylor County, Texas",Sur,212.3,172.653,39.6471,2.15104,2.15242,0.00765,0.00178,0.18898,0.10994,const,1,3618
"Bee County, Texas",Sur,151.6,171.245,-19.6446,-1.06483,-1.06485,0.00581,0.00033,-0.08143,0.0462,PctBachDeg25_Over,1,32874
"Bell County, Texas",Sur,177.3,183.288,-5.98786,-0.32423,-0.32418,0.00376,2e-05,-0.01992,0.00868,PctPublicCoverageAlone,1,334941
"Bexar County, Texas",Sur,157.2,162.642,-5.44167,-0.29459,-0.29455,0.00332,1e-05,-0.017,0.00804,const,1,1.89775e+06
"Blanco County, Texas",Sur,154,146.345,7.65472,0.41507,0.41501,0.00652,6e-05,0.03361,0.01894,MedianAge,1,11004
"Bosque County, Texas",Sur,190.7,171.525,19.1751,1.03777,1.03778,0.00273,0.00015,0.05428,0.02565,const,1,17891
"Bowie County, Texas",Sur,184.8,184.368,0.43203,0.02337,0.02336,0.00143,0,0.00088,0.00063,const,1,93389
"Brazoria County, Texas",Sur,169.3,162.527,6.77327,0.36664,0.36659,0.00311,2e-05,0.02048,0.01248,const,1,346312
"Brazos County, Texas",Sur,151.8,162.519,-10.719,-0.58186,-0.58179,0.00869,0.00015,-0.05448,0.03171,MedianAge,1,215037
"Brewster County, Texas",Sur,160.4,152.205,8.19528,0.44448,0.44442,0.00699,7e-05,0.03729,0.01856,const,1,9145
"Brooks County, Texas",Sur,173.3,186.506,-13.2063,-0.71971,-0.71965,0.01646,0.00043,-0.0931,0.06638,PctUnemployed16_Over,1,7230
"Brown County, Texas",Sur,188.4,178.295,10.1053,0.54727,0.5472,0.00407,6e-05,0.03496,0.02125,PctUnemployed16_Over,1,37896
"Bienville Parish, Louisiana",Sur,224,211.807,12.1928,0.65997,0.6599,0.00298,7e-05,0.03608,0.01906,BirthRate,1,13786
"Bossier Parish, Louisiana",Sur,172.6,187.874,-15.2741,-0.8266,-0.82655,0.00261,9e-05,-0.04228,0.02675,const,1,125175
"Caddo Parish, Louisiana",Sur,199.4,196.54,2.85961,0.15477,0.15474,0.00281,0,0.00822,0.00493,PctPublicCoverageAlone,1,251460
"Calcasieu Parish, Louisiana",Sur,192.2,195.886,-3.68635,-0.19942,-0.19939,0.00189,0,-0.00868,0.00621,const,1,198788
"Caldwell Parish, Louisiana",Sur,200.1,206.767,-6.66662,-0.36089,-0.36083,0.00321,2e-05,-0.02047,0.01218,BirthRate,1,9993
"Cameron Parish, Louisiana",Sur,133.3,190.006,-56.7063,-3.07105,-3.07565,0.00407,0.00193,-0.19664,0.11003,const,1,6817
"Catahoula Parish, Louisiana",Sur,224.9,208.377,16.5234,0.89439,0.89436,0.00303,0.00012,0.04934,0.02583,BirthRate,1,10147
"Claiborne Parish, Louisiana",Sur,177.8,205.58,-27.7801,-1.50413,-1.50446,0.00359,0.00041,-0.09034,0.05277,BirthRate,1,16295
"Concordia Parish, Louisiana",Sur,216.1,205.909,10.1906,0.55203,0.55196,0.00455,7e-05,0.0373,0.01896,PctPublicCoverageAlone,1,20142
"De Soto Parish, Louisiana",Sur,197.8,203.369,-5.5693,-0.30145,-0.30141,0.003,1e-05,-0.01652,0.01149,PctHS18_24,1,27052
"East Baton Rouge Parish, Louisiana",Sur,178.8,183.094,-4.29359,-0.23269,-0.23265,0.00548,1e-05,-0.01727,0.0113,PctBachDeg25_Over,1,446753
"East Carroll Parish, Louisiana",Sur,250.7,237.81,12.89,0.70129,0.70123,0.01316,0.00033,0.08097,0.04463,PctUnemployed16_Over,1,7307
"East Feliciana Parish, Louisiana",Sur,212.2,218.692,-6.49156,-0.3518,-0.35175,0.00541,3e-05,-0.02594,0.01501,incidenceRate,1,19696
"Evangeline Parish, Louisiana",Sur,211.4,203.555,7.84451,0.42474,0.42467,0.0036,3e-05,0.02553,0.01574,PctPublicCoverageAlone,1,33743
"Franklin Parish, Louisiana",Sur,140.5,209.469,-68.9689,-3.73179,-3.74037,0.00227,0.00159,-0.17854,0.06531,PctBachDeg25_Over,1,20410
"Grant Parish, Louisiana",Sur,222.7,212.106,10.5936,0.57352,0.57345,0.00339,6e-05,0.03346,0.01685,PctHS18_24,1,22343
"Iberia Parish, Louisiana",Sur,205.9,210.877,-4.97724,-0.26935,-0.2693,0.00255,1e-05,-0.01361,0.00572,PctHS25_Over,1,74103
"Iberville Parish, Louisiana",Sur,225.1,219.549,5.55072,0.30059,0.30055,0.00396,2e-05,0.01894,0.01443,incidenceRate,1,33095
"Jackson Parish, Louisiana",Sur,217.7,215.289,2.41054,0.1305,0.13047,0.00328,0,0.00748,0.00419,PctUnemployed16_Over,1,15858
"Jefferson Parish, Louisiana",Sur,188.6,186.123,2.47731,0.13405,0.13403,0.00239,0,0.00655,0.00444,const,1,436275
"Jefferson Davis Parish, Louisiana",Sur,208,206.761,1.23887,0.06703,0.06702,0.00228,0,0.0032,0.00173,const,1,31439
"Lafayette Parish, Louisiana",Sur,182.9,180.823,2.07714,0.11252,0.1125,0.00456,0,0.00762,0.00473,const,1,240098
"Lafourche Parish, Louisiana",Sur,198.7,194.847,3.85292,0.20842,0.20839,0.00178,0,0.00879,0.00527,const,1,98325
"LaSalle Parish, Louisiana",Sur,209.6,201.544,8.05609,0.43626,0.4362,0.00391,4e-05,0.02734,0.01288,MedianAge,1,14974
"Lincoln Parish, Louisiana",Sur,205.7,178.085,27.6147,1.49959,1.49993,0.00946,0.00107,0.14658,0.07763,MedianAge,1,47774
"Livingston Parish, Louisiana",Sur,186.5,194.773,-8.27285,-0.44787,-0.44781,0.00336,3e-05,-0.02601,0.0166,PctHS25_Over,1,137788
"Madison Parish, Louisiana",Sur,181.9,193.341,-11.4408,-0.62098,-0.62091,0.0085,0.00017,-0.05748,0.04279,PctUnemployed16_Over,1,11514
"Morehouse Parish, Louisiana",Sur,186.4,206.496,-20.0964,-1.08827,-1.08831,0.00391,0.00023,-0.06816,0.04684,PctPublicCoverageAlone,1,26395
"Natchitoches Parish, Louisiana",Sur,181.5,195.925,-14.4248,-0.78084,-0.78078,0.00312,0.0001,-0.0437,0.0172,MedianAge,1,39179
"Orleans Parish, Louisiana",Sur,193.6,187.613,5.98679,0.32462,0.32457,0.00651,3e-05,0.02627,0.01404,PctBachDeg25_Over,1,389617
"Ouachita Parish, Louisiana",Sur,199.7,193.758,5.94181,0.3216,0.32155,0.00288,1e-05,0.01727,0.01045,const,1,156761
"Plaquemines Parish, Louisiana",Sur,180.7,188.024,-7.32411,-0.39661,-0.39655,0.00384,3e-05,-0.02462,0.01532,PctUnemployed16_Over,1,23495
"Pointe Coupee Parish, Louisiana",Sur,188.2,200.331,-12.1308,-0.65696,-0.65689,0.00403,9e-05,-0.04181,0.03099,PctHS18_24,1,22251
"Rapides Parish, Louisiana",Sur,189,199.323,-10.3233,-0.55837,-0.5583,0.00152,2e-05,-0.02176,0.01296,const,1,132141
"Red River Parish, Louisiana",Sur,172.2,196.133,-23.9326,-1.29671,-1.29687,0.00498,0.00042,-0.09174,0.06606,BirthRate,1,8593
"Richland Parish, Louisiana",Sur,191.3,197.254,-5.95383,-0.32211,-0.32205,0.00199,1e-05,-0.01439,0.00717,const,1,20523
"Sabine Parish, Louisiana",Sur,202.5,204.909,-2.40931,-0.13036,-0.13034,0.00225,0,-0.00619,0.00286,const,1,24186
"St. Bernard Parish, Louisiana",Sur,233.1,206.249,26.8513,1.45414,1.45443,0.00401,0.00043,0.09228,0.03921,PctHS25_Over,1,45408
"St. Charles Parish, Louisiana",Sur,190.3,185.465,4.83485,0.26164,0.2616,0.00256,1e-05,0.01324,0.00858,const,1,52812
"St. Helena Parish, Louisiana",Sur,212.5,208.581,3.91922,0.21241,0.21237,0.0055,1e-05,0.01579,0.00738,PctUnemployed16_Over,1,10567
"St. James Parish, Louisiana",Sur,201.2,200.562,0.63777,0.03455,0.03454,0.00458,0,0.00234,0.00155,PctHS25_Over,1,21567
"St. John the Baptist Parish, Louisiana",Sur,200.6,194.381,6.21885,0.33648,0.33642,0.00218,1e-05,0.01573,0.00775,const,1,43626
"St. Landry Parish, Louisiana",Sur,217.8,217.24,0.56,0.03035,0.03034,0.00519,0,0.00219,0.00112,PctUnemployed16_Over,1,83848
"St. Martin Parish, Louisiana",Sur,198.1,203.136,-5.03592,-0.27255,-0.27251,0.00277,1e-05,-0.01435,0.00734,const,1,53835
"St. Mary Parish, Louisiana",Sur,200.6,207.409,-6.80895,-0.36847,-0.36842,0.00255,2e-05,-0.01863,0.00989,PctHS25_Over,1,52810
"St. Tammany Parish, Louisiana",Sur,177.7,179.816,-2.11555,-0.11457,-0.11455,0.00396,0,-0.00722,0.00434,PctBachDeg25_Over,1,250088
"Tangipahoa Parish, Louisiana",Sur,207.1,199.608,7.49224,0.40555,0.40549,0.00307,3e-05,0.02251,0.00976,const,1,128755
"Tensas Parish, Louisiana",Sur,142.5,189.45,-46.9499,-2.54744,-2.54992,0.0078,0.00255,-0.22608,0.1542,PctUnemployed16_Over,1,4740
"Terrebonne Parish, Louisiana",Sur,213.2,201.895,11.3053,0.61204,0.61198,0.00337,6e-05,0.03558,0.02202,PctUnemployed16_Over,1,113972
"Union Parish, Louisiana",Sur,220.2,201.819,18.3808,0.99462,0.99462,0.00241,0.00012,0.04886,0.02465,PctHS25_Over,1,22477
"Vermilion Parish, Louisiana",Sur,180.3,211.748,-31.4479,-1.70166,-1.70223,0.00235,0.00034,-0.08263,0.04237,incidenceRate,1,59875
"Vernon Parish, Louisiana",Sur,204.5,194.011,10.4893,0.56812,0.56805,0.00427,7e-05,0.03719,0.02301,MedianAge,1,50803
"Washington Parish, Louisiana",Sur,224.8,223.137,1.66288,0.09006,0.09004,0.00415,0,0.00582,0.00338,PctUnemployed16_Over,1,46371
"Webster Parish, Louisiana",Sur,205,203.004,1.99618,0.108,0.10798,0.00211,0,0.00497,0.00311,const,1,40021
"West Baton Rouge Parish, Louisiana",Sur,182.8,201.402,-18.6015,-1.00701,-1.00701,0.00328,0.00017,-0.05779,0.03488,const,1,25490
"West Carroll Parish, Louisiana",Sur,195.6,195.082,0.51816,0.02807,0.02807,0.00492,0,0.00197,0.00141,PctPublicCoverageAlone,1,11293
"West Feliciana Parish, Louisiana",Sur,148.2,168.626,-20.426,-1.10733,-1.10738,0.00609,0.00038,-0.08667,0.06262,AvgHouseholdSize,1,15385
"Winn Parish, Louisiana",Sur,227.5,213.996,13.5041,0.7311,0.73103,0.0034,9e-05,0.04271,0.02335,PctUnemployed16_Over,1,14568
"Androscoggin County, Maine",Noreste,188,178.465,9.53499,0.51707,0.517,0.00669,9e-05,0.04241,0.03445,region[Noreste],1,107233
"Aroostook County, Maine",Noreste,188.2,179.042,9.15761,0.49716,0.4971,0.00893,0.00011,0.04718,0.03852,region[Noreste],1,68628
"Cumberland County, Maine",Noreste,173.3,160.589,12.7106,0.69581,0.69575,0.02525,0.00063,0.11197,0.0747,PctBachDeg25_Over:region[Noreste],1,289977
"Franklin County, Maine",Noreste,167.5,165.752,1.74793,0.09475,0.09473,0.00591,0,0.0073,0.00505,region[Noreste],1,29991
"Hancock County, Maine",Noreste,165.4,171.503,-6.10334,-0.33126,-0.33121,0.00839,5e-05,-0.03046,0.01492,PctBachDeg25_Over:region[Noreste],1,54659
"Kennebec County, Maine",Noreste,193.2,175.616,17.584,0.95291,0.9529,0.00535,0.00024,0.06991,0.05823,region[Noreste],1,119980
"Knox County, Maine",Noreste,169.4,172.443,-3.04316,-0.16548,-0.16545,0.01212,2e-05,-0.01833,0.00924,PctUnemployed16_Over:region[Noreste],1,39855
"Lincoln County, Maine",Noreste,170.6,157.08,13.5202,0.73921,0.73916,0.02284,0.00064,0.113,0.09131,PctUnemployed16_Over:region[Noreste],1,33969
"Oxford County, Maine",Noreste,189,180.519,8.48129,0.46137,0.4613,0.01288,0.00014,0.0527,0.03642,region[Noreste],1,57202
"Penobscot County, Maine",Noreste,187.5,180.535,6.96479,0.37755,0.37749,0.00597,4e-05,0.02925,0.02125,region[Noreste],1,152692
"Piscataquis County, Maine",Noreste,194,184.58,9.41955,0.51463,0.51456,0.02137,0.00029,0.07605,0.05503,PctUnemployed16_Over:region[Noreste],1,16931
"Sagadahoc County, Maine",Noreste,173.6,168.719,4.88124,0.26573,0.26569,0.01439,5e-05,0.0321,0.0145,PctUnemployed16_Over:region[Noreste],1,35149
"Somerset County, Maine",Noreste,200.2,181.462,18.7382,1.02034,1.02035,0.01484,0.00078,0.12522,0.0973,region[Noreste],1,51113
"Waldo County, Maine",Noreste,180.1,178.125,1.97467,0.10712,0.1071,0.00728,0,0.00917,0.00402,region[Noreste],1,39155
"Washington County, Maine",Noreste,216.7,191.019,25.6812,1.39915,1.39939,0.0159,0.00158,0.1779,0.11787,PctUnemployed16_Over:region[Noreste],1,31625
"York County, Maine",Noreste,173.7,170.039,3.66138,0.19886,0.19883,0.0098,2e-05,0.01978,0.00972,PctUnemployed16_Over:region[Noreste],1,201169
"Allegany County, Maryland",Sur,172.2,210.552,-38.3523,-2.07569,-2.07691,0.00276,0.0006,-0.10934,0.05722,const,1,72528
"Anne Arundel County, Maryland",Sur,176,165.238,10.7623,0.58293,0.58286,0.00431,7e-05,0.03835,0.02421,const,1,564195
"Baltimore County, Maryland",Sur,171,174.27,-3.27017,-0.17704,-0.17701,0.00336,1e-05,-0.01028,0.0069,const,1,831128
"Calvert County, Maryland",Sur,175.2,168.82,6.3799,0.34551,0.34545,0.00403,2e-05,0.02196,0.01111,AvgHouseholdSize,1,90595
"Caroline County, Maryland",Sur,185.6,198.538,-12.938,-0.6998,-0.69973,0.00154,4e-05,-0.0275,0.01606,const,1,32579
"Carroll County, Maryland",Sur,171.1,163.165,7.93526,0.42995,0.42988,0.00498,5e-05,0.03042,0.01877,const,1,167627
"Cecil County, Maryland",Sur,195.5,188.623,6.87698,0.37207,0.37201,0.00208,1e-05,0.01699,0.01151,const,1,102382
"Charles County, Maryland",Sur,186.7,165.83,20.8698,1.12964,1.1297,0.00301,0.00019,0.06205,0.03771,const,1,156118
"Dorchester County, Maryland",Sur,185.4,198.471,-13.0715,-0.70746,-0.7074,0.00279,7e-05,-0.03745,0.02106,const,1,32384
"Frederick County, Maryland",Sur,155.6,157.717,-2.11721,-0.1147,-0.11468,0.00481,0,-0.00797,0.00486,const,1,245322
"Garrett County, Maryland",Sur,154.8,185.31,-30.5103,-1.65149,-1.652,0.00304,0.00042,-0.09119,0.05681,const,1,29460
"Harford County, Maryland",Sur,169.9,173.305,-3.40511,-0.18437,-0.18434,0.00364,1e-05,-0.01114,0.00705,const,1,250290
"Howard County, Maryland",Sur,131.9,138.644,-6.74366,-0.36671,-0.36666,0.01219,8e-05,-0.04073,0.02347,PctBachDeg25_Over,1,313414
"Kent County, Maryland",Sur,180,182.27,-2.2703,-0.12291,-0.12288,0.00331,0,-0.00708,0.00461,const,1,19787
"Montgomery County, Maryland",Sur,120.1,137.113,-17.0133,-0.92374,-0.92371,0.00912,0.00039,-0.08863,0.04115,PctBachDeg25_Over:region[Medio Oeste],1,1.04012e+06
"Prince George's County, Maryland",Sur,172.7,158.809,13.8905,0.75222,0.75216,0.00393,0.00011,0.04723,0.02494,PctOtherRace,1,909535
"Queen Anne's County, Maryland",Sur,173.8,159.999,13.8011,0.74795,0.74789,0.00546,0.00015,0.05544,0.03413,PctBachDeg25_Over,1,48904
"St. Mary's County, Maryland",Sur,181.5,165.694,15.8061,0.85565,0.85561,0.00323,0.00012,0.0487,0.03188,const,1,111413
"Somerset County, Maryland",Sur,216.5,218.198,-1.6981,-0.0921,-0.09208,0.00697,0,-0.00772,0.00376,PctPublicCoverageAlone,1,25768
"Talbot County, Maryland",Sur,161.9,173.741,-11.8413,-0.64129,-0.64122,0.00405,8e-05,-0.0409,0.022,const,1,37512
"Washington County, Maryland",Sur,181,190.404,-9.40354,-0.50855,-0.50848,0.00124,2e-05,-0.0179,0.01568,const,1,149585
"Wicomico County, Maryland",Sur,204.3,199.304,4.99644,0.27046,0.27041,0.00308,1e-05,0.01502,0.0085,const,1,102370
"Worcester County, Maryland",Sur,186.8,186.897,-0.09712,-0.00526,-0.00526,0.00583,0,-0.0004,0.00026,PctBachDeg25_Over,1,51540
"Baltimore city, Maryland",Sur,226,204.979,21.0208,1.13916,1.13922,0.00536,0.00035,0.08362,0.04362,PctPublicCoverageAlone,1,621849
"Barnstable County, Massachusetts",Noreste,163,169.411,-6.41059,-0.34884,-0.34878,0.01352,8e-05,-0.04083,0.02302,PctBachDeg25_Over:region[Noreste],1,214333
"Berkshire County, Massachusetts",Noreste,157,172.838,-15.8384,-0.86027,-0.86023,0.00987,0.00037,-0.0859,0.05303,PctUnemployed16_Over:region[Noreste],1,127828
"Ward County, Texas",Sur,189.6,181.272,8.32835,0.45129,0.45123,0.0052,5e-05,0.03262,0.01918,PctBachDeg25_Over,1,11721
"Washington County, Texas",Sur,158,169.04,-11.0398,-0.59747,-0.5974,0.00269,5e-05,-0.03103,0.02073,const,1,34765
"Webb County, Texas",Sur,139.1,159.878,-20.7777,-1.13264,-1.1327,0.01701,0.00111,-0.14902,0.09925,AvgHouseholdSize,1,269721
"Wharton County, Texas",Sur,173.1,187.594,-14.4945,-0.78459,-0.78453,0.00307,9e-05,-0.04356,0.02197,PctUnemployed16_Over,1,41486
"Wheeler County, Texas",Sur,193.7,170.493,23.2068,1.25742,1.25755,0.00503,0.0004,0.08944,0.04925,const,1,5657
"Wichita County, Texas",Sur,184.8,178.229,6.57084,0.35579,0.35573,0.0037,2e-05,0.02166,0.01517,MedianAge,1,131705
"Wilbarger County, Texas",Sur,181.5,192.86,-11.3603,-0.61515,-0.61508,0.00379,7e-05,-0.03792,0.02349,PctHS18_24,1,13027
"Willacy County, Texas",Sur,167.3,184.191,-16.8906,-0.91873,-0.91871,0.0127,0.00054,-0.10419,0.06353,AvgHouseholdSize,1,21903
"Wilson County, Texas",Sur,152.8,157.473,-4.67284,-0.25304,-0.253,0.00387,1e-05,-0.01577,0.0078,const,1,47520
"Winkler County, Texas",Sur,182.9,167.221,15.6794,0.85074,0.8507,0.00778,0.00028,0.07535,0.04707,PctBachDeg25_Over,1,8005
"Wise County, Texas",Sur,180,168.421,11.5787,0.6266,0.62653,0.00258,5e-05,0.03184,0.01868,const,1,62953
"Wood County, Texas",Sur,167.6,171.944,-4.34391,-0.23513,-0.23509,0.00305,1e-05,-0.013,0.00922,MedianAge,1,43356
"Yoakum County, Texas",Sur,158.8,172.831,-14.0309,-0.75968,-0.75962,0.00355,0.0001,-0.04535,0.02557,PctBachDeg25_Over,1,8546
"Young County, Texas",Sur,191.1,179.539,11.5608,0.62538,0.62532,0.00179,3e-05,0.02645,0.0191,const,1,18270
"Zapata County, Texas",Sur,112.5,179.698,-67.1984,-3.65369,-3.66172,0.01192,0.00805,-0.40218,0.23678,PctHS25_Over,1,14374
"Zavala County, Texas",Sur,126.3,174.195,-47.8947,-2.60311,-2.60578,0.01115,0.00382,-0.27671,0.11693,PctPublicCoverageAlone,1,12235
"Beaver County, Utah",Oeste,168.7,153.034,15.6663,0.85322,0.85318,0.01519,0.00056,0.10597,0.05273,BirthRate,1,6354
"Box Elder County, Utah",Oeste,137.3,147.436,-10.136,-0.55004,-0.54997,0.00805,0.00012,-0.04955,0.02526,region[Oeste],1,52097
"Cache County, Utah",Oeste,104.1,132.239,-28.1393,-1.52966,-1.53003,0.0115,0.00136,-0.16505,0.07341,PctBachDeg25_Over:region[Oeste],1,120783
"Carbon County, Utah",Oeste,155.9,163.995,-8.09472,-0.4394,-0.43934,0.00865,8e-05,-0.04105,0.02564,region[Oeste],1,20479
"Davis County, Utah",Oeste,119.3,138.081,-18.781,-1.02171,-1.02172,0.013,0.00069,-0.11724,0.05566,AvgHouseholdSize,1,336043
"Duchesne County, Utah",Oeste,155.5,167.533,-12.0335,-0.65462,-0.65455,0.01295,0.00028,-0.07497,0.04409,region[Oeste],1,20862
"Emery County, Utah",Oeste,113.2,146.711,-33.5109,-1.82279,-1.82355,0.01273,0.00214,-0.2071,0.11949,region[Oeste],1,10370
"Garfield County, Utah",Oeste,105.4,153.078,-47.6782,-2.58627,-2.58889,0.00727,0.00245,-0.22161,0.14835,region[Oeste],1,5009
"Grand County, Utah",Oeste,179.8,159.76,20.04,1.08932,1.08936,0.0114,0.00068,0.11699,0.08315,PctHS18_24,1,9516
"Iron County, Utah",Oeste,131.1,150.509,-19.4093,-1.0538,-1.05382,0.00906,0.00051,-0.10076,0.0426,PctUnemployed16_Over:region[Oeste],1,48368
"Juab County, Utah",Oeste,136.9,153.27,-16.3703,-0.89157,-0.89154,0.01522,0.00061,-0.11082,0.0627,PctUnemployed16_Over:region[Oeste],1,10594
"Kane County, Utah",Oeste,129,158.975,-29.9755,-1.63075,-1.63123,0.01305,0.00176,-0.18757,0.15278,PctHS18_24,1,7131
"Millard County, Utah",Oeste,131.6,140.109,-8.50895,-0.4618,-0.46174,0.00831,9e-05,-0.04227,0.02601,PctUnemployed16_Over:region[Oeste],1,12645
"Morgan County, Utah",Oeste,138.7,127.238,11.4618,0.62391,0.62385,0.01419,0.00028,0.07484,0.04297,AvgHouseholdSize,1,11065
"Rich County, Utah",Oeste,166.4,134.473,31.9271,1.74089,1.74152,0.01754,0.00271,0.23271,0.16088,AvgHouseholdSize,1,2311
"Salt Lake County, Utah",Oeste,130.9,140.602,-9.7016,-0.52609,-0.52602,0.00665,9e-05,-0.04304,0.01471,PctBachDeg25_Over:region[Oeste],1,1.10731e+06
"San Juan County, Utah",Oeste,123.9,135.238,-11.3377,-0.61882,-0.61875,0.01947,0.00038,-0.08718,0.05334,AvgHouseholdSize,1,15772
"Sanpete County, Utah",Oeste,156.7,145.532,11.1679,0.60591,0.60584,0.00763,0.00014,0.05313,0.03035,region[Oeste],1,28778
"Sevier County, Utah",Oeste,154.2,162.166,-7.96645,-0.43277,-0.43271,0.01021,0.0001,-0.04394,0.02754,region[Oeste],1,20984
"Summit County, Utah",Oeste,123.6,130.901,-7.301,-0.3983,-0.39824,0.01851,0.00015,-0.0547,0.03271,PctBachDeg25_Over:region[Oeste],1,39633
"Tooele County, Utah",Oeste,146.7,162.462,-15.7618,-0.85586,-0.85582,0.00928,0.00034,-0.08285,0.03851,region[Oeste],1,62952
"Uintah County, Utah",Oeste,133.2,150.516,-17.3163,-0.94253,-0.94251,0.01404,0.00063,-0.11248,0.05628,region[Oeste],1,37928
"Utah County, Utah",Oeste,120.4,125.745,-5.3447,-0.29168,-0.29164,0.01925,8e-05,-0.04086,0.02186,AvgHouseholdSize,1,575205
"Wasatch County, Utah",Oeste,114.5,142.4,-27.9004,-1.51794,-1.51829,0.01314,0.00153,-0.17523,0.09295,AvgHouseholdSize,1,29161
"Washington County, Utah",Oeste,124.8,150.804,-26.0035,-1.40843,-1.40868,0.00429,0.00043,-0.09245,0.04896,region[Oeste],1,155602
"Wayne County, Utah",Oeste,129.3,128.944,0.35639,0.01945,0.01945,0.01951,0,0.00274,0.0014,PctUnemployed16_Over:region[Oeste],1,2692
"Weber County, Utah",Oeste,134.2,151.513,-17.3133,-0.93828,-0.93826,0.00542,0.00024,-0.06927,0.04102,region[Oeste],1,243645
"Addison County, Vermont",Noreste,173.3,165.013,8.28703,0.45058,0.45051,0.01191,0.00012,0.04945,0.02364,PctUnemployed16_Over:region[Noreste],1,37035
"Bennington County, Vermont",Noreste,176.1,179.751,-3.6509,-0.19895,-0.19892,0.01635,3e-05,-0.02564,0.01279,PctPublicCoverageAlone,1,36317
"Caledonia County, Vermont",Noreste,184.3,184.907,-0.60658,-0.03294,-0.03293,0.0092,0,-0.00317,0.00192,region[Noreste],1,30780
"Chittenden County, Vermont",Noreste,159,158.42,0.57997,0.03193,0.03193,0.03643,0,0.00621,0.00423,PctBachDeg25_Over:region[Noreste],1,161382
"Essex County, Vermont",Noreste,171.3,190.112,-18.8124,-1.02482,-1.02482,0.01568,0.00084,-0.12937,0.09286,region[Noreste],1,6163
"Franklin County, Vermont",Noreste,187.8,171.751,16.049,0.87552,0.87548,0.01848,0.00072,0.12012,0.09278,PctUnemployed16_Over:region[Noreste],1,48799
"Grand Isle County, Vermont",Noreste,206.1,185.17,20.9296,1.1363,1.13636,0.009,0.00059,0.10827,0.04416,PctBachDeg25_Over:region[Noreste],1,6861
"Lamoille County, Vermont",Noreste,173.7,169.335,4.36462,0.23928,0.23924,0.02814,8e-05,0.04071,0.02414,PctUnemployed16_Over:region[Noreste],1,25235
"Orange County, Vermont",Noreste,175.5,173.051,2.44901,0.13371,0.13369,0.02006,2e-05,0.01912,0.01519,PctUnemployed16_Over:region[Noreste],1,28899
"Orleans County, Vermont",Noreste,172,180.417,-8.41686,-0.45942,-0.45935,0.01956,0.00021,-0.06488,0.03731,PctUnemployed16_Over:region[Noreste],1,27100
"Rutland County, Vermont",Noreste,178.8,176.463,2.33739,0.12681,0.12679,0.00763,1e-05,0.01112,0.00499,region[Noreste],1,59736
"Washington County, Vermont",Noreste,165.8,167.158,-1.35818,-0.07417,-0.07415,0.02044,1e-05,-0.01071,0.00619,PctUnemployed16_Over:region[Noreste],1,58612
"Windham County, Vermont",Noreste,183.7,174.667,9.0335,0.49074,0.49068,0.01021,0.00012,0.04983,0.02466,PctPublicCoverageAlone,1,43386
"Windsor County, Vermont",Noreste,160.4,169.174,-8.77386,-0.47796,-0.47789,0.01568,0.00018,-0.06032,0.03984,PctUnemployed16_Over:region[Noreste],1,55737
"Accomack County, Virginia",Sur,216.2,194.718,21.4821,1.16227,1.16234,0.00212,0.00014,0.05355,0.03673,const,1,32973
"Albemarle County, Virginia",Sur,143.8,142.788,1.01193,0.05491,0.0549,0.00793,0,0.00491,0.00247,const,1,105703
"Alleghany County, Virginia",Sur,189.5,175.919,13.5806,0.73563,0.73557,0.00445,0.00012,0.0492,0.02587,const,1,15677
"Amelia County, Virginia",Sur,216.5,195.134,21.3655,1.1587,1.15877,0.00683,0.00046,0.09606,0.04442,PctHS18_24,1,12903
"Amherst County, Virginia",Sur,183.9,179.66,4.24026,0.22934,0.2293,0.00145,0,0.00873,0.00706,const,1,31914
"Appomattox County, Virginia",Sur,178.9,186.639,-7.73939,-0.41876,-0.4187,0.00227,2e-05,-0.01997,0.00945,const,1,15414
"Arlington County, Virginia",Sur,136.5,125.497,11.0031,0.60056,0.60049,0.01947,0.00036,0.08462,0.0415,PctBachDeg25_Over,1,229164
"Augusta County, Virginia",Sur,167.1,172.594,-5.49448,-0.29755,-0.2975,0.00398,2e-05,-0.01881,0.01144,const,1,74314
"Bath County, Virginia",Sur,173,174.83,-1.82954,-0.09923,-0.09921,0.00697,0,-0.00831,0.00474,PctPublicCoverageAlone,1,4470
"Bland County, Virginia",Sur,220.5,198.013,22.4868,1.21782,1.21792,0.00407,0.0003,0.07784,0.04413,PctHS18_24,1,6561
"Botetourt County, Virginia",Sur,148.7,158.12,-9.42004,-0.51032,-0.51025,0.00469,6e-05,-0.03503,0.0222,const,1,33347
"Brunswick County, Virginia",Sur,165.3,196.708,-31.408,-1.69951,-1.70008,0.00236,0.00034,-0.08269,0.05523,PctBachDeg25_Over,1,16698
"Buchanan County, Virginia",Sur,175.8,181.529,-5.72933,-0.31063,-0.31058,0.00627,3e-05,-0.02468,0.01415,incidenceRate,1,22776
"Buckingham County, Virginia",Sur,191.8,185.517,6.28259,0.34019,0.34013,0.00372,2e-05,0.02078,0.00875,incidenceRate,1,17032
"Campbell County, Virginia",Sur,160.1,169.371,-9.27118,-0.5017,-0.50164,0.0025,3e-05,-0.0251,0.01636,const,1,55086
"Caroline County, Virginia",Sur,201.8,197.82,3.9805,0.21534,0.21531,0.00195,0,0.00952,0.00582,const,1,29984
"Carroll County, Virginia",Sur,172.5,176.585,-4.08514,-0.22109,-0.22106,0.00277,1e-05,-0.01165,0.00587,const,1,29724
"Charles City County, Virginia",Sur,214.2,197.433,16.7673,0.90796,0.90793,0.00383,0.00016,0.05626,0.03313,PctBachDeg25_Over,1,7040
"Charlotte County, Virginia",Sur,182.2,192.449,-10.2491,-0.5555,-0.55543,0.00563,9e-05,-0.0418,0.0237,PctUnemployed16_Over,1,12201
"Chesterfield County, Virginia",Sur,165,169.008,-4.00808,-0.2172,-0.21717,0.00533,1e-05,-0.0159,0.00826,const,1,335687
"Clarke County, Virginia",Sur,197.4,158.643,38.7569,2.09924,2.10051,0.00434,0.00096,0.13863,0.07797,const,1,14363
"Craig County, Virginia",Sur,169.4,183.711,-14.3109,-0.77679,-0.77674,0.00857,0.00026,-0.07223,0.03325,PctHS18_24,1,5211
"Culpeper County, Virginia",Sur,187.1,173.278,13.8218,0.74836,0.7483,0.00357,0.0001,0.04476,0.025,PctHS18_24,1,49432
"Cumberland County, Virginia",Sur,179.2,189.416,-10.2158,-0.55261,-0.55255,0.00175,3e-05,-0.02314,0.01301,const,1,9719
"Dickenson County, Virginia",Sur,218.9,181.967,36.9331,2.00044,2.00151,0.00432,0.00087,0.13184,0.06623,PctBachDeg25_Over,1,15115
"Dinwiddie County, Virginia",Sur,185.4,180.408,4.99216,0.27026,0.27021,0.00331,1e-05,0.01558,0.00972,PctPublicCoverageAlone,1,27852
"Essex County, Virginia",Sur,183.4,186.29,-2.88955,-0.15643,-0.1564,0.00333,0,-0.00904,0.00532,BirthRate,1,11130
"Fairfax County, Virginia",Sur,126.9,126.987,-0.08727,-0.00475,-0.00475,0.01253,0,-0.00053,0.00029,PctBachDeg25_Over,1,1.14223e+06
"Fauquier County, Virginia",Sur,162.9,147.054,15.846,0.85879,0.85875,0.0055,0.0002,0.06384,0.03292,const,1,68782
"Floyd County, Virginia",Sur,138,170.742,-32.7424,-1.77293,-1.77361,0.00374,0.00059,-0.10862,0.05082,PctHS18_24,1,15651
"Fluvanna County, Virginia",Sur,176.5,164.227,12.273,0.66433,0.66426,0.00303,7e-05,0.03662,0.02662,const,1,26235
"Franklin County, Virginia",Sur,162,175.898,-13.8984,-0.752,-0.75194,0.00222,6e-05,-0.03547,0.02395,const,1,56264
"Frederick County, Virginia",Sur,185.3,169.666,15.6341,0.84625,0.84621,0.00303,0.00011,0.04668,0.03175,const,1,83199
"Giles County, Virginia",Sur,189.4,174.592,14.8078,0.80276,0.80271,0.00609,0.0002,0.06283,0.03139,const,1,16708
"Gloucester County, Virginia",Sur,200.4,181.585,18.8149,1.01896,1.01897,0.00408,0.00021,0.0652,0.03524,PctPublicCoverageAlone,1,37143
"Goochland County, Virginia",Sur,153.4,162.753,-9.35256,-0.50768,-0.50761,0.00867,0.00011,-0.04747,0.02532,const,1,22253
"Grayson County, Virginia",Sur,196,182.423,13.5772,0.73522,0.73516,0.00385,0.0001,0.04573,0.02594,incidenceRate,1,16012
"Greene County, Virginia",Sur,156.5,173.038,-16.5382,-0.89575,-0.89572,0.00428,0.00017,-0.05874,0.03801,PctHS18_24,1,19162
"Greensville County, Virginia",Sur,174.7,210.618,-35.918,-1.94799,-1.94896,0.00691,0.00132,-0.1626,0.10149,PctBachDeg25_Over,1,11885
"Halifax County, Virginia",Sur,178.3,181.877,-3.57716,-0.1935,-0.19347,0.00172,0,-0.00804,0.00533,const,1,35125
"Hanover County, Virginia",Sur,163.7,166.781,-3.08111,-0.16706,-0.16703,0.00637,1e-05,-0.01338,0.00781,const,1,103227
"Henrico County, Virginia",Sur,169.1,161.67,7.42985,0.40284,0.40278,0.00633,5e-05,0.03214,0.02148,PctBachDeg25_Over,1,325155
"Kings County, California",Oeste,147.7,156.991,-9.29106,-0.50512,-0.50505,0.01172,0.00015,-0.055,0.02293,PctOtherRace,1,150965
"Lake County, California",Oeste,190.6,173.456,17.1444,0.93307,0.93305,0.01383,0.00061,0.1105,0.06355,PctUnemployed16_Over:region[Oeste],1,64591
"Lassen County, California",Oeste,169.9,160.761,9.13903,0.49734,0.49728,0.01367,0.00017,0.05854,0.03583,AvgHouseholdSize,1,31345
"Los Angeles County, California",Oeste,148.4,137.781,10.6193,0.57786,0.5778,0.01354,0.00023,0.06769,0.0483,PctOtherRace,1,1.01703e+07
"Madera County, California",Oeste,147.5,167.463,-19.9634,-1.08708,-1.08712,0.0149,0.00089,-0.13368,0.06438,AvgHouseholdSize,1,154998
"Marin County, California",Oeste,135.2,133.372,1.8282,0.09988,0.09986,0.02128,1e-05,0.01472,0.01001,PctBachDeg25_Over:region[Oeste],1,261221
"Mariposa County, California",Oeste,147.6,148.732,-1.13179,-0.06149,-0.06148,0.01026,0,-0.00626,0.00273,BirthRate,1,17531
"Mendocino County, California",Oeste,167.5,172.842,-5.34172,-0.28985,-0.28981,0.00792,3e-05,-0.02589,0.01391,PctUnemployed16_Over:region[Oeste],1,87649
"Merced County, California",Oeste,162.9,159.178,3.722,0.20364,0.20361,0.02423,5e-05,0.03209,0.01721,PctOtherRace,1,268455
"Modoc County, California",Oeste,160.8,165.077,-4.27658,-0.23195,-0.23191,0.00703,2e-05,-0.01951,0.00888,region[Oeste],1,8965
"Mono County, California",Oeste,102.1,122.607,-20.507,-1.11917,-1.11922,0.01926,0.00123,-0.15683,0.08832,PctUnemployed16_Over:region[Oeste],1,13909
"Barbour County, Alabama",Sur,192.7,206.917,-14.2171,-0.77102,-0.77096,0.00681,0.0002,-0.06385,0.05242,PctUnemployed16_Over,1,26489
"Crenshaw County, Alabama",Sur,195.6,180.347,15.2535,0.8253,0.82526,0.00219,7e-05,0.03866,0.02324,BirthRate,1,13963
"Monterey County, California",Oeste,140.8,148.276,-7.47635,-0.40573,-0.40567,0.00815,7e-05,-0.03677,0.01718,AvgHouseholdSize,1,433898
"Napa County, California",Oeste,170.2,149.415,20.7854,1.12839,1.12845,0.00886,0.00057,0.1067,0.05348,PctOtherRace,1,142456
"Nevada County, California",Oeste,144.9,144.165,0.73462,0.03987,0.03987,0.00847,0,0.00368,0.00188,PctBachDeg25_Over:region[Oeste],1,98877
"Orange County, California",Oeste,143.8,133.775,10.025,0.54493,0.54487,0.01141,0.00017,0.05853,0.03182,PctBachDeg25_Over:region[Oeste],1,3.16978e+06
"Placer County, California",Oeste,153.4,144.524,8.87574,0.48189,0.48183,0.00905,0.00011,0.04605,0.03039,PctBachDeg25_Over:region[Oeste],1,375391
"Plumas County, California",Oeste,167.2,156.055,11.1446,0.60786,0.60779,0.01812,0.00034,0.08256,0.05348,PctUnemployed16_Over:region[Oeste],1,18409
"Riverside County, California",Oeste,154.6,150.464,4.13571,0.22494,0.2249,0.01259,3e-05,0.02539,0.01437,PctOtherRace,1,2.36103e+06
"Sacramento County, California",Oeste,168.9,158.578,10.3216,0.55998,0.55991,0.00759,0.00012,0.04896,0.02939,PctUnemployed16_Over:region[Oeste],1,1.50134e+06
"San Benito County, California",Oeste,150.4,155.604,-5.20416,-0.28253,-0.28249,0.00895,4e-05,-0.02684,0.01287,AvgHouseholdSize,1,58792
"San Bernardino County, California",Oeste,168,154.982,13.0181,0.70785,0.70779,0.01201,0.0003,0.07805,0.04078,PctOtherRace,1,2.12813e+06
"Cullman County, Alabama",Sur,187.9,184.31,3.58996,0.19428,0.19425,0.00265,1e-05,0.01001,0.00668,PctBachDeg25_Over,1,82005
"San Diego County, California",Oeste,157.1,146.836,10.2639,0.55656,0.55649,0.00657,0.0001,0.04526,0.02617,PctBachDeg25_Over:region[Oeste],1,3.29952e+06
"San Francisco County, California",Oeste,145.1,132.154,12.9462,0.70767,0.7076,0.02239,0.00057,0.10709,0.07745,PctBachDeg25_Over:region[Oeste],1,864816
"San Joaquin County, California",Oeste,168.9,160.379,8.52104,0.4629,0.46283,0.01018,0.00011,0.04694,0.02488,PctUnemployed16_Over:region[Oeste],1,726106
"San Luis Obispo County, California",Oeste,149.4,147.374,2.02612,0.10983,0.10981,0.00589,0,0.00846,0.00329,PctBachDeg25_Over:region[Oeste],1,281401
"San Mateo County, California",Oeste,140,132.914,7.08621,0.38558,0.38552,0.01339,0.0001,0.04492,0.02886,PctBachDeg25_Over:region[Oeste],1,765135
"Santa Barbara County, California",Oeste,142.3,144.432,-2.13214,-0.11569,-0.11567,0.00787,1e-05,-0.0103,0.00494,PctOtherRace,1,444769
"Santa Clara County, California",Oeste,135,129.784,5.21578,0.28362,0.28357,0.01211,5e-05,0.03139,0.02068,PctBachDeg25_Over:region[Oeste],1,1.91804e+06
"Santa Cruz County, California",Oeste,145.4,144.733,0.66738,0.03622,0.03622,0.00841,0,0.00333,0.00185,PctBachDeg25_Over:region[Oeste],1,274146
"Shasta County, California",Oeste,192,175.879,16.1208,0.87386,0.87383,0.00591,0.00023,0.06736,0.04063,region[Oeste],1,179533
"Sierra County, California",Oeste,158,143.236,14.7642,0.80169,0.80164,0.0093,0.0003,0.07767,0.03282,region[Oeste],1,2967
"Dale County, Alabama",Sur,189.1,192.098,-2.9981,-0.16223,-0.16221,0.00242,0,-0.00798,0.0043,PctPublicCoverageAlone,1,49565
"Siskiyou County, California",Oeste,192.6,167.738,24.8616,1.35016,1.35036,0.00957,0.00088,0.13273,0.07828,PctUnemployed16_Over:region[Oeste],1,43554
"Solano County, California",Oeste,176.7,157.933,18.7671,1.01792,1.01793,0.00711,0.00037,0.08614,0.04213,PctUnemployed16_Over:region[Oeste],1,436092
"Sonoma County, California",Oeste,163.1,148.325,14.7749,0.80155,0.80149,0.0075,0.00024,0.06966,0.03558,PctOtherRace,1,502146
"Stanislaus County, California",Oeste,164.9,167.776,-2.87606,-0.15646,-0.15643,0.013,2e-05,-0.01795,0.01111,PctUnemployed16_Over:region[Oeste],1,538388
"Sutter County, California",Oeste,155.1,159.402,-4.30176,-0.23344,-0.2334,0.00806,2e-05,-0.02103,0.0118,PctUnemployed16_Over:region[Oeste],1,96463
"Tehama County, California",Oeste,174,184.854,-10.8535,-0.58948,-0.58941,0.00975,0.00017,-0.0585,0.02982,region[Oeste],1,63308
"Trinity County, California",Oeste,189.4,176.491,12.9091,0.70087,0.70081,0.00904,0.00022,0.06694,0.03198,PctPublicCoverageAlone,1,13069
"Tulare County, California",Oeste,155.2,165.991,-10.7914,-0.58672,-0.58665,0.01182,0.00021,-0.06417,0.02753,PctPublicCoverageAlone,1,459863
"Tuolumne County, California",Oeste,159.9,172.65,-12.7502,-0.69264,-0.69257,0.01017,0.00025,-0.07019,0.04074,PctUnemployed16_Over:region[Oeste],1,53709
"Ventura County, California",Oeste,146.1,142.968,3.13185,0.16984,0.16981,0.00672,1e-05,0.01397,0.00705,AvgHouseholdSize,1,850536
"Dallas County, Alabama",Sur,217.4,216.93,0.46963,0.02546,0.02545,0.00591,0,0.00196,0.00104,PctUnemployed16_Over,1,41131
"Yolo County, California",Oeste,158.9,147.983,10.917,0.59213,0.59206,0.0071,0.00013,0.05007,0.01919,PctBachDeg25_Over:region[Oeste],1,213016
"Yuba County, California",Oeste,182.8,174.912,7.88751,0.42911,0.42905,0.01308,0.00012,0.0494,0.02824,PctUnemployed16_Over:region[Oeste],1,74492
"Adams County, Colorado",Oeste,162.4,158.896,3.50365,0.18971,0.18968,0.00367,1e-05,0.01151,0.00787,region[Oeste],1,491337
"Alamosa County, Colorado",Oeste,165.7,171.881,-6.18134,-0.33542,-0.33537,0.00798,5e-05,-0.03008,0.01737,MedianAge,1,16496
"Arapahoe County, Colorado",Oeste,140.1,143.028,-2.92825,-0.15902,-0.159,0.00955,1e-05,-0.01561,0.01044,PctBachDeg25_Over:region[Oeste],1,631096
"Archuleta County, Colorado",Oeste,105.2,144.629,-39.4286,-2.14318,-2.14455,0.01135,0.00264,-0.22976,0.09587,PctBachDeg25_Over:region[Oeste],1,12352
"Baca County, Colorado",Oeste,188.6,159.316,29.2843,1.59333,1.59377,0.01327,0.00171,0.18486,0.10541,PctPublicCoverageAlone,1,3615
"Bent County, Colorado",Oeste,176.2,177.441,-1.24119,-0.06785,-0.06784,0.02257,1e-05,-0.01031,0.00579,PctBachDeg25_Over:region[Oeste],1,5830
"Boulder County, Colorado",Oeste,124.1,129.512,-5.4125,-0.29537,-0.29533,0.01918,9e-05,-0.0413,0.0302,PctBachDeg25_Over:region[Oeste],1,319372
"Broomfield County, Colorado",Oeste,158.4,128.309,30.0911,1.6433,1.64379,0.02055,0.00283,0.2381,0.17525,PctBachDeg25_Over:region[Oeste],1,65065
"DeKalb County, Alabama",Sur,170.6,176.538,-5.93789,-0.32162,-0.32157,0.00433,2e-05,-0.02121,0.01422,PctBachDeg25_Over,1,71130
"Chaffee County, Colorado",Oeste,140.8,149.359,-8.55855,-0.46417,-0.4641,0.00691,7e-05,-0.03871,0.01126,PctPublicCoverageAlone,1,18658
"Cheyenne County, Colorado",Oeste,124.5,149.232,-24.7319,-1.34083,-1.34102,0.00618,0.00056,-0.10573,0.0544,region[Oeste],1,1829
"Clear Creek County, Colorado",Oeste,139.4,144.668,-5.26807,-0.28661,-0.28657,0.01315,5e-05,-0.03308,0.016,PctHS18_24,1,9303
"Conejos County, Colorado",Oeste,138.1,152.054,-13.9537,-0.75665,-0.75659,0.00658,0.00019,-0.06159,0.03401,PctPublicCoverageAlone,1,8130
"Costilla County, Colorado",Oeste,116,150.263,-34.2632,-1.86599,-1.86681,0.01514,0.00268,-0.23147,0.10142,PctUnemployed16_Over:region[Oeste],1,3584
"Crowley County, Colorado",Oeste,110.7,164.182,-53.4819,-3.01691,-3.02125,0.08203,0.04067,-0.90316,0.67847,PctUnemployed16_Over:region[Oeste],1,5562
"Custer County, Colorado",Oeste,160.8,147.834,12.9657,0.70898,0.70892,0.02307,0.00059,0.10894,0.06623,PctUnemployed16_Over:region[Oeste],1,4445
"Delta County, Colorado",Oeste,163.5,163.753,-0.25332,-0.01374,-0.01374,0.00758,0,-0.0012,0.00057,region[Oeste],1,29979
"Denver County, Colorado",Oeste,163.7,151.419,12.2806,0.66858,0.66851,0.01446,0.00033,0.08096,0.04547,PctBachDeg25_Over:region[Oeste],1,682545
"Dolores County, Colorado",Oeste,122.2,128.407,-6.2069,-0.33869,-0.33864,0.01899,0.00011,-0.04712,0.024,incidenceRate,1,1978
"Elmore County, Alabama",Sur,193.8,187.734,6.066,0.32814,0.32809,0.0018,1e-05,0.01395,0.00972,const,1,81468
"Douglas County, Colorado",Oeste,128.4,118.084,10.3161,0.56719,0.56712,0.03369,0.00056,0.1059,0.07778,PctBachDeg25_Over:region[Oeste],1,322387
"Eagle County, Colorado",Oeste,80.8,107.389,-26.5886,-1.4577,-1.45799,0.02817,0.00308,-0.24821,0.1666,PctBachDeg25_Over:region[Oeste],1,53605
"Elbert County, Colorado",Oeste,148.3,137.702,10.5977,0.5751,0.57503,0.00808,0.00013,0.05189,0.02563,AvgHouseholdSize,1,24735
"El Paso County, Colorado",Oeste,148.5,154.632,-6.13155,-0.33243,-0.33238,0.00625,3e-05,-0.02637,0.01473,PctBachDeg25_Over:region[Oeste],1,674471
"Fremont County, Colorado",Oeste,166.2,186.676,-20.4763,-1.11105,-1.1111,0.00786,0.00049,-0.09887,0.07284,region[Oeste],1,46692
"Garfield County, Colorado",Oeste,126.4,140.653,-14.2526,-0.77206,-0.772,0.00452,0.00014,-0.05204,0.02257,region[Oeste],1,58095
"Gilpin County, Colorado",Oeste,129.8,142.239,-12.4386,-0.67474,-0.67467,0.00733,0.00017,-0.05796,0.02369,region[Oeste],1,5828
"Grand County, Colorado",Oeste,123.2,120.418,2.7817,0.15142,0.1514,0.01423,2e-05,0.01819,0.00877,PctBachDeg25_Over:region[Oeste],1,14615
"Gunnison County, Colorado",Oeste,102.6,103.044,-0.44437,-0.02467,-0.02467,0.05266,0,-0.00582,0.00409,PctBachDeg25_Over:region[Oeste],1,16067
"Huerfano County, Colorado",Oeste,151.5,163.831,-12.3314,-0.67243,-0.67237,0.01765,0.00041,-0.09013,0.06002,PctUnemployed16_Over:region[Oeste],1,6492
"Jefferson County, Colorado",Oeste,141.7,143.174,-1.47417,-0.08005,-0.08004,0.00939,0,-0.00779,0.00499,PctBachDeg25_Over:region[Oeste],1,565524
"Kiowa County, Colorado",Oeste,200.9,153.32,47.5804,2.5963,2.59895,0.01896,0.00652,0.36134,0.21959,PctUnemployed16_Over:region[Oeste],1,1423
"Kit Carson County, Colorado",Oeste,161,167.871,-6.87078,-0.37406,-0.37401,0.01449,0.0001,-0.04534,0.02488,BirthRate,1,7758
"Lake County, Colorado",Oeste,152.5,144.365,8.13455,0.44204,0.44197,0.01079,0.00011,0.04617,0.02645,PctHS25_Over,1,7485
"La Plata County, Colorado",Oeste,129.3,138.176,-8.87561,-0.48236,-0.48229,0.011,0.00013,-0.05086,0.03181,PctBachDeg25_Over:region[Oeste],1,54688
"Larimer County, Colorado",Oeste,134.1,135.588,-1.48755,-0.08088,-0.08087,0.01196,0,-0.0089,0.006,PctBachDeg25_Over:region[Oeste],1,333577
"Las Animas County, Colorado",Oeste,162.2,155.76,6.43956,0.34933,0.34927,0.00738,5e-05,0.03012,0.01716,region[Oeste],1,14058
"Lincoln County, Colorado",Oeste,147.4,176.377,-28.9771,-1.57602,-1.57643,0.01252,0.00158,-0.17753,0.10588,region[Oeste],1,5557
"Logan County, Colorado",Oeste,150.7,169.11,-18.41,-0.99907,-0.99907,0.00813,0.00041,-0.09046,0.06424,region[Oeste],1,22036
"Mesa County, Colorado",Oeste,153.9,158.528,-4.62761,-0.25063,-0.25059,0.00418,1e-05,-0.01623,0.00864,region[Oeste],1,148513
"Etowah County, Alabama",Sur,201,192.295,8.70538,0.47099,0.47092,0.00207,2e-05,0.02147,0.01399,PctBachDeg25_Over,1,103057
"Moffat County, Colorado",Oeste,164.1,170.415,-6.31455,-0.34289,-0.34283,0.00934,6e-05,-0.03329,0.02272,region[Oeste],1,12937
"Montezuma County, Colorado",Oeste,147.9,168.137,-20.2374,-1.09603,-1.09606,0.00412,0.00025,-0.07048,0.04436,region[Oeste],1,26168
"Montrose County, Colorado",Oeste,151.4,158.696,-7.29633,-0.39531,-0.39525,0.0049,4e-05,-0.02774,0.015,region[Oeste],1,40946
"Morgan County, Colorado",Oeste,162,171.357,-9.35748,-0.50829,-0.50822,0.01001,0.00013,-0.0511,0.03449,region[Oeste],1,28360
"Otero County, Colorado",Oeste,150.9,173.283,-22.3828,-1.21465,-1.21475,0.00811,0.0006,-0.10984,0.06182,region[Oeste],1,18343
"Ouray County, Colorado",Oeste,106.1,111.014,-4.91437,-0.26853,-0.26848,0.02165,8e-05,-0.03994,0.02446,PctBachDeg25_Over:region[Oeste],1,4691
"Park County, Colorado",Oeste,137.9,147.734,-9.83361,-0.53319,-0.53313,0.00644,9e-05,-0.04291,0.01571,region[Oeste],1,16510
"Phillips County, Colorado",Oeste,136,157.144,-21.1442,-1.14723,-1.1473,0.00776,0.00051,-0.10144,0.05388,BirthRate,1,4349
"Pitkin County, Colorado",Oeste,59.7,95.8653,-36.1653,-2.00933,-2.01041,0.05372,0.01146,-0.479,0.36519,PctBachDeg25_Over:region[Oeste],1,17787
"Bristol County, Massachusetts",Noreste,173.9,177.432,-3.53208,-0.19175,-0.19172,0.00886,2e-05,-0.01812,0.01219,region[Noreste],1,556772
"Dukes County, Massachusetts",Noreste,160,159.915,0.08467,0.00463,0.00463,0.02408,0,0.00073,0.00032,PctBachDeg25_Over:region[Noreste],1,17299
"Essex County, Massachusetts",Noreste,161.5,169.662,-8.16182,-0.44394,-0.44388,0.01269,0.00013,-0.05032,0.02745,PctBachDeg25_Over:region[Noreste],1,776043
"Franklin County, Massachusetts",Noreste,153.9,156.827,-2.92711,-0.15885,-0.15883,0.00821,1e-05,-0.01445,0.00734,region[Noreste],1,70601
"Hampden County, Massachusetts",Noreste,180,173.555,6.44533,0.35131,0.35126,0.01681,0.00011,0.04594,0.03209,PctUnemployed16_Over:region[Noreste],1,470690
"Hampshire County, Massachusetts",Noreste,164.4,154.495,9.90519,0.53887,0.5388,0.01303,0.00019,0.06192,0.03225,PctBachDeg25_Over:region[Noreste],1,161292
"Middlesex County, Massachusetts",Noreste,159.6,157.879,1.72083,0.09394,0.09393,0.01986,1e-05,0.01337,0.00935,PctBachDeg25_Over:region[Noreste],1,1.58514e+06
"Nantucket County, Massachusetts",Noreste,146.9,174.966,-28.0663,-1.55157,-1.55195,0.0442,0.00557,-0.33373,0.23531,PctUnemployed16_Over:region[Noreste],1,10925
"Norfolk County, Massachusetts",Noreste,160.9,159.434,1.46558,0.08023,0.08022,0.02531,1e-05,0.01293,0.01043,PctBachDeg25_Over:region[Noreste],1,696023
"Plymouth County, Massachusetts",Noreste,176,172.569,3.4307,0.18648,0.18644,0.01132,2e-05,0.01995,0.01229,PctBachDeg25_Over:region[Noreste],1,510393
"Suffolk County, Massachusetts",Noreste,178.6,179.413,-0.81272,-0.0444,-0.04439,0.02129,0,-0.00655,0.00379,PctBachDeg25_Over:region[Noreste],1,778121
"Worcester County, Massachusetts",Noreste,171.5,167.757,3.74286,0.20323,0.2032,0.00923,2e-05,0.01961,0.01141,PctBachDeg25_Over:region[Noreste],1,818963
"Alcona County, Michigan",Medio Oeste,177,181.208,-4.20842,-0.22865,-0.22861,0.01043,3e-05,-0.02347,0.01077,PctUnemployed16_Over:region[Medio Oeste],1,10349
"Alger County, Michigan",Medio Oeste,154.2,183.538,-29.3377,-1.59134,-1.59177,0.0072,0.00092,-0.13551,0.05852,region[Medio Oeste],1,9383
"Allegan County, Michigan",Medio Oeste,166.7,164.536,2.16356,0.1171,0.11708,0.00279,0,0.00619,0.00312,region[Medio Oeste],1,114625
"Alpena County, Michigan",Medio Oeste,179.3,197.91,-18.6098,-1.00892,-1.00892,0.00617,0.00032,-0.07951,0.03474,PctHS25_Over,1,28803
"Antrim County, Michigan",Medio Oeste,167.7,172.618,-4.9179,-0.26658,-0.26653,0.00586,2e-05,-0.02046,0.01114,MedianAge,1,23154
"Arenac County, Michigan",Medio Oeste,202.3,201.918,0.38156,0.02069,0.02069,0.00672,0,0.0017,0.00082,region[Medio Oeste],1,15261
"Baraga County, Michigan",Medio Oeste,182.5,183.656,-1.15647,-0.06269,-0.06268,0.00609,0,-0.00491,0.00257,AvgHouseholdSize,1,8575
"Barry County, Michigan",Medio Oeste,155.7,153.415,2.2848,0.12375,0.12373,0.00431,0,0.00814,0.00596,incidenceRate,1,59314
"Bay County, Michigan",Medio Oeste,182.3,184.22,-1.92024,-0.10392,-0.1039,0.00261,0,-0.00531,0.00353,region[Medio Oeste],1,105659
"Benzie County, Michigan",Medio Oeste,179,181.291,-2.29071,-0.12402,-0.124,0.00344,0,-0.00728,0.00439,region[Medio Oeste],1,17457
"Berrien County, Michigan",Medio Oeste,179,186.385,-7.38531,-0.39985,-0.39979,0.0035,3e-05,-0.0237,0.01608,region[Medio Oeste],1,154636
"Branch County, Michigan",Medio Oeste,170.7,171.105,-0.40538,-0.02195,-0.02194,0.00327,0,-0.00126,0.00063,PctBachDeg25_Over:region[Medio Oeste],1,43664
"Calhoun County, Michigan",Medio Oeste,187.7,183.454,4.24607,0.22983,0.22979,0.00298,1e-05,0.01256,0.00827,region[Medio Oeste],1,134314
"Cass County, Michigan",Medio Oeste,181.6,159.877,21.7235,1.1768,1.17688,0.00461,0.00032,0.0801,0.04348,incidenceRate,1,51657
"Charlevoix County, Michigan",Medio Oeste,167.7,179.703,-12.0027,-0.65005,-0.64998,0.00414,9e-05,-0.04191,0.02362,region[Medio Oeste],1,26238
"Cheboygan County, Michigan",Medio Oeste,184.5,199.232,-14.7318,-0.80009,-0.80004,0.00968,0.00031,-0.07909,0.05101,PctUnemployed16_Over:region[Medio Oeste],1,25427
"Green Lake County, Wisconsin",Medio Oeste,169.7,179.165,-9.46489,-0.51225,-0.51218,0.00275,4e-05,-0.02689,0.01228,BirthRate,1,18856
"Iowa County, Wisconsin",Medio Oeste,157,168.609,-11.6089,-0.62863,-0.62857,0.00384,8e-05,-0.03904,0.0276,PctHS18_24,1,23813
"Iron County, Wisconsin",Medio Oeste,195.8,177.843,17.9571,0.97257,0.97256,0.0042,0.0002,0.06319,0.02883,MedianAge,1,5794
"Jackson County, Wisconsin",Medio Oeste,173,186.195,-13.1951,-0.71485,-0.71479,0.00475,0.00012,-0.0494,0.02918,PctHS18_24,1,20554
"Jefferson County, Wisconsin",Medio Oeste,164,170.937,-6.93704,-0.37528,-0.37523,0.00191,1e-05,-0.01643,0.00798,region[Medio Oeste],1,84559
"Juneau County, Wisconsin",Medio Oeste,174,184.63,-10.63,-0.57535,-0.57528,0.0029,5e-05,-0.03105,0.01658,PctBachDeg25_Over:region[Medio Oeste],1,26224
"Kenosha County, Wisconsin",Medio Oeste,188.1,186.85,1.25047,0.06773,0.06772,0.00429,0,0.00444,0.00282,region[Medio Oeste],1,168437
"Kewaunee County, Wisconsin",Medio Oeste,126.7,167.433,-40.7326,-2.2049,-2.20642,0.00312,0.00076,-0.12344,0.05452,PctHS25_Over,1,20366
"La Crosse County, Wisconsin",Medio Oeste,160,168.985,-8.98543,-0.48662,-0.48655,0.00403,5e-05,-0.03096,0.0163,PctBachDeg25_Over:region[Medio Oeste],1,118212
"Lafayette County, Wisconsin",Medio Oeste,166,165.961,0.03911,0.00212,0.00212,0.00313,0,0.00012,7e-05,PctUnemployed16_Over:region[Medio Oeste],1,16829
"Langlade County, Wisconsin",Medio Oeste,165.9,191.783,-25.8828,-1.40145,-1.40168,0.00366,0.00036,-0.08492,0.03703,region[Medio Oeste],1,19223
"Lincoln County, Wisconsin",Medio Oeste,184.4,189.681,-5.28066,-0.28585,-0.28581,0.00314,1e-05,-0.01604,0.00679,BirthRate,1,27980
"Manitowoc County, Wisconsin",Medio Oeste,165.9,173.986,-8.08624,-0.4374,-0.43734,0.00169,2e-05,-0.01801,0.00793,region[Medio Oeste],1,79806
"Marathon County, Wisconsin",Medio Oeste,153.9,178.421,-24.5213,-1.3267,-1.32688,0.00211,0.00019,-0.06099,0.02874,region[Medio Oeste],1,135868
"Marinette County, Wisconsin",Medio Oeste,182.8,188.818,-6.01799,-0.32566,-0.32561,0.00252,1e-05,-0.01638,0.00656,region[Medio Oeste],1,40884
"Marquette County, Wisconsin",Medio Oeste,217.8,190.756,27.0438,1.46485,1.46515,0.00439,0.00047,0.09732,0.04949,PctHS18_24,1,15075
"Menominee County, Wisconsin",Medio Oeste,228.8,217.279,11.5206,0.62986,0.6298,0.02277,0.00046,0.09614,0.03955,region[Medio Oeste],1,4573
"Milwaukee County, Wisconsin",Medio Oeste,189.9,193.011,-3.11104,-0.16881,-0.16878,0.00794,1e-05,-0.0151,0.00709,region[Medio Oeste],1,957735
"Monroe County, Wisconsin",Medio Oeste,179.8,183.111,-3.31106,-0.17926,-0.17923,0.00342,1e-05,-0.0105,0.00549,BirthRate,1,45549
"Oconto County, Wisconsin",Medio Oeste,184.3,186.779,-2.47876,-0.13416,-0.13413,0.00282,0,-0.00713,0.00309,PctBachDeg25_Over:region[Medio Oeste],1,37435
"Oneida County, Wisconsin",Medio Oeste,185.3,184.755,0.54467,0.0295,0.0295,0.00444,0,0.00197,0.001,MedianAge,1,35567
"Outagamie County, Wisconsin",Medio Oeste,153.4,167.155,-13.7547,-0.74506,-0.745,0.00445,0.00012,-0.04982,0.02247,PctBachDeg25_Over:region[Medio Oeste],1,183245
"Ozaukee County, Wisconsin",Medio Oeste,161.9,150.751,11.1488,0.60885,0.60878,0.02057,0.00039,0.08823,0.06542,PctBachDeg25_Over:region[Medio Oeste],1,87850
"Pepin County, Wisconsin",Medio Oeste,163.1,162.684,0.41621,0.02253,0.02252,0.00292,0,0.00122,0.0005,PctUnemployed16_Over:region[Medio Oeste],1,7290
"Pierce County, Wisconsin",Medio Oeste,149.8,129.678,20.1216,1.09233,1.09237,0.00881,0.00053,0.10299,0.06986,incidenceRate,1,40889
"Polk County, Wisconsin",Medio Oeste,168.1,157.089,11.0106,0.59631,0.59624,0.0041,7e-05,0.03827,0.02843,incidenceRate,1,43441
"Portage County, Wisconsin",Medio Oeste,155.1,164.751,-9.65112,-0.5231,-0.52303,0.00567,8e-05,-0.03949,0.02293,PctBachDeg25_Over:region[Medio Oeste],1,70408
"Price County, Wisconsin",Medio Oeste,170.1,184.549,-14.4488,-0.78334,-0.78329,0.00619,0.00019,-0.06184,0.03822,PctHS18_24,1,13645
"Racine County, Wisconsin",Medio Oeste,166.8,184.536,-17.7362,-0.96013,-0.96012,0.00321,0.00015,-0.05452,0.03772,region[Medio Oeste],1,195080
"Richland County, Wisconsin",Medio Oeste,168.7,173.978,-5.2782,-0.28567,-0.28562,0.00278,1e-05,-0.01509,0.0072,PctBachDeg25_Over:region[Medio Oeste],1,17495
"Rock County, Wisconsin",Medio Oeste,186.8,186.65,0.15044,0.00814,0.00814,0.00234,0,0.00039,0.00026,region[Medio Oeste],1,161448
"Rusk County, Wisconsin",Medio Oeste,195.2,195.021,0.17916,0.0097,0.0097,0.0043,0,0.00064,0.00037,PctPublicCoverageAlone,1,14124
"St. Croix County, Wisconsin",Medio Oeste,163.8,131.931,31.8693,1.73026,1.73087,0.00903,0.00136,0.16525,0.0951,PctBachDeg25_Over:region[Medio Oeste],1,87513
"Sauk County, Wisconsin",Medio Oeste,176.8,169.793,7.00748,0.37911,0.37905,0.00198,1e-05,0.01686,0.00876,region[Medio Oeste],1,63642
"Sawyer County, Wisconsin",Medio Oeste,208.5,195.275,13.2251,0.71687,0.71681,0.00586,0.00015,0.05502,0.02817,region[Medio Oeste],1,16376
"Shawano County, Wisconsin",Medio Oeste,168,185.867,-17.8668,-0.96742,-0.96741,0.00367,0.00017,-0.05875,0.02438,PctBachDeg25_Over:region[Medio Oeste],1,41304
"Sheboygan County, Wisconsin",Medio Oeste,166.9,178.449,-11.5488,-0.62482,-0.62476,0.00207,4e-05,-0.02846,0.01347,region[Medio Oeste],1,115569
"Taylor County, Wisconsin",Medio Oeste,131.8,177.573,-45.7725,-2.47828,-2.48055,0.00357,0.0011,-0.14853,0.07662,PctBachDeg25_Over:region[Medio Oeste],1,20455
"Trempealeau County, Wisconsin",Medio Oeste,161.1,170.638,-9.53763,-0.51633,-0.51626,0.0033,4e-05,-0.02973,0.0164,PctUnemployed16_Over:region[Medio Oeste],1,29550
"Vernon County, Wisconsin",Medio Oeste,168,165.031,2.96907,0.1607,0.16067,0.00283,0,0.00856,0.00412,PctUnemployed16_Over:region[Medio Oeste],1,30506
"Vilas County, Wisconsin",Medio Oeste,177,199.359,-22.3588,-1.21352,-1.21362,0.00838,0.00062,-0.11157,0.05687,incidenceRate,1,21387
"Walworth County, Wisconsin",Medio Oeste,185.6,179.451,6.14936,0.33283,0.33277,0.00284,2e-05,0.01777,0.01026,region[Medio Oeste],1,102804
"Washburn County, Wisconsin",Medio Oeste,209.5,188.406,21.0935,1.14253,1.14259,0.00436,0.00029,0.07564,0.0427,PctHS18_24,1,15552
"Washington County, Wisconsin",Medio Oeste,153,162.696,-9.69566,-0.52538,-0.52531,0.00517,7e-05,-0.03787,0.02269,PctBachDeg25_Over:region[Medio Oeste],1,133674
"Waukesha County, Wisconsin",Medio Oeste,155.3,152.3,2.99996,0.16331,0.16328,0.01429,2e-05,0.01966,0.01416,PctBachDeg25_Over:region[Medio Oeste],1,396488
"Waupaca County, Wisconsin",Medio Oeste,189.4,184.589,4.81102,0.26037,0.26032,0.00267,1e-05,0.01347,0.00608,PctHS18_24,1,51945
"Waushara County, Wisconsin",Medio Oeste,181.1,178.937,2.16308,0.11706,0.11704,0.00262,0,0.006,0.00287,region[Medio Oeste],1,24033
"Winnebago County, Wisconsin",Medio Oeste,172.9,176.242,-3.34153,-0.18093,-0.1809,0.0037,1e-05,-0.01102,0.00483,PctBachDeg25_Over:region[Medio Oeste],1,169546
"Wood County, Wisconsin",Medio Oeste,156.6,182.549,-25.9489,-1.4036,-1.40384,0.00163,0.00016,-0.05676,0.03268,region[Medio Oeste],1,73435
"Albany County, Wyoming",Oeste,128.4,139.712,-11.3125,-0.61711,-0.61705,0.01842,0.00036,-0.08454,0.04525,MedianAge,1,37956
"Big Horn County, Wyoming",Oeste,159.8,157.176,2.62406,0.1423,0.14228,0.00676,1e-05,0.01174,0.00754,region[Oeste],1,12022
"Campbell County, Wyoming",Oeste,215.9,161.924,53.9764,2.93193,2.93589,0.00999,0.00434,0.29491,0.18474,region[Oeste],1,49220
"Carbon County, Wyoming",Oeste,151.5,164.717,-13.2169,-0.71733,-0.71727,0.00835,0.00022,-0.06583,0.04479,region[Oeste],1,15559
"Converse County, Wyoming",Oeste,196.6,167.587,29.0126,1.5757,1.57612,0.00971,0.00122,0.15605,0.09538,region[Oeste],1,14236
"Crook County, Wyoming",Oeste,152.2,135.54,16.6602,0.90598,0.90595,0.0122,0.00051,0.10069,0.05346,region[Oeste],1,7444
"Fremont County, Wyoming",Oeste,169,159.446,9.55359,0.51722,0.51715,0.0034,5e-05,0.03022,0.02455,region[Oeste],1,40315
"Goshen County, Wyoming",Oeste,159.5,153.658,5.84244,0.31653,0.31648,0.00481,2e-05,0.022,0.01432,region[Oeste],1,13383
"Hot Springs County, Wyoming",Oeste,163,163.406,-0.40645,-0.02221,-0.02221,0.02193,0,-0.00333,0.00185,PctHS18_24,1,4741
"Johnson County, Wyoming",Oeste,147.8,155.633,-7.83261,-0.42505,-0.42499,0.00811,7e-05,-0.03842,0.02267,PctUnemployed16_Over:region[Oeste],1,8585
"Laramie County, Wyoming",Oeste,156.1,156.802,-0.70213,-0.03806,-0.03805,0.0057,0,-0.00288,0.00164,region[Oeste],1,97121
"Lincoln County, Wyoming",Oeste,143.3,148.949,-5.64867,-0.30652,-0.30648,0.00803,4e-05,-0.02757,0.01549,PctHS18_24,1,18722
"Natrona County, Wyoming",Oeste,168.2,166.621,1.57905,0.08567,0.08565,0.00761,0,0.0075,0.00488,region[Oeste],1,82178
"Niobrara County, Wyoming",Oeste,180.6,161.029,19.5709,1.0646,1.06462,0.01284,0.00074,0.12142,0.08125,PctUnemployed16_Over:region[Oeste],1,2542
"Park County, Wyoming",Oeste,152,149.81,2.18955,0.11875,0.11873,0.00693,0,0.00992,0.00584,PctUnemployed16_Over:region[Oeste],1,29228
"Platte County, Wyoming",Oeste,141.5,158.781,-17.2806,-0.94066,-0.94064,0.01418,0.00064,-0.11283,0.0725,PctUnemployed16_Over:region[Oeste],1,8812
"Sheridan County, Wyoming",Oeste,168.7,160.389,8.31128,0.45097,0.45091,0.00784,8e-05,0.04009,0.0224,PctUnemployed16_Over:region[Oeste],1,30009
"Sublette County, Wyoming",Oeste,126.9,136.338,-9.43793,-0.5124,-0.51233,0.00901,0.00012,-0.04884,0.02571,region[Oeste],1,9899
"Sweetwater County, Wyoming",Oeste,141.1,157.686,-16.5864,-0.9002,-0.90017,0.00833,0.00034,-0.0825,0.05197,region[Oeste],1,44626
"Teton County, Wyoming",Oeste,136.9,116.506,20.3937,1.12166,1.12171,0.03438,0.00224,0.21166,0.14099,PctBachDeg25_Over:region[Oeste],1,23125
"Uinta County, Wyoming",Oeste,132.8,150.467,-17.6666,-0.95914,-0.95913,0.00899,0.00042,-0.09136,0.05634,region[Oeste],1,20822
"Washakie County, Wyoming",Oeste,182.3,164.691,17.6086,0.95483,0.95481,0.00657,0.0003,0.07763,0.0437,region[Oeste],1,8328
"Weston County, Wyoming",Oeste,182.6,155.783,26.817,1.46489,1.46519,0.02108,0.00231,0.21503,0.1615,BirthRate,1,7234
"Franklin County, Mississippi",Sur,157,195.369,-38.3685,-2.07562,-2.07684,0.00186,0.0004,-0.08962,0.05936,const,1,7743
"George County, Mississippi",Sur,210.5,191.084,19.4157,1.05167,1.05169,0.0044,0.00024,0.06993,0.03487,BirthRate,1,23373
"Greene County, Mississippi",Sur,171.2,185.161,-13.9608,-0.75648,-0.75643,0.00515,0.00015,-0.05444,0.03113,incidenceRate,1,13522
"Grenada County, Mississippi",Sur,225.1,206.027,19.0727,1.03408,1.03409,0.00629,0.00034,0.08228,0.0434,AvgHouseholdSize,1,21578
"Hancock County, Mississippi",Sur,179.8,182.05,-2.24996,-0.12171,-0.12169,0.00184,0,-0.00522,0.00294,const,1,46420
"Harrison County, Mississippi",Sur,206.7,197.419,9.28129,0.50218,0.50211,0.00221,3e-05,0.02361,0.01142,PctHS25_Over,1,201410
"Hinds County, Mississippi",Sur,175.5,194.851,-19.3513,-1.04779,-1.04781,0.00365,0.0002,-0.06341,0.02356,PctPublicCoverageAlone,1,242891
"Holmes County, Mississippi",Sur,239.7,235.706,3.99365,0.21708,0.21704,0.01134,3e-05,0.02324,0.01248,PctUnemployed16_Over:region[Medio Oeste],1,18340
"Humphreys County, Mississippi",Sur,220.9,232.451,-11.5509,-0.63271,-0.63264,0.02644,0.00054,-0.10427,0.07631,PctUnemployed16_Over,1,8669
"Issaquena County, Mississippi",Sur,257.8,208.146,49.6543,2.69003,2.69301,0.00473,0.00172,0.18571,0.10328,PctBachDeg25_Over,1,1337
"Itawamba County, Mississippi",Sur,193.2,200.184,-6.98402,-0.37793,-0.37788,0.00248,2e-05,-0.01886,0.01348,PctBachDeg25_Over,1,23609
"Jackson County, Mississippi",Sur,193.7,189.449,4.25122,0.22999,0.22995,0.00194,1e-05,0.01013,0.00497,const,1,141425
"Jasper County, Mississippi",Sur,194.1,205.571,-11.4708,-0.62084,-0.62078,0.00286,6e-05,-0.03322,0.01946,PctPublicCoverageAlone,1,16569
"Jefferson County, Mississippi",Sur,199.1,218.08,-18.9804,-1.02861,-1.02862,0.0054,0.00029,-0.07577,0.03611,PctUnemployed16_Over:region[Medio Oeste],1,7507
"Jefferson Davis County, Mississippi",Sur,216.1,205.127,10.9727,0.59388,0.59381,0.00283,5e-05,0.03166,0.01425,PctUnemployed16_Over,1,11665
"Jones County, Mississippi",Sur,178.6,191.661,-13.0605,-0.70769,-0.70763,0.00511,0.00013,-0.05071,0.02639,PctHS25_Over,1,68215
"Kemper County, Mississippi",Sur,171,192.287,-21.2874,-1.1533,-1.15337,0.00483,0.00032,-0.08031,0.03826,PctBachDeg25_Over,1,9969
"Lafayette County, Mississippi",Sur,168.3,168.966,-0.66582,-0.0361,-0.0361,0.00649,0,-0.00292,0.00135,MedianAge,1,53154
"Lamar County, Mississippi",Sur,163.5,167.946,-4.44581,-0.24101,-0.24097,0.00604,2e-05,-0.01879,0.0133,PctBachDeg25_Over,1,60618
"Lauderdale County, Mississippi",Sur,161.9,189.473,-27.5731,-1.49136,-1.49169,0.00152,0.00017,-0.05813,0.03027,const,1,78524
"Lawrence County, Mississippi",Sur,211.9,209.978,1.92213,0.10402,0.104,0.00253,0,0.00524,0.00263,incidenceRate,1,12622
"Leake County, Mississippi",Sur,236,206.622,29.3779,1.58985,1.59028,0.0026,0.00033,0.08122,0.03803,MedianAge,1,22763
"Lee County, Mississippi",Sur,249.7,197.749,51.9505,2.81165,2.8151,0.00277,0.0011,0.14841,0.07063,PctHS25_Over,1,85300
"Leflore County, Mississippi",Sur,234.6,219.019,15.581,0.84548,0.84544,0.00797,0.00029,0.07577,0.04172,PctPublicCoverageAlone,1,30999
"Lincoln County, Mississippi",Sur,212.5,201.647,10.8531,0.58752,0.58745,0.00321,6e-05,0.03333,0.02073,BirthRate,1,34649
"Lowndes County, Mississippi",Sur,185,186.238,-1.23842,-0.06704,-0.06703,0.00331,0,-0.00386,0.00207,PctUnemployed16_Over,1,59710
"Madison County, Mississippi",Sur,292.5,158.361,134.139,7.27978,7.34786,0.00823,0.02198,0.66925,0.33943,PctBachDeg25_Over:region[Medio Oeste],1,103465
"Marion County, Mississippi",Sur,205.5,200.03,5.47013,0.29595,0.2959,0.00205,1e-05,0.0134,0.00626,const,1,25563
"Marshall County, Mississippi",Sur,213.6,193.419,20.1812,1.09171,1.09174,0.00179,0.00011,0.04627,0.02328,const,1,35916
"Monroe County, Mississippi",Sur,174.3,201.142,-26.8422,-1.45215,-1.45244,0.00195,0.00021,-0.06421,0.02816,const,1,35827
"Montgomery County, Mississippi",Sur,194.5,202.85,-8.35003,-0.45212,-0.45205,0.00364,4e-05,-0.02734,0.01417,PctPublicCoverageAlone,1,10152
"Neshoba County, Mississippi",Sur,181.3,184.546,-3.2455,-0.17578,-0.17575,0.00422,1e-05,-0.01144,0.00646,PctHS18_24,1,29463
"Newton County, Mississippi",Sur,185.3,191.966,-6.66574,-0.36067,-0.36061,0.00226,1e-05,-0.01718,0.01021,PctHS25_Over,1,21747
"Noxubee County, Mississippi",Sur,204.2,200.572,3.62846,0.19699,0.19696,0.00897,2e-05,0.01874,0.0133,PctUnemployed16_Over,1,11043
"Oktibbeha County, Mississippi",Sur,147.8,171.615,-23.815,-1.29575,-1.29591,0.01328,0.00113,-0.15032,0.07956,MedianAge,1,49800
"Panola County, Mississippi",Sur,224.4,203.586,20.8138,1.1263,1.12636,0.00246,0.00016,0.05596,0.0323,PctPublicCoverageAlone,1,34167
"Pearl River County, Mississippi",Sur,208.6,198.507,10.0929,0.54627,0.5462,0.00285,4e-05,0.02918,0.01522,PctHS25_Over,1,55191
"Perry County, Mississippi",Sur,202.6,205.911,-3.3109,-0.1793,-0.17927,0.00396,1e-05,-0.01131,0.00587,PctHS18_24,1,12277
"Pike County, Mississippi",Sur,215.8,208.815,6.9845,0.37795,0.37789,0.00243,2e-05,0.01864,0.01051,PctPublicCoverageAlone,1,39956
"Pontotoc County, Mississippi",Sur,180.8,189.531,-8.73056,-0.47252,-0.47245,0.00279,3e-05,-0.025,0.01323,PctUnemployed16_Over,1,30908
"Prentiss County, Mississippi",Sur,203.2,197.038,6.16219,0.33352,0.33347,0.00285,2e-05,0.01783,0.01106,PctBachDeg25_Over,1,25459
"Quitman County, Mississippi",Sur,254.5,209.039,45.4612,2.48371,2.48599,0.02137,0.00674,0.36735,0.30311,PctUnemployed16_Over,1,7486
"Rankin County, Mississippi",Sur,157.3,176.854,-19.5543,-1.05851,-1.05853,0.00313,0.00018,-0.05934,0.03844,const,1,149039
"Scott County, Mississippi",Sur,211,212.862,-1.86181,-0.10082,-0.1008,0.0038,0,-0.00622,0.00296,incidenceRate,1,28265
"Sharkey County, Mississippi",Sur,215.1,214.826,0.27371,0.01493,0.01493,0.01831,0,0.00204,0.00155,PctUnemployed16_Over,1,4585
"Simpson County, Mississippi",Sur,183.7,202.255,-18.5555,-1.00384,-1.00384,0.00195,0.0001,-0.04443,0.01867,PctPublicCoverageAlone,1,27222
"Smith County, Mississippi",Sur,200.5,183.557,16.9426,0.91782,0.91779,0.00463,0.0002,0.06262,0.04319,PctUnemployed16_Over,1,16059
"Stone County, Mississippi",Sur,214.2,199.913,14.2873,0.77348,0.77342,0.00335,0.0001,0.04486,0.03166,AvgHouseholdSize,1,18070
"Sunflower County, Mississippi",Sur,230.1,205.917,24.1827,1.31399,1.31416,0.01062,0.00093,0.13617,0.09759,PctUnemployed16_Over,1,27005
"Tallahatchie County, Mississippi",Sur,235,206.49,28.5098,1.55379,1.55418,0.01657,0.00203,0.20174,0.13315,PctUnemployed16_Over,1,14588
"Tate County, Mississippi",Sur,215.5,192.644,22.8563,1.23658,1.2367,0.00206,0.00016,0.05623,0.03377,PctHS25_Over,1,28296
"Tippah County, Mississippi",Sur,175.7,190.543,-14.8431,-0.80372,-0.80367,0.00374,0.00012,-0.04921,0.03127,PctBachDeg25_Over,1,22131
"Tishomingo County, Mississippi",Sur,184,196.137,-12.1372,-0.65667,-0.65661,0.00211,5e-05,-0.03021,0.01672,PctBachDeg25_Over,1,19552
"Tunica County, Mississippi",Sur,236.9,213.664,23.2362,1.25856,1.25869,0.00432,0.00034,0.08289,0.04004,PctPublicCoverageAlone,1,10343
"Union County, Mississippi",Sur,149.4,195.603,-46.2035,-2.50024,-2.50257,0.00247,0.00077,-0.12459,0.08188,PctBachDeg25_Over,1,28429
"Walthall County, Mississippi",Sur,202.5,191.126,11.374,0.61562,0.61555,0.00291,6e-05,0.03328,0.01495,PctHS18_24,1,14638
"Warren County, Mississippi",Sur,192.1,191.327,0.77327,0.04183,0.04183,0.00196,0,0.00185,0.00094,const,1,47485
"Washington County, Mississippi",Sur,241.1,211.511,29.5892,1.61018,1.61064,0.01359,0.00179,0.18906,0.15382,PctUnemployed16_Over,1,48130
"Wayne County, Mississippi",Sur,209.4,196.212,13.1885,0.71417,0.71411,0.00385,0.0001,0.0444,0.02311,PctPublicCoverageAlone,1,20566
"Webster County, Mississippi",Sur,214.5,208.538,5.96151,0.32274,0.32269,0.00333,2e-05,0.01866,0.011,incidenceRate,1,9899
"Wilkinson County, Mississippi",Sur,219.7,203.802,15.8979,0.86124,0.8612,0.00465,0.00017,0.05889,0.04088,PctPublicCoverageAlone,1,9122
"Winston County, Mississippi",Sur,181.7,198.8,-17.1005,-0.92526,-0.92524,0.00223,0.0001,-0.04378,0.02024,PctUnemployed16_Over,1,18317
"Yalobusha County, Mississippi",Sur,235.8,224.666,11.1337,0.60374,0.60367,0.00662,0.00012,0.04926,0.03116,PctUnemployed16_Over,1,12447
"Yazoo County, Mississippi",Sur,207.4,215.944,-8.54364,-0.46405,-0.46399,0.00986,0.00011,-0.04631,0.03542,PctUnemployed16_Over,1,27387
"Adair County, Missouri",Medio Oeste,162.6,175.941,-13.341,-0.72427,-0.72421,0.00892,0.00024,-0.06871,0.0457,MedianAge,1,25378
"Andrew County, Missouri",Medio Oeste,156,148.961,7.03941,0.38116,0.3811,0.00367,3e-05,0.02314,0.01355,incidenceRate,1,17296
"Atchison County, Missouri",Medio Oeste,222.4,157.211,65.1887,3.53187,3.53907,0.00488,0.00306,0.24787,0.10313,incidenceRate,1,5306
"Audrain County, Missouri",Medio Oeste,196.1,200.392,-4.29159,-0.23249,-0.23245,0.00469,1e-05,-0.01596,0.00735,PctBachDeg25_Over:region[Medio Oeste],1,26096
"Barry County, Missouri",Medio Oeste,172.8,183.747,-10.9467,-0.59309,-0.59302,0.0049,9e-05,-0.04162,0.02258,region[Medio Oeste],1,35829
"Barton County, Missouri",Medio Oeste,172.5,172.203,0.29686,0.01607,0.01606,0.00267,0,0.00083,0.00042,incidenceRate,1,11880
"Bates County, Missouri",Medio Oeste,211.1,186.103,24.9973,1.35367,1.35387,0.00391,0.00036,0.08484,0.05021,PctBachDeg25_Over:region[Medio Oeste],1,16446
"Benton County, Missouri",Medio Oeste,209.6,202.388,7.21189,0.39119,0.39113,0.00719,6e-05,0.03328,0.01549,MedianAge,1,18670
"Bollinger County, Missouri",Medio Oeste,190.4,188.494,1.90605,0.10339,0.10338,0.00732,0,0.00888,0.00548,PctBachDeg25_Over:region[Medio Oeste],1,12182
"Boone County, Missouri",Medio Oeste,166.2,157.434,8.76615,0.47698,0.47692,0.01337,0.00015,0.05552,0.03854,PctBachDeg25_Over:region[Medio Oeste],1,174974
"Buchanan County, Missouri",Medio Oeste,189.9,186.074,3.82597,0.20697,0.20693,0.00182,0,0.00883,0.00603,region[Medio Oeste],1,89100
"Butler County, Missouri",Medio Oeste,220.7,193.966,26.7343,1.44739,1.44768,0.00344,0.00036,0.08508,0.0524,region[Medio Oeste],1,42951
"Caldwell County, Missouri",Medio Oeste,199.3,188.128,11.1722,0.60477,0.6047,0.00314,6e-05,0.03392,0.01861,PctHS25_Over,1,9014
"Callaway County, Missouri",Medio Oeste,180.1,175.836,4.26403,0.23076,0.23072,0.00259,1e-05,0.01176,0.00366,PctHS18_24,1,44834
"Camden County, Missouri",Medio Oeste,152.7,167.102,-14.4016,-0.78028,-0.78023,0.00492,0.00015,-0.05485,0.03686,MedianAge,1,44237
"Cape Girardeau County, Missouri",Medio Oeste,170.3,164.214,6.08595,0.3295,0.32945,0.00351,2e-05,0.01955,0.00987,PctBachDeg25_Over:region[Medio Oeste],1,78572
"Carroll County, Missouri",Medio Oeste,197.3,187.672,9.62766,0.52224,0.52217,0.00725,0.0001,0.04462,0.02651,PctHS25_Over,1,8992
"Carter County, Missouri",Medio Oeste,255.8,207.028,48.7724,2.65107,2.65391,0.01134,0.00403,0.28425,0.18862,PctHS25_Over,1,6263
"Cass County, Missouri",Medio Oeste,182.5,166.915,15.5855,0.84333,0.84329,0.00234,8e-05,0.04082,0.02224,region[Medio Oeste],1,101603
"Cedar County, Missouri",Medio Oeste,172.7,183.954,-11.2538,-0.60951,-0.60945,0.00421,8e-05,-0.03963,0.0183,PctUnemployed16_Over:region[Medio Oeste],1,13934
"Chariton County, Missouri",Medio Oeste,166.7,178.507,-11.8066,-0.64026,-0.64019,0.00671,0.00014,-0.05262,0.02671,PctUnemployed16_Over:region[Medio Oeste],1,7589
"Christian County, Missouri",Medio Oeste,146.6,164.699,-18.0985,-0.97977,-0.97976,0.00328,0.00016,-0.05617,0.03064,region[Medio Oeste],1,83279
"Clark County, Missouri",Medio Oeste,228.4,186.325,42.0754,2.27947,2.28117,0.00477,0.00124,0.15786,0.07572,PctBachDeg25_Over:region[Medio Oeste],1,6801
"Clay County, Missouri",Medio Oeste,176.4,171.761,4.63891,0.25148,0.25144,0.00608,2e-05,0.01966,0.01221,PctBachDeg25_Over:region[Medio Oeste],1,235637
"Clinton County, Missouri",Medio Oeste,196.5,177.802,18.6977,1.01173,1.01174,0.00234,0.00012,0.04896,0.02514,PctHS18_24,1,20609
"Cole County, Missouri",Medio Oeste,168.6,164.836,3.76402,0.20392,0.20389,0.00477,1e-05,0.01412,0.00888,PctBachDeg25_Over:region[Medio Oeste],1,76720
"Cooper County, Missouri",Medio Oeste,179.9,183.784,-3.88421,-0.2102,-0.21017,0.00259,1e-05,-0.01071,0.00424,PctHS25_Over,1,17642
"Crawford County, Missouri",Medio Oeste,206.8,206.508,0.29169,0.01582,0.01582,0.00676,0,0.0013,0.0007,PctUnemployed16_Over:region[Medio Oeste],1,24526
"Dade County, Missouri",Medio Oeste,194.1,177.057,17.0431,0.92309,0.92306,0.00425,0.00018,0.06032,0.02495,region[Medio Oeste],1,7595
"Dallas County, Missouri",Medio Oeste,179.1,194.264,-15.1638,-0.82292,-0.82287,0.00816,0.00028,-0.07464,0.04492,PctUnemployed16_Over:region[Medio Oeste],1,16393
"Daviess County, Missouri",Medio Oeste,206.3,170.842,35.4577,1.91901,1.91992,0.00274,0.00051,0.10071,0.03997,AvgHouseholdSize,1,8253
"DeKalb County, Missouri",Medio Oeste,123.4,167.206,-43.8063,-2.37824,-2.38021,0.00894,0.00255,-0.2261,0.13323,incidenceRate,1,12687
"Dent County, Missouri",Medio Oeste,200.1,185.475,14.625,0.79205,0.79199,0.00408,0.00013,0.05069,0.02588,region[Medio Oeste],1,15593
"Douglas County, Missouri",Medio Oeste,166.5,169.571,-3.07052,-0.16659,-0.16656,0.00762,1e-05,-0.01459,0.00734,incidenceRate,1,13373
"Dunklin County, Missouri",Medio Oeste,230,192.821,37.1792,2.01537,2.01647,0.0059,0.00121,0.15539,0.09039,PctBachDeg25_Over:region[Medio Oeste],1,30895
"Franklin County, Missouri",Medio Oeste,180,183.041,-3.0408,-0.16452,-0.16449,0.00215,0,-0.00764,0.00504,region[Medio Oeste],1,102426
"Adair County, Kentucky",Sur,200.2,196.218,3.98228,0.2155,0.21546,0.00253,1e-05,0.01084,0.00639,PctHS18_24,1,19027
"Allen County, Kentucky",Sur,195.1,191.021,4.07928,0.22079,0.22076,0.00291,1e-05,0.01192,0.00768,PctBachDeg25_Over,1,20640
"Anderson County, Kentucky",Sur,202.2,195.546,6.65382,0.36017,0.36011,0.00305,2e-05,0.01992,0.01221,PctPublicCoverageAlone,1,21979
"Ballard County, Kentucky",Sur,191.3,196.997,-5.69674,-0.30832,-0.30828,0.00282,1e-05,-0.01638,0.01123,PctUnemployed16_Over,1,8212
"Barren County, Kentucky",Sur,192,207.133,-15.1332,-0.81869,-0.81864,0.00192,6e-05,-0.03591,0.02156,const,1,43570
"Bath County, Kentucky",Sur,238.5,221.061,17.4393,0.94491,0.9449,0.00503,0.00023,0.06719,0.03674,incidenceRate,1,12228
"Bell County, Kentucky",Sur,223,226.875,-3.87468,-0.21027,-0.21024,0.00817,2e-05,-0.01908,0.01248,PctPublicCoverageAlone,1,27337
"Boone County, Kentucky",Sur,175.7,174.223,1.4771,0.07999,0.07997,0.00385,0,0.00497,0.00291,const,1,127712
"Bourbon County, Kentucky",Sur,176.5,197.584,-21.0843,-1.14053,-1.14059,0.00175,0.00011,-0.04776,0.02435,const,1,20116
"Boyd County, Kentucky",Sur,198.2,207.968,-9.7681,-0.52841,-0.52834,0.00179,3e-05,-0.0224,0.01199,incidenceRate,1,48325
"Boyle County, Kentucky",Sur,179.1,197.871,-18.771,-1.01538,-1.01539,0.00171,9e-05,-0.04208,0.02906,const,1,29809
"Bracken County, Kentucky",Sur,236.8,230.261,6.53879,0.35461,0.35456,0.00681,4e-05,0.02936,0.02444,incidenceRate,1,8321
"Breathitt County, Kentucky",Sur,232.3,230.797,1.50346,0.08159,0.08158,0.00813,0,0.00739,0.00496,PctPublicCoverageAlone,1,13484
"Breckinridge County, Kentucky",Sur,199.5,204.828,-5.32846,-0.28857,-0.28853,0.00408,2e-05,-0.01846,0.0081,PctPublicCoverageAlone,1,20018
"Bullitt County, Kentucky",Sur,174,204.733,-30.7326,-1.66446,-1.66498,0.00416,0.00058,-0.10759,0.0616,PctPublicCoverageAlone,1,78702
"Butler County, Kentucky",Sur,202.9,208.62,-5.71994,-0.30985,-0.3098,0.00458,2e-05,-0.02101,0.01433,PctUnemployed16_Over,1,12938
"Caldwell County, Kentucky",Sur,224.7,219.478,5.22158,0.28293,0.28289,0.00511,2e-05,0.02027,0.01153,PctHS18_24,1,12681
"Calloway County, Kentucky",Sur,195.3,193.267,2.03266,0.11014,0.11012,0.00512,0,0.0079,0.00373,MedianAge,1,38343
"Campbell County, Kentucky",Sur,198.6,189.329,9.27069,0.5018,0.50174,0.003,4e-05,0.02754,0.01894,const,1,92066
"Carlisle County, Kentucky",Sur,213.4,215.649,-2.24853,-0.12176,-0.12174,0.0038,0,-0.00752,0.00475,PctUnemployed16_Over,1,4874
"Carroll County, Kentucky",Sur,217.3,220.061,-2.76129,-0.14968,-0.14966,0.00592,1e-05,-0.01155,0.00766,PctHS18_24,1,10699
"Carter County, Kentucky",Sur,232.1,218.537,13.5632,0.73403,0.73397,0.00268,7e-05,0.03806,0.0201,incidenceRate,1,27158
"Casey County, Kentucky",Sur,254.3,211.703,42.5966,2.30776,2.30953,0.00481,0.00129,0.16058,0.08876,PctBachDeg25_Over,1,15808
"Christian County, Kentucky",Sur,183.6,202.107,-18.5068,-1.00373,-1.00373,0.00696,0.00035,-0.08403,0.05293,MedianAge,1,73309
"Clark County, Kentucky",Sur,210.6,201.309,9.29114,0.50261,0.50255,0.00182,2e-05,0.02146,0.0143,const,1,35757
"Clay County, Kentucky",Sur,266.2,240.985,25.2147,1.36934,1.36955,0.00957,0.00091,0.13459,0.07936,PctPublicCoverageAlone,1,21013
"Prowers County, Colorado",Oeste,202.4,167.443,34.9575,1.89887,1.89975,0.01002,0.00182,0.19112,0.11244,region[Oeste],1,11954
"Fayette County, Alabama",Sur,205.8,198.779,7.02058,0.37983,0.37977,0.00206,1e-05,0.01724,0.00936,const,1,16759
"Pueblo County, Colorado",Oeste,160,166.848,-6.84832,-0.37136,-0.3713,0.00662,5e-05,-0.03031,0.0152,PctOtherRace,1,163591
"Rio Blanco County, Colorado",Oeste,150.7,159.842,-9.14201,-0.49663,-0.49656,0.01017,0.00013,-0.05034,0.0273,region[Oeste],1,6571
"Rio Grande County, Colorado",Oeste,136.5,155.495,-18.9946,-1.02954,-1.02955,0.0057,0.0003,-0.07797,0.04026,region[Oeste],1,11543
"Routt County, Colorado",Oeste,125.2,121.248,3.95165,0.21623,0.21619,0.02438,6e-05,0.03418,0.02271,PctBachDeg25_Over:region[Oeste],1,24130
"Saguache County, Colorado",Oeste,145.4,144.806,0.59408,0.03225,0.03225,0.00899,0,0.00307,0.00181,PctPublicCoverageAlone,1,6251
"San Miguel County, Colorado",Oeste,97.9,114.835,-16.9348,-0.93532,-0.9353,0.04241,0.00194,-0.19683,0.14069,PctBachDeg25_Over:region[Oeste],1,7879
"Sedgwick County, Colorado",Oeste,133.8,147.853,-14.0531,-0.76229,-0.76223,0.00724,0.00021,-0.0651,0.03422,region[Oeste],1,2399
"Summit County, Colorado",Oeste,87.6,93.0996,-5.49958,-0.30073,-0.30069,0.02314,0.00011,-0.04628,0.02989,PctBachDeg25_Over:region[Oeste],1,30257
"Teller County, Colorado",Oeste,145,156.946,-11.9464,-0.648,-0.64794,0.0072,0.00015,-0.05518,0.02329,BirthRate,1,23385
"Washington County, Colorado",Oeste,118.4,160.76,-42.3597,-2.29798,-2.29973,0.00745,0.00198,-0.19927,0.13392,region[Oeste],1,4864
"Franklin County, Alabama",Sur,198.2,188.711,9.48919,0.51351,0.51344,0.00251,3e-05,0.02578,0.01374,PctBachDeg25_Over,1,31696
"Weld County, Colorado",Oeste,150.7,146.258,4.44152,0.24052,0.24048,0.00393,1e-05,0.0151,0.00817,region[Oeste],1,285174
"Yuma County, Colorado",Oeste,184.3,167.135,17.1653,0.93366,0.93364,0.01268,0.00056,0.1058,0.07204,PctUnemployed16_Over:region[Oeste],1,10146
"Fairfield County, Connecticut",Noreste,142,160.546,-18.5464,-1.01554,-1.01555,0.02577,0.00136,-0.16515,0.12121,PctBachDeg25_Over:region[Noreste],1,948053
"Hartford County, Connecticut",Noreste,157.5,169.819,-12.3187,-0.67064,-0.67058,0.01442,0.00033,-0.08113,0.05479,PctUnemployed16_Over:region[Noreste],1,895841
"Litchfield County, Connecticut",Noreste,151.2,164.441,-13.2412,-0.71806,-0.71799,0.00671,0.00017,-0.05901,0.02625,region[Noreste],1,183603
"Middlesex County, Connecticut",Noreste,154.9,162.328,-7.42774,-0.40382,-0.40376,0.01172,0.0001,-0.04398,0.02123,PctBachDeg25_Over:region[Noreste],1,164063
"New Haven County, Connecticut",Noreste,169,175.944,-6.94426,-0.37773,-0.37768,0.01277,9e-05,-0.04296,0.03127,PctUnemployed16_Over:region[Noreste],1,859470
"New London County, Connecticut",Noreste,162.6,174.245,-11.6455,-0.63152,-0.63145,0.00669,0.00013,-0.05181,0.03318,region[Noreste],1,271863
"Tolland County, Connecticut",Noreste,152.3,161.23,-8.92958,-0.48502,-0.48496,0.00991,0.00012,-0.04852,0.02602,PctBachDeg25_Over:region[Noreste],1,151420
"Windham County, Connecticut",Noreste,172.2,167.499,4.70079,0.25545,0.2554,0.01081,4e-05,0.0267,0.02075,region[Noreste],1,116573
"Bibb County, Alabama",Sur,212.4,203.588,8.81194,0.4774,0.47733,0.00477,5e-05,0.03303,0.01985,AvgHouseholdSize,1,22583
"Geneva County, Alabama",Sur,200.3,203.54,-3.24034,-0.17524,-0.17521,0.00131,0,-0.00634,0.00341,const,1,26777
"Kent County, Delaware",Sur,190.7,197.44,-6.74044,-0.36477,-0.36472,0.00261,2e-05,-0.01866,0.01098,const,1,173533
"New Castle County, Delaware",Sur,177.2,179.338,-2.13818,-0.11577,-0.11575,0.00361,0,-0.00697,0.00508,PctBachDeg25_Over,1,556779
"Sussex County, Delaware",Sur,168.7,192.08,-23.3796,-1.26521,-1.26534,0.00255,0.0002,-0.06399,0.04052,MedianAge,1,215622
"District of Columbia, District of Columbia",Sur,182.3,182.547,-0.24688,-0.01341,-0.01341,0.00989,0,-0.00134,0.00065,AvgHouseholdSize,1,672228
"Alachua County, Florida",Sur,182.4,170.49,11.9101,0.64595,0.64589,0.00695,0.00015,0.05404,0.0244,MedianAge,1,259964
"Baker County, Florida",Sur,206.1,200.861,5.23908,0.28374,0.28369,0.00412,2e-05,0.01824,0.00824,AvgHouseholdSize,1,27420
"Bay County, Florida",Sur,191.5,192.679,-1.17924,-0.06378,-0.06377,0.00151,0,-0.00248,0.00177,const,1,181635
"Bradford County, Florida",Sur,209.9,191.298,18.6016,1.00732,1.00732,0.00389,0.0002,0.06297,0.03226,BirthRate,1,26928
"Brevard County, Florida",Sur,181.2,177.333,3.86697,0.20937,0.20934,0.00358,1e-05,0.01255,0.00703,MedianAge,1,568088
"Broward County, Florida",Sur,157.6,169.857,-12.2571,-0.66379,-0.66373,0.00401,9e-05,-0.04213,0.02922,PctBachDeg25_Over,1,1.89642e+06
"Greene County, Alabama",Sur,154.5,212.298,-57.7982,-3.14129,-3.14624,0.0111,0.00554,-0.33339,0.25637,PctUnemployed16_Over,1,8479
"Calhoun County, Florida",Sur,174.7,187.144,-12.4442,-0.67342,-0.67335,0.00252,6e-05,-0.03386,0.01854,incidenceRate,1,14462
"Charlotte County, Florida",Sur,149.8,171.829,-22.0293,-1.19451,-1.1946,0.00652,0.00047,-0.09678,0.07695,MedianAge,1,173115
"Citrus County, Florida",Sur,184.3,190.513,-6.21311,-0.33678,-0.33672,0.00581,3e-05,-0.02574,0.01719,MedianAge,1,141058
"Clay County, Florida",Sur,182.6,179.257,3.34331,0.18101,0.18098,0.00347,1e-05,0.01068,0.00525,PctUnemployed16_Over,1,203967
"Collier County, Florida",Sur,123.2,149.174,-25.9744,-1.40835,-1.4086,0.0064,0.00064,-0.11309,0.05555,MedianAge,1,357305
"Columbia County, Florida",Sur,203.3,199.679,3.6211,0.19604,0.19601,0.00338,1e-05,0.01142,0.00857,PctUnemployed16_Over,1,68348
"DeSoto County, Florida",Sur,160.4,190.188,-29.788,-1.61299,-1.61345,0.00377,0.00049,-0.0993,0.05217,PctPublicCoverageAlone,1,35458
"Dixie County, Florida",Sur,195.9,197.428,-1.52765,-0.08273,-0.08272,0.00408,0,-0.0053,0.00296,PctUnemployed16_Over,1,16203
"Duval County, Florida",Sur,189.2,190.753,-1.55328,-0.08409,-0.08407,0.00327,0,-0.00482,0.003,PctBachDeg25_Over,1,913010
"Escambia County, Florida",Sur,186.7,180.406,6.29447,0.34052,0.34047,0.00192,1e-05,0.01493,0.00943,const,1,311003
"Hale County, Alabama",Sur,197.7,213.252,-15.5515,-0.84258,-0.84254,0.00491,0.00018,-0.05919,0.03135,BirthRate,1,15068
"Flagler County, Florida",Sur,174.6,172.484,2.11622,0.11465,0.11463,0.0048,0,0.00796,0.00625,MedianAge,1,105392
"Franklin County, Florida",Sur,216.2,183.342,32.8584,1.77924,1.77992,0.00376,0.0006,0.10932,0.06587,PctHS18_24,1,11761
"Gadsden County, Florida",Sur,184.7,185.307,-0.60672,-0.03282,-0.03281,0.00173,0,-0.00136,0.00066,incidenceRate,1,46036
"Gilchrist County, Florida",Sur,209.2,182.955,26.2447,1.42006,1.42031,0.00228,0.00023,0.06786,0.03574,incidenceRate,1,17199
"Glades County, Florida",Sur,135.3,173.013,-37.7128,-2.05067,-2.05183,0.01207,0.00257,-0.22679,0.13089,AvgHouseholdSize,1,13670
"Gulf County, Florida",Sur,189.1,183.333,5.76711,0.31192,0.31187,0.00146,1e-05,0.01192,0.00741,const,1,15871
"Hamilton County, Florida",Sur,188.4,185.775,2.62516,0.14244,0.14241,0.00777,1e-05,0.01261,0.00776,PctUnemployed16_Over,1,14295
"Hardee County, Florida",Sur,161.9,195.909,-34.0092,-1.84655,-1.84734,0.00915,0.00157,-0.17749,0.10813,AvgHouseholdSize,1,27502
"Hendry County, Florida",Sur,163.7,175.112,-11.4122,-0.61878,-0.61871,0.0064,0.00012,-0.04967,0.02194,AvgHouseholdSize,1,39119
"Hernando County, Florida",Sur,178.1,192.429,-14.3292,-0.77588,-0.77583,0.0037,0.00011,-0.04726,0.03018,PctUnemployed16_Over,1,178439
"Henry County, Alabama",Sur,194.1,199.271,-5.17101,-0.27977,-0.27973,0.00212,1e-05,-0.01289,0.00635,const,1,17221
"Highlands County, Florida",Sur,161.6,179.936,-18.3356,-0.99374,-0.99374,0.00556,0.00028,-0.07432,0.04952,MedianAge,1,99491
"Hillsborough County, Florida",Sur,168.9,179.318,-10.4183,-0.56408,-0.56401,0.00354,6e-05,-0.03362,0.02308,PctBachDeg25_Over,1,1.34905e+06
"Holmes County, Florida",Sur,191.5,163.802,27.6977,1.50399,1.50433,0.00932,0.00106,0.1459,0.11217,incidenceRate,1,19324
"Indian River County, Florida",Sur,167.3,172.71,-5.41037,-0.29322,-0.29317,0.00551,2e-05,-0.02181,0.0139,MedianAge,1,147919
"Jefferson County, Florida",Sur,173.5,169.521,3.97892,0.21549,0.21546,0.00412,1e-05,0.01386,0.00667,incidenceRate,1,14081
"Lafayette County, Florida",Sur,208.1,182.952,25.1481,1.36257,1.36278,0.00498,0.00046,0.09644,0.06673,PctUnemployed16_Over,1,8663
"Lake County, Florida",Sur,171.3,183.63,-12.3305,-0.66726,-0.66719,0.00251,6e-05,-0.03346,0.02418,MedianAge,1,325875
"Lee County, Florida",Sur,142.1,166.557,-24.4573,-1.32425,-1.32443,0.00364,0.00032,-0.0801,0.04814,MedianAge,1,701982
"Leon County, Florida",Sur,155.8,156.794,-0.99375,-0.05402,-0.05401,0.01154,0,-0.00584,0.00273,PctBachDeg25_Over:region[Medio Oeste],1,286272
"Houston County, Alabama",Sur,189.6,191.605,-2.00463,-0.1084,-0.10838,0.00106,0,-0.00353,0.00283,const,1,104173
"Levy County, Florida",Sur,232,206.018,25.9822,1.4062,1.40645,0.00277,0.00027,0.07409,0.04279,MedianAge,1,39832
"Liberty County, Florida",Sur,220.4,182.132,38.2678,2.07289,2.07411,0.00447,0.00097,0.13904,0.06018,PctHS18_24,1,8331
"Madison County, Florida",Sur,166.9,165.839,1.06127,0.05764,0.05763,0.00974,0,0.00572,0.00361,BirthRate,1,18408
"Manatee County, Florida",Sur,146.7,166.243,-19.5428,-1.0578,-1.05782,0.00297,0.00017,-0.05772,0.03326,const,1,363369
"Marion County, Florida",Sur,183.4,197.013,-13.6128,-0.73686,-0.7368,0.00306,8e-05,-0.04083,0.02665,MedianAge,1,343254
"Martin County, Florida",Sur,146.5,158.537,-12.0368,-0.65266,-0.65259,0.00645,0.00014,-0.05259,0.03132,MedianAge,1,156283
"Miami-Dade County, Florida",Sur,137.3,166.464,-29.1641,-1.58054,-1.58096,0.00546,0.00069,-0.11713,0.08409,AvgHouseholdSize,1,2.69312e+06
"Monroe County, Florida",Sur,168.5,156.41,12.0901,0.65475,0.65468,0.00402,9e-05,0.04162,0.02525,const,1,77482
"Nassau County, Florida",Sur,176.3,185.683,-9.38345,-0.5079,-0.50783,0.00298,4e-05,-0.02776,0.01561,const,1,78444
"Okaloosa County, Florida",Sur,182.8,170.199,12.6009,0.68193,0.68186,0.0026,6e-05,0.03484,0.02259,const,1,198664
"Jackson County, Alabama",Sur,211.1,192.247,18.853,1.02062,1.02062,0.00328,0.00017,0.05851,0.0404,PctPublicCoverageAlone,1,52419
"Okeechobee County, Florida",Sur,203.3,197.944,5.35632,0.28984,0.2898,0.00242,1e-05,0.01429,0.00571,AvgHouseholdSize,1,39469
"Orange County, Florida",Sur,161.7,167.943,-6.24341,-0.33821,-0.33816,0.00459,3e-05,-0.02296,0.0156,PctBachDeg25_Over,1,1.28813e+06
"Osceola County, Florida",Sur,155.6,172.547,-16.9465,-0.91811,-0.91808,0.0048,0.0002,-0.06378,0.0482,AvgHouseholdSize,1,323993
"Palm Beach County, Florida",Sur,144.3,164.377,-20.0765,-1.08782,-1.08785,0.00505,0.0003,-0.07749,0.05129,PctBachDeg25_Over,1,1.42279e+06
"Pasco County, Florida",Sur,176.4,187.608,-11.2079,-0.60621,-0.60614,0.00151,3e-05,-0.02358,0.0167,const,1,497909
"Pinellas County, Florida",Sur,165,172.821,-7.82106,-0.4235,-0.42344,0.00375,3e-05,-0.02598,0.01584,const,1,949827
"Polk County, Florida",Sur,168.1,195.718,-27.6178,-1.49425,-1.49458,0.00214,0.00024,-0.06929,0.03727,AvgHouseholdSize,1,650092
"Putnam County, Florida",Sur,211.6,207.755,3.84549,0.2081,0.20807,0.00258,1e-05,0.01058,0.00399,PctUnemployed16_Over,1,72023
"St. Johns County, Florida",Sur,149.9,154.456,-4.5558,-0.24741,-0.24737,0.00956,3e-05,-0.02431,0.01658,PctBachDeg25_Over,1,226640
"St. Lucie County, Florida",Sur,162.4,178.943,-16.543,-0.89538,-0.89535,0.00288,0.00012,-0.04813,0.02712,PctUnemployed16_Over,1,298563
"Jefferson County, Alabama",Sur,186.7,180.969,5.73116,0.31018,0.31013,0.00274,1e-05,0.01626,0.01004,const,1,660367
"Santa Rosa County, Florida",Sur,190.7,169.123,21.5769,1.1675,1.16758,0.0023,0.00016,0.05607,0.03604,const,1,167040
"Sarasota County, Florida",Sur,146.4,163.502,-17.1025,-0.92723,-0.92721,0.00624,0.00027,-0.0735,0.04083,MedianAge,1,405549
"Seminole County, Florida",Sur,160.8,157.868,2.93202,0.15902,0.15899,0.00697,1e-05,0.01332,0.00879,PctBachDeg25_Over,1,449144
"Sumter County, Florida",Sur,142.9,169.57,-26.6698,-1.45141,-1.45169,0.01373,0.00147,-0.17125,0.14133,MedianAge,1,118891
"Suwannee County, Florida",Sur,198.7,194.464,4.2359,0.22922,0.22918,0.00244,1e-05,0.01133,0.00514,BirthRate,1,43760
"Taylor County, Florida",Sur,198.5,191.191,7.30898,0.39595,0.39589,0.00468,4e-05,0.02715,0.01707,PctBachDeg25_Over,1,22493
"Union County, Florida",Sur,362.8,342.336,20.4642,1.15127,1.15134,0.07707,0.00553,0.3327,0.32483,incidenceRate,1,15234
"Volusia County, Florida",Sur,178.3,174.733,3.56698,0.19299,0.19296,0.00219,0,0.00904,0.00601,const,1,517887
"Wakulla County, Florida",Sur,209.3,189.969,19.3306,1.046,1.04601,0.00237,0.00013,0.05094,0.02776,BirthRate,1,31535
"Canadian County, Oklahoma",Sur,169.8,176.871,-7.07076,-0.38292,-0.38286,0.00399,3e-05,-0.02423,0.01383,const,1,133378
"Carter County, Oklahoma",Sur,206.1,192.117,13.9835,0.75659,0.75653,0.00219,6e-05,0.03545,0.02453,const,1,48689
"Cherokee County, Oklahoma",Sur,207.3,181.725,25.5748,1.38374,1.38397,0.00217,0.00021,0.0646,0.0379,const,1,48447
"Choctaw County, Oklahoma",Sur,225.5,196.505,28.9954,1.5684,1.56881,0.00165,0.0002,0.06378,0.04003,const,1,14997
"Cimarron County, Oklahoma",Sur,258.7,180.181,78.5194,4.26605,4.27912,0.01044,0.0096,0.43956,0.27465,PctOtherRace,1,2216
"Cleveland County, Oklahoma",Sur,169.2,172.927,-3.72702,-0.20183,-0.20179,0.00392,1e-05,-0.01266,0.00771,const,1,274458
"Coal County, Oklahoma",Sur,195.8,182.162,13.6375,0.73804,0.73798,0.00265,7e-05,0.03801,0.02357,incidenceRate,1,5651
"Comanche County, Oklahoma",Sur,186.9,183.233,3.66705,0.19848,0.19844,0.00286,1e-05,0.01063,0.00747,MedianAge,1,124648
"Cotton County, Oklahoma",Sur,192.4,177.623,14.7775,0.79967,0.79962,0.00248,8e-05,0.03989,0.02403,const,1,5996
"Craig County, Oklahoma",Sur,205.3,192.55,12.75,0.68981,0.68975,0.00208,5e-05,0.03146,0.02143,const,1,14818
"Creek County, Oklahoma",Sur,210.2,199.633,10.5672,0.57185,0.57178,0.00256,4e-05,0.02895,0.01913,PctUnemployed16_Over,1,70892
"Custer County, Oklahoma",Sur,205.2,173.472,31.728,1.72048,1.72108,0.0066,0.00098,0.1403,0.07948,const,1,29744
"Delaware County, Oklahoma",Sur,182.4,183.402,-1.00228,-0.05422,-0.05421,0.00172,0,-0.00225,0.00133,const,1,41459
"Dewey County, Oklahoma",Sur,202.1,181.348,20.752,1.1267,1.12676,0.00908,0.00058,0.10785,0.06466,PctHS25_Over,1,4995
"Ellis County, Oklahoma",Sur,186.6,173.664,12.9362,0.70032,0.70026,0.00331,8e-05,0.04037,0.02994,const,1,4231
"Garfield County, Oklahoma",Sur,184.6,183.54,1.05958,0.05735,0.05734,0.00298,0,0.00314,0.0021,const,1,63569
"Garvin County, Oklahoma",Sur,227.9,199.614,28.286,1.53186,1.53223,0.00404,0.00048,0.09758,0.05682,PctUnemployed16_Over,1,27755
"Grady County, Oklahoma",Sur,193.7,177.908,15.7924,0.85474,0.8547,0.00283,0.0001,0.0455,0.02964,PctUnemployed16_Over,1,54648
"Grant County, Oklahoma",Sur,174.4,174.951,-0.55059,-0.02983,-0.02982,0.00454,0,-0.00201,0.00138,const,1,4523
"Greer County, Oklahoma",Sur,174.7,181.295,-6.59526,-0.35768,-0.35762,0.00683,4e-05,-0.02966,0.01744,BirthRate,1,6070
"Harmon County, Oklahoma",Sur,223.9,176.192,47.7078,2.58951,2.59214,0.00852,0.00288,0.24034,0.15931,PctOtherRace,1,2788
"Harper County, Oklahoma",Sur,159.7,187.63,-27.9301,-1.51361,-1.51395,0.00538,0.00062,-0.1113,0.09359,PctUnemployed16_Over,1,3754
"Haskell County, Oklahoma",Sur,200,198.794,1.20629,0.06524,0.06523,0.00139,0,0.00243,0.00134,const,1,12845
"Hughes County, Oklahoma",Sur,226.9,205.983,20.9173,1.13205,1.13211,0.00272,0.00017,0.05911,0.03343,PctUnemployed16_Over,1,13735
"Jackson County, Oklahoma",Sur,209.2,181.439,27.7608,1.50391,1.50425,0.00469,0.00053,0.1033,0.05623,PctOtherRace,1,25574
"Jefferson County, Oklahoma",Sur,231.3,204.765,26.5346,1.43724,1.43751,0.00435,0.00045,0.09501,0.04231,PctHS18_24,1,6276
"Johnston County, Oklahoma",Sur,215,187.474,27.5265,1.48966,1.48999,0.00261,0.00029,0.07629,0.05039,PctUnemployed16_Over,1,10980
"Kay County, Oklahoma",Sur,203.1,190.277,12.8229,0.69347,0.6934,0.00125,3e-05,0.02449,0.0202,const,1,45366
"Kingfisher County, Oklahoma",Sur,174.7,179.6,-4.90041,-0.26536,-0.26531,0.00382,1e-05,-0.01642,0.00969,const,1,15584
"Kiowa County, Oklahoma",Sur,226.1,198.001,28.0987,1.52232,1.52268,0.00483,0.00056,0.10605,0.05922,PctHS18_24,1,9144
"Latimer County, Oklahoma",Sur,191.7,176.249,15.4514,0.83667,0.83662,0.00375,0.00013,0.05131,0.02951,PctBachDeg25_Over,1,10483
"Le Flore County, Oklahoma",Sur,214.4,179.7,34.7001,1.87749,1.87833,0.0022,0.00039,0.0882,0.05942,incidenceRate,1,49605
"Lincoln County, Oklahoma",Sur,198.3,183.091,15.2086,0.82287,0.82282,0.00217,7e-05,0.03835,0.01988,const,1,35042
"Logan County, Oklahoma",Sur,160.2,172.962,-12.7624,-0.69103,-0.69097,0.00366,9e-05,-0.0419,0.02591,const,1,45996
"Love County, Oklahoma",Sur,200.2,189.164,11.0363,0.59806,0.59799,0.00527,9e-05,0.04355,0.02682,PctUnemployed16_Over,1,9870
"McClain County, Oklahoma",Sur,175,186.984,-11.9845,-0.64903,-0.64896,0.00402,8e-05,-0.04122,0.02443,const,1,38066
"McCurtain County, Oklahoma",Sur,202.4,202.938,-0.53826,-0.02913,-0.02913,0.0028,0,-0.00154,0.00101,PctPublicCoverageAlone,1,33048
"McIntosh County, Oklahoma",Sur,202.4,196.988,5.4117,0.29275,0.2927,0.00179,1e-05,0.0124,0.00607,const,1,19990
"Major County, Oklahoma",Sur,182.3,186.762,-4.46182,-0.24159,-0.24155,0.00365,1e-05,-0.01463,0.00968,const,1,7771
"Marshall County, Oklahoma",Sur,196.9,186.263,10.6369,0.57617,0.5761,0.00444,7e-05,0.03848,0.02138,PctOtherRace,1,16232
"Mayes County, Oklahoma",Sur,202.5,190.83,11.6699,0.63127,0.6312,0.00175,3e-05,0.02644,0.01641,const,1,40887
"Murray County, Oklahoma",Sur,203.3,190.03,13.2704,0.71864,0.71858,0.00396,0.0001,0.04532,0.02881,PctUnemployed16_Over,1,13936
"Muskogee County, Oklahoma",Sur,211.7,198.252,13.4475,0.72747,0.72741,0.00186,5e-05,0.03143,0.02062,const,1,69699
"Noble County, Oklahoma",Sur,181.6,181.741,-0.14118,-0.00765,-0.00764,0.00381,0,-0.00047,0.00034,const,1,11554
"Nowata County, Oklahoma",Sur,189.7,183.312,6.38758,0.34565,0.34559,0.00242,1e-05,0.01703,0.00886,const,1,10539
"Okfuskee County, Oklahoma",Sur,237.1,201.385,35.7151,1.93242,1.93336,0.00222,0.00041,0.09112,0.03386,PctPublicCoverageAlone,1,12181
"Oklahoma County, Oklahoma",Sur,186.1,176.565,9.53526,0.5164,0.51633,0.00405,5e-05,0.03292,0.01913,const,1,776864
"Okmulgee County, Oklahoma",Sur,214.1,202.203,11.8971,0.6435,0.64343,0.00156,3e-05,0.02541,0.01599,const,1,39187
"Osage County, Oklahoma",Sur,173.6,181.475,-7.87532,-0.42611,-0.42605,0.00223,2e-05,-0.02014,0.01287,const,1,47887
"Ottawa County, Oklahoma",Sur,229.7,190.861,38.8388,2.10065,2.10192,0.00147,0.00032,0.08051,0.03923,const,1,31981
"Pawnee County, Oklahoma",Sur,213.8,188.272,25.5279,1.38165,1.38187,0.00282,0.00027,0.07352,0.04307,const,1,16436
"Payne County, Oklahoma",Sur,177.4,178.385,-0.98512,-0.05349,-0.05348,0.00915,0,-0.00514,0.00359,MedianAge,1,80850
"Pittsburg County, Oklahoma",Sur,195.8,185.855,9.94452,0.53808,0.53801,0.00227,3e-05,0.02564,0.0151,const,1,44610
"Pontotoc County, Oklahoma",Sur,195.7,189.441,6.2587,0.33881,0.33876,0.00326,2e-05,0.01937,0.01255,const,1,38194
"Pottawatomie County, Oklahoma",Sur,190,189.784,0.21599,0.01168,0.01168,0.00141,0,0.00044,0.00034,const,1,71875
"Pushmataha County, Oklahoma",Sur,226.4,182.949,43.4505,2.35204,2.35393,0.00313,0.00087,0.13184,0.09199,incidenceRate,1,11183
"Roger Mills County, Oklahoma",Sur,153.2,155.563,-2.36333,-0.12842,-0.12839,0.01065,1e-05,-0.01332,0.00762,PctUnemployed16_Over,1,3788
"Rogers County, Oklahoma",Sur,174.5,173.826,0.6737,0.03645,0.03644,0.0022,0,0.00171,0.00132,const,1,90802
"Seminole County, Oklahoma",Sur,208.9,200.182,8.71848,0.47167,0.47161,0.00199,2e-05,0.02103,0.00986,const,1,25548
"Sequoyah County, Oklahoma",Sur,214.9,184.816,30.0841,1.62786,1.62834,0.00235,0.00031,0.0791,0.04603,incidenceRate,1,41153
"Stephens County, Oklahoma",Sur,189.1,185.93,3.17048,0.17156,0.17153,0.00236,0,0.00835,0.00543,const,1,44581
"Texas County, Oklahoma",Sur,153.1,147.522,5.57761,0.3046,0.30455,0.02057,0.0001,0.04414,0.0388,PctOtherRace,1,21489
"Tillman County, Oklahoma",Sur,166.1,179.198,-13.0982,-0.70907,-0.70901,0.00326,8e-05,-0.04056,0.02367,PctOtherRace,1,7515
"Tulsa County, Oklahoma",Sur,183.9,178.197,5.70338,0.30888,0.30883,0.00406,2e-05,0.01973,0.01182,const,1,639242
"Wagoner County, Oklahoma",Sur,177.5,174.177,3.32276,0.17981,0.17978,0.00249,0,0.00898,0.00603,const,1,76559
"Washington County, Oklahoma",Sur,185.2,180.197,5.00319,0.27091,0.27087,0.00373,1e-05,0.01657,0.01119,const,1,52021
"Washita County, Oklahoma",Sur,186.9,182.143,4.75708,0.25772,0.25768,0.00476,2e-05,0.01782,0.01137,const,1,11661
"Woods County, Oklahoma",Sur,125.3,177.999,-52.6989,-2.85742,-2.86106,0.00644,0.00265,-0.23032,0.12916,const,1,9304
"Woodward County, Oklahoma",Sur,155.7,173.63,-17.9297,-0.97101,-0.971,0.00405,0.00019,-0.06188,0.02901,const,1,21559
"Baker County, Oregon",Oeste,169.5,168.802,0.69837,0.03788,0.03787,0.00716,0,0.00322,0.0016,region[Oeste],1,16005
"Benton County, Oregon",Oeste,155.6,139.735,15.8653,0.86529,0.86525,0.018,0.00069,0.11714,0.08034,PctBachDeg25_Over:region[Oeste],1,87572
"Clackamas County, Oregon",Oeste,160.2,150.847,9.35283,0.50686,0.5068,0.00541,7e-05,0.03737,0.02056,PctBachDeg25_Over:region[Oeste],1,401515
"Clatsop County, Oregon",Oeste,180.2,166.924,13.2758,0.71916,0.7191,0.00459,0.00012,0.04881,0.0324,region[Oeste],1,37831
"Columbia County, Oregon",Oeste,185.7,167.762,17.9375,0.97188,0.97187,0.00496,0.00024,0.06863,0.05221,region[Oeste],1,49600
"Coos County, Oregon",Oeste,200.3,173.266,27.034,1.46602,1.46632,0.00671,0.00073,0.12048,0.06963,region[Oeste],1,63121
"Crook County, Oregon",Oeste,144.3,179.035,-34.7352,-1.88758,-1.88844,0.01084,0.00195,-0.19768,0.11156,PctUnemployed16_Over:region[Oeste],1,21630
"Curry County, Oregon",Oeste,189.8,151.51,38.2903,2.08013,2.08136,0.01023,0.00224,0.21158,0.08093,PctUnemployed16_Over:region[Oeste],1,22483
"Deschutes County, Oregon",Oeste,154.3,162.987,-8.68689,-0.4709,-0.47083,0.00594,7e-05,-0.03641,0.01828,PctBachDeg25_Over:region[Oeste],1,175268
"Douglas County, Oregon",Oeste,189.2,170.524,18.6764,1.01349,1.0135,0.00806,0.00042,0.09136,0.05079,region[Oeste],1,107685
"Gilliam County, Oregon",Oeste,174.2,187.714,-13.5136,-0.73415,-0.73409,0.01027,0.00028,-0.07479,0.05119,region[Oeste],1,1859
"Grant County, Oregon",Oeste,131.4,162.028,-30.6283,-1.66137,-1.66189,0.00722,0.001,-0.14176,0.08238,region[Oeste],1,7185
"Harney County, Oregon",Oeste,162.7,161.736,0.96391,0.05267,0.05266,0.02171,0,0.00784,0.00497,PctUnemployed16_Over:region[Oeste],1,7200
"Hood River County, Oregon",Oeste,166.7,153.529,13.1707,0.71429,0.71423,0.00687,0.00018,0.0594,0.0231,PctUnemployed16_Over:region[Oeste],1,23137
"Jackson County, Oregon",Oeste,172.4,168.121,4.27863,0.23181,0.23177,0.00486,1e-05,0.0162,0.00811,PctUnemployed16_Over:region[Oeste],1,212567
"Jefferson County, Oregon",Oeste,163.9,153.105,10.7947,0.58651,0.58645,0.01054,0.00018,0.06052,0.03853,PctUnemployed16_Over:region[Oeste],1,22666
"Josephine County, Oregon",Oeste,199.7,183.635,16.0651,0.87197,0.87193,0.00848,0.00033,0.08064,0.04326,region[Oeste],1,84745
"Klamath County, Oregon",Oeste,177.9,170.865,7.03543,0.38163,0.38157,0.00725,5e-05,0.0326,0.01914,PctUnemployed16_Over:region[Oeste],1,66016
"Lake County, Oregon",Oeste,139.2,171.99,-32.7901,-1.78108,-1.78177,0.00996,0.00159,-0.17867,0.08714,region[Oeste],1,7829
"Lane County, Oregon",Oeste,169.1,157.902,11.1982,0.60676,0.60669,0.00504,9e-05,0.04319,0.02135,region[Oeste],1,362895
"Lincoln County, Oregon",Oeste,199.9,170.526,29.3739,1.59255,1.59299,0.00626,0.0008,0.1264,0.06756,region[Oeste],1,47038
"Linn County, Oregon",Oeste,186.5,179.145,7.35506,0.39855,0.39849,0.00516,4e-05,0.02869,0.02106,region[Oeste],1,120547
"Malheur County, Oregon",Oeste,164.4,176.528,-12.1285,-0.65785,-0.65778,0.00711,0.00015,-0.05565,0.03345,region[Oeste],1,30380
"Marion County, Oregon",Oeste,168.9,170.11,-1.20985,-0.06555,-0.06553,0.00479,0,-0.00455,0.00239,region[Oeste],1,330700
"Morrow County, Oregon",Oeste,191.7,179.04,12.6604,0.6877,0.68763,0.00999,0.00024,0.06909,0.04149,region[Oeste],1,11190
"Multnomah County, Oregon",Oeste,177.1,154.568,22.5316,1.22404,1.22414,0.01023,0.00077,0.12443,0.08075,PctBachDeg25_Over:region[Oeste],1,790294
"Polk County, Oregon",Oeste,165.5,164.024,1.47569,0.07998,0.07997,0.00568,0,0.00604,0.00336,PctUnemployed16_Over:region[Oeste],1,79391
"Sherman County, Oregon",Oeste,180.4,197.595,-17.1948,-0.93365,-0.93363,0.00925,0.00041,-0.09019,0.0531,region[Oeste],1,1680
"Tillamook County, Oregon",Oeste,165.1,163.826,1.27422,0.06901,0.069,0.00426,0,0.00451,0.00332,region[Oeste],1,25653
"Umatilla County, Oregon",Oeste,181.2,170.739,10.4607,0.56692,0.56685,0.00546,9e-05,0.04201,0.03067,region[Oeste],1,76531
"Union County, Oregon",Oeste,169,171.806,-2.80581,-0.15193,-0.1519,0.00373,0,-0.0093,0.00764,region[Oeste],1,25790
"Walsh County, North Dakota",Medio Oeste,141,153.74,-12.7399,-0.69026,-0.6902,0.00495,0.00012,-0.04868,0.02222,PctOtherRace,1,10897
"Ward County, North Dakota",Medio Oeste,162.4,164.91,-2.50988,-0.13608,-0.13606,0.00633,1e-05,-0.01086,0.00513,MedianAge,1,71275
"Wells County, North Dakota",Medio Oeste,178,146.335,31.665,1.71662,1.71722,0.00609,0.0009,0.13444,0.05915,PctUnemployed16_Over:region[Medio Oeste],1,4168
"Williams County, North Dakota",Medio Oeste,170.1,152.991,17.1085,0.92938,0.92936,0.01013,0.00044,0.09403,0.04387,MedianAge,1,35294
"Adams County, Ohio",Medio Oeste,217.2,221.606,-4.40624,-0.23917,-0.23913,0.00854,2e-05,-0.02219,0.01181,region[Medio Oeste],1,28024
"Allen County, Ohio",Medio Oeste,185,190.318,-5.3177,-0.28778,-0.28773,0.00258,1e-05,-0.01465,0.00802,region[Medio Oeste],1,104425
"Ashland County, Ohio",Medio Oeste,189.4,176.088,13.3122,0.72045,0.72039,0.00268,7e-05,0.03737,0.0222,PctHS25_Over,1,53213
"Ashtabula County, Ohio",Medio Oeste,203.2,203.14,0.0601,0.00325,0.00325,0.00325,0,0.00019,9e-05,region[Medio Oeste],1,98632
"Athens County, Ohio",Medio Oeste,192.1,199.334,-7.23378,-0.39279,-0.39273,0.00929,7e-05,-0.03803,0.02085,MedianAge,1,65886
"Auglaize County, Ohio",Medio Oeste,189.7,183.609,6.09134,0.32967,0.32962,0.00275,1e-05,0.0173,0.00622,PctUnemployed16_Over:region[Medio Oeste],1,45876
"Belmont County, Ohio",Medio Oeste,185.2,184.863,0.3367,0.01823,0.01822,0.00302,0,0.001,0.00044,region[Medio Oeste],1,69154
"Brown County, Ohio",Medio Oeste,213.3,205.38,7.92044,0.42927,0.42921,0.00556,5e-05,0.03209,0.01311,BirthRate,1,43839
"Butler County, Ohio",Medio Oeste,189,174.797,14.2029,0.76907,0.76901,0.00376,0.00011,0.04723,0.02601,PctBachDeg25_Over:region[Medio Oeste],1,376353
"Carroll County, Ohio",Medio Oeste,172.8,193.236,-20.4359,-1.10698,-1.10702,0.00449,0.00028,-0.07433,0.04604,PctBachDeg25_Over:region[Medio Oeste],1,27811
"Champaign County, Ohio",Medio Oeste,190.1,191.297,-1.19669,-0.06478,-0.06476,0.00305,0,-0.00358,0.00161,region[Medio Oeste],1,38987
"Clark County, Ohio",Medio Oeste,200.6,194.842,5.75752,0.31161,0.31156,0.00279,1e-05,0.01648,0.01149,region[Medio Oeste],1,135959
"Clermont County, Ohio",Medio Oeste,178.7,173.855,4.84472,0.26231,0.26227,0.0036,1e-05,0.01577,0.0072,PctBachDeg25_Over:region[Medio Oeste],1,201973
"Clinton County, Ohio",Medio Oeste,224.3,196.948,27.3523,1.48013,1.48045,0.00247,0.00027,0.07374,0.04241,region[Medio Oeste],1,41917
"Columbiana County, Ohio",Medio Oeste,178.3,192.229,-13.9292,-0.75402,-0.75396,0.00317,9e-05,-0.04248,0.02015,PctHS25_Over,1,104806
"Coshocton County, Ohio",Medio Oeste,203,192.99,10.0102,0.54216,0.5421,0.00423,6e-05,0.03532,0.02133,PctHS25_Over,1,36569
"Crawford County, Ohio",Medio Oeste,184.6,196.487,-11.887,-0.64343,-0.64337,0.00305,6e-05,-0.03556,0.01758,PctBachDeg25_Over:region[Medio Oeste],1,42306
"Cuyahoga County, Ohio",Medio Oeste,187.1,190.769,-3.66856,-0.19896,-0.19893,0.00688,1e-05,-0.01656,0.00954,PctUnemployed16_Over:region[Medio Oeste],1,1.25592e+06
"Darke County, Ohio",Medio Oeste,179.6,189.412,-9.81157,-0.53144,-0.53137,0.00434,6e-05,-0.03509,0.01744,PctBachDeg25_Over:region[Medio Oeste],1,52076
"Defiance County, Ohio",Medio Oeste,188.6,182.391,6.20865,0.33615,0.3361,0.00351,2e-05,0.01995,0.00932,PctHS25_Over,1,38352
"Delaware County, Ohio",Medio Oeste,152.1,140.147,11.9531,0.655,0.65493,0.02721,0.0006,0.10953,0.07909,PctBachDeg25_Over:region[Medio Oeste],1,193013
"Erie County, Ohio",Medio Oeste,193.7,186.28,7.41985,0.40141,0.40135,0.00194,2e-05,0.01768,0.0101,region[Medio Oeste],1,75550
"Fairfield County, Ohio",Medio Oeste,173.4,175.351,-1.95141,-0.10564,-0.10562,0.00324,0,-0.00602,0.00322,region[Medio Oeste],1,151408
"Fayette County, Ohio",Medio Oeste,194.3,193.822,0.47815,0.02589,0.02589,0.00375,0,0.00159,0.00088,PctHS25_Over,1,28679
"Fulton County, Ohio",Medio Oeste,181.2,159.03,22.1698,1.20005,1.20015,0.00308,0.00022,0.0667,0.03546,incidenceRate,1,42537
"Gallia County, Ohio",Medio Oeste,201,193.329,7.67099,0.4154,0.41534,0.00389,3e-05,0.02596,0.0144,PctBachDeg25_Over:region[Medio Oeste],1,30142
"Geauga County, Ohio",Medio Oeste,142.4,147.421,-5.02061,-0.27269,-0.27264,0.00979,4e-05,-0.02711,0.01724,PctBachDeg25_Over:region[Medio Oeste],1,94102
"Greene County, Ohio",Medio Oeste,159.2,166.894,-7.69363,-0.41687,-0.4168,0.00503,4e-05,-0.02965,0.01784,PctBachDeg25_Over:region[Medio Oeste],1,164427
"Guernsey County, Ohio",Medio Oeste,215.8,207.519,8.28112,0.44877,0.44871,0.00536,5e-05,0.03295,0.01874,region[Medio Oeste],1,39258
"Hamilton County, Ohio",Medio Oeste,185.1,181.415,3.68499,0.19999,0.19995,0.00825,2e-05,0.01824,0.01136,PctBachDeg25_Over:region[Medio Oeste],1,807598
"Hancock County, Ohio",Medio Oeste,175.7,171.782,3.9184,0.21202,0.21199,0.00231,1e-05,0.01021,0.0044,region[Medio Oeste],1,75573
"Hardin County, Ohio",Medio Oeste,185.1,192.886,-7.78645,-0.42236,-0.4223,0.00723,6e-05,-0.03604,0.01691,PctHS25_Over,1,31682
"Harrison County, Ohio",Medio Oeste,201.4,186.642,14.7584,0.8002,0.80015,0.0064,0.00021,0.0642,0.04445,PctBachDeg25_Over:region[Medio Oeste],1,15450
"Henry County, Ohio",Medio Oeste,162.8,167.017,-4.21699,-0.22831,-0.22827,0.00343,1e-05,-0.0134,0.00457,incidenceRate,1,27816
"Highland County, Ohio",Medio Oeste,199.8,200.201,-0.40096,-0.02173,-0.02173,0.00558,0,-0.00163,0.00083,region[Medio Oeste],1,43026
"Hocking County, Ohio",Medio Oeste,205.9,194.785,11.1153,0.60157,0.6015,0.00273,5e-05,0.03145,0.01733,region[Medio Oeste],1,28491
"Holmes County, Ohio",Medio Oeste,147.4,142.512,4.88755,0.26699,0.26695,0.02113,8e-05,0.03922,0.01637,PctBachDeg25_Over:region[Medio Oeste],1,43909
"Huron County, Ohio",Medio Oeste,206.3,193.073,13.2272,0.71645,0.71639,0.00436,0.00011,0.04739,0.0222,PctBachDeg25_Over:region[Medio Oeste],1,58469
"Jackson County, Ohio",Medio Oeste,210.9,200.881,10.0189,0.54283,0.54277,0.00496,7e-05,0.03833,0.02087,region[Medio Oeste],1,32596
"Jefferson County, Ohio",Medio Oeste,194.7,191.903,2.79693,0.15137,0.15134,0.00268,0,0.00784,0.00359,region[Medio Oeste],1,67347
"Knox County, Ohio",Medio Oeste,179.5,191.028,-11.5282,-0.62394,-0.62387,0.0028,5e-05,-0.03307,0.01782,PctHS25_Over,1,61061
"Lake County, Ohio",Medio Oeste,182.5,173.811,8.68919,0.47023,0.47017,0.0026,3e-05,0.02402,0.01226,PctBachDeg25_Over:region[Medio Oeste],1,229245
"Lawrence County, Ohio",Medio Oeste,201.5,190.967,10.5328,0.57012,0.57005,0.00299,5e-05,0.03123,0.0168,region[Medio Oeste],1,61109
"Licking County, Ohio",Medio Oeste,188.8,182.645,6.15512,0.33297,0.33292,0.00184,1e-05,0.01428,0.0084,region[Medio Oeste],1,170570
"Logan County, Ohio",Medio Oeste,205.6,191.424,14.1763,0.76778,0.76772,0.00415,0.00012,0.04956,0.03158,PctHS25_Over,1,45386
"Lorain County, Ohio",Medio Oeste,182.1,181.798,0.30246,0.01637,0.01636,0.00234,0,0.00079,0.00054,region[Medio Oeste],1,305147
"Lucas County, Ohio",Medio Oeste,196.2,174.133,22.0668,1.19632,1.19641,0.00614,0.00044,0.09403,0.05223,PctUnemployed16_Over:region[Medio Oeste],1,433689
"Madison County, Ohio",Medio Oeste,197,178.64,18.3604,0.99332,0.99332,0.00201,0.0001,0.04462,0.02197,region[Medio Oeste],1,44094
"Mahoning County, Ohio",Medio Oeste,190.7,191.468,-0.76784,-0.04157,-0.04157,0.00358,0,-0.00249,0.00129,region[Medio Oeste],1,231900
"Marion County, Ohio",Medio Oeste,202,206.829,-4.82899,-0.26154,-0.2615,0.0042,1e-05,-0.01698,0.00783,PctBachDeg25_Over:region[Medio Oeste],1,65355
"Medina County, Ohio",Medio Oeste,167.4,162.935,4.46537,0.24206,0.24202,0.00596,2e-05,0.01874,0.01092,PctBachDeg25_Over:region[Medio Oeste],1,176395
"Meigs County, Ohio",Medio Oeste,206.9,201.549,5.35101,0.29,0.28995,0.00547,2e-05,0.02151,0.01107,region[Medio Oeste],1,23257
"Mercer County, Ohio",Medio Oeste,181.9,177.986,3.91435,0.21205,0.21202,0.00468,1e-05,0.01454,0.00783,PctHS25_Over,1,40968
"Miami County, Ohio",Medio Oeste,177.8,180.386,-2.58621,-0.13991,-0.13988,0.00187,0,-0.00606,0.00425,region[Medio Oeste],1,104224
"Monroe County, Ohio",Medio Oeste,188.9,187.101,1.79868,0.09745,0.09744,0.00496,0,0.00688,0.00386,PctBachDeg25_Over:region[Medio Oeste],1,14409
"Montgomery County, Ohio",Medio Oeste,186.9,184.81,2.08962,0.11317,0.11315,0.00414,0,0.0073,0.00432,region[Medio Oeste],1,532258
"Morgan County, Ohio",Medio Oeste,187.9,198.416,-10.5155,-0.56975,-0.56968,0.00498,8e-05,-0.04028,0.01912,PctBachDeg25_Over:region[Medio Oeste],1,14777
"Morrow County, Ohio",Medio Oeste,185,183.308,1.692,0.09163,0.09162,0.00407,0,0.00585,0.0026,AvgHouseholdSize,1,35074
"Muskingum County, Ohio",Medio Oeste,211.5,197.841,13.6588,0.73933,0.73927,0.00302,8e-05,0.04067,0.01984,region[Medio Oeste],1,86290
"Noble County, Ohio",Medio Oeste,122.5,168.541,-46.0415,-2.4984,-2.50073,0.008,0.00252,-0.22453,0.11227,PctBachDeg25_Over:region[Medio Oeste],1,14326
"Ottawa County, Ohio",Medio Oeste,185.3,175.593,9.70678,0.52539,0.52532,0.00294,4e-05,0.02852,0.01577,PctHS18_24,1,40877
"Paulding County, Ohio",Medio Oeste,215.5,188.5,27.0001,1.4627,1.46299,0.00468,0.0005,0.10036,0.05627,PctHS25_Over,1,18976
"Perry County, Ohio",Medio Oeste,200.6,196.882,3.71818,0.20139,0.20135,0.00429,1e-05,0.01321,0.007,PctBachDeg25_Over:region[Medio Oeste],1,35985
"Pickaway County, Ohio",Medio Oeste,197.4,182.585,14.8151,0.80178,0.80173,0.00266,9e-05,0.04143,0.01595,PctHS25_Over,1,56998
"Pike County, Ohio",Medio Oeste,217.9,215.652,2.24757,0.12197,0.12195,0.00813,1e-05,0.01104,0.00601,region[Medio Oeste],1,28217
"Portage County, Ohio",Medio Oeste,186.3,179.814,6.4865,0.35131,0.35126,0.00418,3e-05,0.02277,0.00977,PctBachDeg25_Over:region[Medio Oeste],1,162275
"Preble County, Ohio",Medio Oeste,192.7,191.865,0.8345,0.04519,0.04518,0.00385,0,0.00281,0.00145,PctBachDeg25_Over:region[Medio Oeste],1,41329
"Putnam County, Ohio",Medio Oeste,154.6,160.403,-5.80264,-0.31434,-0.31429,0.0046,2e-05,-0.02136,0.00997,PctUnemployed16_Over:region[Medio Oeste],1,34042
"Richland County, Ohio",Medio Oeste,186,190.585,-4.58526,-0.24811,-0.24807,0.00236,1e-05,-0.01208,0.00722,region[Medio Oeste],1,121707
"Ross County, Ohio",Medio Oeste,203.9,199.962,3.93831,0.2133,0.21327,0.00422,1e-05,0.01389,0.0077,region[Medio Oeste],1,77170
"Sandusky County, Ohio",Medio Oeste,193.8,178.781,15.0186,0.81281,0.81276,0.00272,9e-05,0.04245,0.01883,region[Medio Oeste],1,59679
"Scioto County, Ohio",Medio Oeste,203,210.419,-7.41868,-0.40193,-0.40187,0.00483,4e-05,-0.028,0.01477,PctPublicCoverageAlone,1,76825
"Seneca County, Ohio",Medio Oeste,174,186.401,-12.4015,-0.67157,-0.67151,0.00391,9e-05,-0.04207,0.02039,PctHS25_Over,1,55610
"Shelby County, Ohio",Medio Oeste,167.3,174.108,-6.80846,-0.36866,-0.3686,0.00372,3e-05,-0.02251,0.00831,PctBachDeg25_Over:region[Medio Oeste],1,48901
"Stark County, Ohio",Medio Oeste,176.4,181.701,-5.30058,-0.28679,-0.28674,0.00214,1e-05,-0.01329,0.00734,region[Medio Oeste],1,375165
"Summit County, Ohio",Medio Oeste,178.1,172.815,5.28548,0.2864,0.28635,0.00513,2e-05,0.02057,0.01312,PctBachDeg25_Over:region[Medio Oeste],1,541968
"Trumbull County, Ohio",Medio Oeste,187,195.378,-8.37802,-0.45352,-0.45345,0.00314,3e-05,-0.02545,0.01301,PctHS25_Over,1,203751
"Tuscarawas County, Ohio",Medio Oeste,168.7,187.375,-18.6748,-1.01088,-1.01088,0.0031,0.00016,-0.05634,0.02618,PctHS25_Over,1,92916
"Union County, Ohio",Medio Oeste,165.7,168.169,-2.46936,-0.13376,-0.13373,0.00443,0,-0.00892,0.00342,AvgHouseholdSize,1,54277
"Van Wert County, Ohio",Medio Oeste,172.1,184.093,-11.9929,-0.64941,-0.64934,0.00379,8e-05,-0.04004,0.02237,PctHS25_Over,1,28562
"Vinton County, Ohio",Medio Oeste,184.3,206.821,-22.5211,-1.22175,-1.22185,0.00745,0.00056,-0.10584,0.04296,region[Medio Oeste],1,13048
"Warren County, Ohio",Medio Oeste,160.4,153.662,6.73752,0.36618,0.36612,0.0111,8e-05,0.03878,0.0283,PctBachDeg25_Over:region[Medio Oeste],1,224469
"Washington County, Ohio",Medio Oeste,186.2,189.816,-3.61629,-0.19564,-0.1956,0.00192,0,-0.00859,0.00462,region[Medio Oeste],1,61112
"Wayne County, Ohio",Medio Oeste,170.3,167.511,2.78873,0.15091,0.15088,0.00249,0,0.00754,0.00297,PctHS25_Over,1,116063
"Williams County, Ohio",Medio Oeste,185.1,181.503,3.59742,0.19478,0.19475,0.00363,1e-05,0.01176,0.00499,PctBachDeg25_Over:region[Medio Oeste],1,37120
"Wood County, Ohio",Medio Oeste,173,159.517,13.4834,0.73074,0.73068,0.00549,0.00015,0.0543,0.02562,PctBachDeg25_Over:region[Medio Oeste],1,129730
"Wyandot County, Ohio",Medio Oeste,190.6,182.816,7.78401,0.42164,0.42158,0.00448,4e-05,0.02827,0.01485,PctHS25_Over,1,22243
"Adair County, Oklahoma",Sur,220.9,197.073,23.8275,1.2908,1.29095,0.00464,0.00039,0.08816,0.05725,PctPublicCoverageAlone,1,22004
"Alfalfa County, Oklahoma",Sur,159.5,184.037,-24.5369,-1.32865,-1.32883,0.00378,0.00033,-0.08182,0.05334,const,1,5868
"Atoka County, Oklahoma",Sur,151.7,199.246,-47.5465,-2.57222,-2.57478,0.00193,0.00064,-0.11327,0.06669,const,1,13793
"Beaver County, Oklahoma",Sur,181,147.641,33.3586,1.81472,1.81546,0.01296,0.00216,0.20805,0.16,PctOtherRace,1,5427
"Beckham County, Oklahoma",Sur,182.4,177.678,4.72179,0.25588,0.25584,0.00533,2e-05,0.01873,0.01163,PctUnemployed16_Over,1,23768
"Blaine County, Oklahoma",Sur,180.2,191.399,-11.1989,-0.60733,-0.60726,0.00678,0.00013,-0.05016,0.0304,PctUnemployed16_Over,1,9833
"Bryan County, Oklahoma",Sur,191.7,181.779,9.92134,0.53667,0.5366,0.00169,2e-05,0.02211,0.01706,const,1,44884
"Caddo County, Oklahoma",Sur,211.4,187.977,23.4232,1.26738,1.26751,0.00226,0.00018,0.0603,0.03897,PctHS25_Over,1,29343
"Wallowa County, Oregon",Oeste,150.3,170.135,-19.8348,-1.07505,-1.07508,0.00565,0.00033,-0.08102,0.04924,region[Oeste],1,6856
"Wasco County, Oregon",Oeste,185.4,167.845,17.5554,0.95102,0.95101,0.00464,0.00021,0.06495,0.04893,region[Oeste],1,25775
"Washington County, Oregon",Oeste,145.5,141.163,4.33739,0.23558,0.23554,0.00981,3e-05,0.02344,0.01621,PctBachDeg25_Over:region[Oeste],1,574326
"Wheeler County, Oregon",Oeste,144.6,147.29,-2.6904,-0.14658,-0.14656,0.01598,2e-05,-0.01867,0.00928,region[Oeste],1,1358
"Yamhill County, Oregon",Oeste,168.6,166.821,1.77905,0.09633,0.09632,0.00376,0,0.00592,0.00414,region[Oeste],1,102659
"Adams County, Pennsylvania",Noreste,165.3,163.367,1.93275,0.1053,0.10528,0.01583,1e-05,0.01335,0.00905,PctUnemployed16_Over:region[Noreste],1,102295
"Allegheny County, Pennsylvania",Noreste,182.1,171.203,10.8971,0.59208,0.59201,0.01055,0.00019,0.06113,0.03893,PctBachDeg25_Over:region[Noreste],1,1.23046e+06
"Armstrong County, Pennsylvania",Noreste,171.1,176.631,-5.53061,-0.30075,-0.30071,0.01222,6e-05,-0.03344,0.02451,region[Noreste],1,67052
"Beaver County, Pennsylvania",Noreste,180.2,171.74,8.45953,0.45859,0.45852,0.006,6e-05,0.03561,0.02387,region[Noreste],1,168871
"Bedford County, Pennsylvania",Noreste,151.2,179.31,-28.1104,-1.53226,-1.53262,0.01688,0.00202,-0.2008,0.14014,PctBachDeg25_Over:region[Noreste],1,48586
"Berks County, Pennsylvania",Noreste,162.4,171.579,-9.17891,-0.49824,-0.49817,0.00861,0.00011,-0.04643,0.03157,region[Noreste],1,415271
"Blair County, Pennsylvania",Noreste,179.4,179.288,0.1119,0.00608,0.00608,0.01099,0,0.00064,0.00033,region[Noreste],1,125593
"Bradford County, Pennsylvania",Noreste,183.8,175.852,7.94819,0.4334,0.43334,0.0176,0.00017,0.058,0.03908,PctUnemployed16_Over:region[Noreste],1,61281
"Bucks County, Pennsylvania",Noreste,168.7,161.535,7.16515,0.38963,0.38958,0.01218,9e-05,0.04327,0.02804,PctBachDeg25_Over:region[Noreste],1,627367
"Butler County, Pennsylvania",Noreste,169.7,169.51,0.18997,0.01032,0.01032,0.01109,0,0.00109,0.00047,PctUnemployed16_Over:region[Noreste],1,186818
"Cambria County, Pennsylvania",Noreste,168.5,180.68,-12.1796,-0.66151,-0.66144,0.00978,0.00022,-0.06572,0.04679,region[Noreste],1,136411
"Cameron County, Pennsylvania",Noreste,159.6,191.349,-31.7491,-1.74136,-1.74199,0.02899,0.00453,-0.30098,0.23514,PctUnemployed16_Over:region[Noreste],1,4732
"Carbon County, Pennsylvania",Noreste,191.8,181.713,10.0873,0.54887,0.5488,0.01337,0.0002,0.06388,0.04978,region[Noreste],1,63960
"Centre County, Pennsylvania",Noreste,142.4,159.185,-16.785,-0.91644,-0.91641,0.02011,0.00086,-0.1313,0.06781,PctUnemployed16_Over:region[Noreste],1,160580
"Chester County, Pennsylvania",Noreste,159.1,154.775,4.32534,0.23749,0.23745,0.03106,9e-05,0.04251,0.03278,PctBachDeg25_Over:region[Noreste],1,515939
"Clarion County, Pennsylvania",Noreste,179.4,182.256,-2.85551,-0.15506,-0.15504,0.00943,1e-05,-0.01513,0.01026,region[Noreste],1,39498
"Clearfield County, Pennsylvania",Noreste,183,184.496,-1.49607,-0.08144,-0.08142,0.01418,0,-0.00977,0.00694,region[Noreste],1,80994
"Clinton County, Pennsylvania",Noreste,196.6,178.13,18.4702,1.00598,1.00598,0.0153,0.00079,0.12539,0.07154,PctBachDeg25_Over:region[Noreste],1,39441
"Columbia County, Pennsylvania",Noreste,175.2,178.912,-3.71188,-0.20216,-0.20212,0.01521,3e-05,-0.02512,0.01621,PctUnemployed16_Over:region[Noreste],1,66672
"Crawford County, Pennsylvania",Noreste,191.8,179.338,12.4621,0.67642,0.67636,0.00851,0.0002,0.06266,0.04509,region[Noreste],1,86484
"Cumberland County, Pennsylvania",Noreste,154.6,158.441,-3.84136,-0.20893,-0.2089,0.0126,3e-05,-0.0236,0.01276,PctUnemployed16_Over:region[Noreste],1,246338
"Dauphin County, Pennsylvania",Noreste,169.1,167.323,1.77699,0.09632,0.0963,0.00573,0,0.00731,0.00421,region[Noreste],1,272983
"Delaware County, Pennsylvania",Noreste,187.4,175.878,11.5218,0.62603,0.62597,0.01056,0.00021,0.06468,0.03902,PctBachDeg25_Over:region[Noreste],1,563894
"Elk County, Pennsylvania",Noreste,189.9,183.047,6.85309,0.37447,0.37441,0.02167,0.00016,0.05573,0.03974,PctUnemployed16_Over:region[Noreste],1,30872
"Erie County, Pennsylvania",Noreste,182.5,178.495,4.00477,0.21717,0.21713,0.00664,2e-05,0.01775,0.00986,region[Noreste],1,278045
"Fayette County, Pennsylvania",Noreste,198.7,188.21,10.4896,0.57067,0.5706,0.01307,0.00022,0.06567,0.04846,region[Noreste],1,133628
"Forest County, Pennsylvania",Noreste,206.5,188.211,18.2889,1.01448,1.01449,0.05065,0.00275,0.23432,0.15286,PctBachDeg25_Over:region[Noreste],1,7410
"Franklin County, Pennsylvania",Noreste,162.2,172.665,-10.4647,-0.56864,-0.56857,0.01071,0.00017,-0.05915,0.04177,region[Noreste],1,153638
"Fulton County, Pennsylvania",Noreste,177.5,179.229,-1.72879,-0.09427,-0.09425,0.01759,1e-05,-0.01261,0.00908,PctBachDeg25_Over:region[Noreste],1,14629
"Greene County, Pennsylvania",Noreste,193.5,183.574,9.92571,0.53997,0.5399,0.01299,0.00019,0.06193,0.03539,region[Noreste],1,37519
"Huntingdon County, Pennsylvania",Noreste,172.7,174.873,-2.17328,-0.11841,-0.11839,0.01605,1e-05,-0.01512,0.01075,region[Noreste],1,45668
"Indiana County, Pennsylvania",Noreste,151.6,163.461,-11.8614,-0.64423,-0.64417,0.00979,0.00021,-0.06404,0.03995,region[Noreste],1,86966
"Jefferson County, Pennsylvania",Noreste,183.2,183.681,-0.48137,-0.02625,-0.02624,0.01738,0,-0.00349,0.00228,PctBachDeg25_Over:region[Noreste],1,44430
"Juniata County, Pennsylvania",Noreste,162.9,157.3,5.59989,0.30703,0.30698,0.0283,0.00014,0.05239,0.0347,PctBachDeg25_Over:region[Noreste],1,24737
"Lackawanna County, Pennsylvania",Noreste,178.3,171.201,7.09943,0.38487,0.38482,0.00608,5e-05,0.03011,0.01701,region[Noreste],1,211917
"Lancaster County, Pennsylvania",Noreste,157.6,162.798,-5.19846,-0.28221,-0.28216,0.00884,4e-05,-0.02665,0.01601,PctUnemployed16_Over:region[Noreste],1,536624
"Lawrence County, Pennsylvania",Noreste,186.1,180.512,5.58839,0.30327,0.30322,0.00811,4e-05,0.02741,0.01767,region[Noreste],1,88082
"Lebanon County, Pennsylvania",Noreste,172.8,167.819,4.98082,0.27075,0.2707,0.01141,4e-05,0.02909,0.01766,region[Noreste],1,137067
"Lehigh County, Pennsylvania",Noreste,168.4,169.156,-0.75601,-0.04101,-0.041,0.00734,0,-0.00353,0.00206,region[Noreste],1,360685
"Luzerne County, Pennsylvania",Noreste,181.1,177.263,3.83703,0.20806,0.20803,0.00655,1e-05,0.01689,0.01373,region[Noreste],1,318449
"Lycoming County, Pennsylvania",Noreste,178.5,184.269,-5.76945,-0.3129,-0.31285,0.0069,3e-05,-0.02608,0.02114,region[Noreste],1,116048
"McKean County, Pennsylvania",Noreste,170.4,180.487,-10.087,-0.54924,-0.54917,0.01477,0.00023,-0.06724,0.04787,region[Noreste],1,42412
"Mercer County, Pennsylvania",Noreste,186.7,181.939,4.76117,0.25832,0.25828,0.00771,3e-05,0.02276,0.01396,region[Noreste],1,114234
"Mifflin County, Pennsylvania",Noreste,168.3,181.802,-13.5017,-0.73741,-0.73735,0.02074,0.00058,-0.1073,0.07856,PctBachDeg25_Over:region[Noreste],1,46500
"Monroe County, Pennsylvania",Noreste,180,167.879,12.1212,0.66815,0.66808,0.03864,0.0009,0.13395,0.11743,PctUnemployed16_Over:region[Noreste],1,166397
"Montgomery County, Pennsylvania",Noreste,161.8,158.315,3.4847,0.19026,0.19022,0.02008,4e-05,0.02723,0.02038,PctBachDeg25_Over:region[Noreste],1,819264
"Montour County, Pennsylvania",Noreste,152.6,175.396,-22.7956,-1.23659,-1.23671,0.00737,0.00057,-0.10657,0.06024,region[Noreste],1,18557
"Northampton County, Pennsylvania",Noreste,172.7,173.868,-1.16771,-0.06329,-0.06328,0.00555,0,-0.00473,0.00263,region[Noreste],1,300813
"Northumberland County, Pennsylvania",Noreste,177.5,178.539,-1.03896,-0.05658,-0.05657,0.01491,0,-0.00696,0.00454,region[Noreste],1,93246
"Perry County, Pennsylvania",Noreste,189.7,173.408,16.2917,0.88782,0.88779,0.0164,0.00066,0.11462,0.06837,region[Noreste],1,45685
"Philadelphia County, Pennsylvania",Noreste,211.7,200.078,11.6222,0.65162,0.65156,0.07078,0.00162,0.17982,0.16662,PctUnemployed16_Over:region[Noreste],1,1.56744e+06
"Pike County, Pennsylvania",Noreste,157.4,166.883,-9.48302,-0.5212,-0.52113,0.033,0.00046,-0.09627,0.08329,PctUnemployed16_Over:region[Noreste],1,55949
"Potter County, Pennsylvania",Noreste,191.9,172.328,19.5718,1.06657,1.06659,0.01639,0.00095,0.13768,0.09705,PctBachDeg25_Over:region[Noreste],1,17093
"Schuylkill County, Pennsylvania",Noreste,186.6,181.586,5.01408,0.27284,0.2728,0.01349,5e-05,0.03189,0.02413,region[Noreste],1,144590
"Snyder County, Pennsylvania",Noreste,159.2,169.3,-10.0997,-0.55348,-0.55341,0.02734,0.00043,-0.09279,0.0666,PctUnemployed16_Over:region[Noreste],1,40444
"Somerset County, Pennsylvania",Noreste,159.4,172.988,-13.5885,-0.73974,-0.73969,0.01436,0.0004,-0.08929,0.0588,PctBachDeg25_Over:region[Noreste],1,75522
"Sullivan County, Pennsylvania",Noreste,186.2,185.662,0.53766,0.02929,0.02928,0.01553,0,0.00368,0.00237,region[Noreste],1,6328
"Susquehanna County, Pennsylvania",Noreste,163.6,166.297,-2.69689,-0.14658,-0.14655,0.01113,1e-05,-0.01555,0.01168,region[Noreste],1,41666
"Tioga County, Pennsylvania",Noreste,174.7,177.268,-2.56838,-0.13943,-0.1394,0.00879,1e-05,-0.01312,0.00986,region[Noreste],1,41877
"Union County, Pennsylvania",Noreste,144.9,160.666,-15.766,-0.85886,-0.85882,0.01568,0.00059,-0.10841,0.0582,PctUnemployed16_Over:region[Noreste],1,44954
"Venango County, Pennsylvania",Noreste,199.4,185.236,14.1641,0.76987,0.76982,0.01127,0.00034,0.08218,0.06005,region[Noreste],1,53119
"Warren County, Pennsylvania",Noreste,179.3,177.618,1.68182,0.09144,0.09142,0.01178,0,0.00998,0.00593,region[Noreste],1,40396
"Washington County, Pennsylvania",Noreste,186.3,168.176,18.1237,0.98303,0.98302,0.00712,0.00035,0.08322,0.03154,PctUnemployed16_Over:region[Noreste],1,208261
"Wayne County, Pennsylvania",Noreste,179.4,170.749,8.65136,0.46986,0.46979,0.00969,0.00011,0.04647,0.03768,region[Noreste],1,51198
"Westmoreland County, Pennsylvania",Noreste,175.3,166.394,8.90579,0.48394,0.48387,0.01075,0.00013,0.05044,0.03462,PctUnemployed16_Over:region[Noreste],1,357956
"Wyoming County, Pennsylvania",Noreste,191.7,185.316,6.38353,0.34666,0.3466,0.00949,6e-05,0.03393,0.02161,region[Noreste],1,27800
"York County, Pennsylvania",Noreste,170.2,174.724,-4.52403,-0.24524,-0.2452,0.00594,2e-05,-0.01895,0.01368,region[Noreste],1,442867
"Bristol County, Rhode Island",Noreste,142.2,156.119,-13.9185,-0.75771,-0.75765,0.01436,0.00042,-0.09145,0.06188,PctBachDeg25_Over:region[Noreste],1,49084
"Kent County, Rhode Island",Noreste,184.1,166.503,17.5967,0.95512,0.9551,0.00851,0.00039,0.0885,0.04103,PctBachDeg25_Over:region[Noreste],1,164801
"Newport County, Rhode Island",Noreste,164,157.341,6.65924,0.36375,0.36369,0.021,0.00014,0.05327,0.04125,PctBachDeg25_Over:region[Noreste],1,82423
"Providence County, Rhode Island",Noreste,173.6,171.021,2.57936,0.14027,0.14025,0.0123,1e-05,0.01565,0.01017,PctUnemployed16_Over:region[Noreste],1,633473
"Washington County, Rhode Island",Noreste,162.2,160.443,1.75677,0.09584,0.09583,0.01863,1e-05,0.0132,0.00957,PctBachDeg25_Over:region[Noreste],1,126517
"Abbeville County, South Carolina",Sur,183.7,194.135,-10.4346,-0.56436,-0.56429,0.00142,2e-05,-0.0213,0.01051,const,1,24932
"Aiken County, South Carolina",Sur,164.3,167.783,-3.48336,-0.18848,-0.18844,0.00224,0,-0.00892,0.0056,const,1,165829
"Allendale County, South Carolina",Sur,197.6,194.45,3.14984,0.17175,0.17172,0.01752,3e-05,0.02293,0.01995,PctUnemployed16_Over,1,9433
"Anderson County, South Carolina",Sur,177.3,189.016,-11.7159,-0.63366,-0.6336,0.00144,3e-05,-0.02403,0.01651,const,1,194692
"Bamberg County, South Carolina",Sur,187.5,186.884,0.61579,0.0334,0.03339,0.00714,0,0.00283,0.00179,BirthRate,1,14880
"Barnwell County, South Carolina",Sur,212.1,188.505,23.5951,1.27753,1.27767,0.00359,0.00029,0.07671,0.05878,PctUnemployed16_Over,1,21725
"Beaufort County, South Carolina",Sur,146.9,165.213,-18.3127,-0.99311,-0.9931,0.00677,0.00034,-0.08197,0.05132,PctBachDeg25_Over,1,179589
"Berkeley County, South Carolina",Sur,175.8,183.108,-7.30833,-0.39534,-0.39529,0.00179,1e-05,-0.01673,0.00973,const,1,202786
"Calhoun County, South Carolina",Sur,150.9,188.444,-37.544,-2.03073,-2.03185,0.00157,0.00033,-0.08069,0.0583,const,1,14781
"Charleston County, South Carolina",Sur,173.7,167.692,6.00818,0.32598,0.32592,0.00768,4e-05,0.02867,0.01996,PctBachDeg25_Over,1,389262
"Cherokee County, South Carolina",Sur,187.8,200.292,-12.4917,-0.67578,-0.67572,0.00192,4e-05,-0.02964,0.01617,PctHS18_24,1,56194
"Chester County, South Carolina",Sur,215.6,205.005,10.5948,0.57342,0.57335,0.0028,5e-05,0.03036,0.01678,PctUnemployed16_Over,1,32267
"Chesterfield County, South Carolina",Sur,206.2,197.64,8.56031,0.46303,0.46296,0.0016,2e-05,0.01855,0.008,const,1,46017
"Clarendon County, South Carolina",Sur,194.1,203.689,-9.58866,-0.51943,-0.51936,0.0046,6e-05,-0.03529,0.02946,PctUnemployed16_Over,1,33775
"Colleton County, South Carolina",Sur,211.7,202.956,8.74408,0.47304,0.47297,0.0019,2e-05,0.02061,0.00827,PctPublicCoverageAlone,1,37731
"Darlington County, South Carolina",Sur,206.8,195.343,11.4573,0.6207,0.62064,0.00474,9e-05,0.04282,0.03693,PctUnemployed16_Over,1,67548
"Dillon County, South Carolina",Sur,204.7,204.591,0.1092,0.00591,0.00591,0.00322,0,0.00034,0.00014,PctPublicCoverageAlone,1,31234
"Dorchester County, South Carolina",Sur,172.9,183.281,-10.3811,-0.56163,-0.56157,0.00203,3e-05,-0.02535,0.01546,const,1,152478
"Edgefield County, South Carolina",Sur,157.8,176.953,-19.1535,-1.03601,-1.03602,0.0016,9e-05,-0.04145,0.02486,const,1,26514
"Fairfield County, South Carolina",Sur,201.9,205.382,-3.48151,-0.18859,-0.18856,0.00449,1e-05,-0.01266,0.0071,PctHS18_24,1,22747
"Florence County, South Carolina",Sur,195.5,188.39,7.1104,0.38473,0.38467,0.00226,2e-05,0.0183,0.00977,PctUnemployed16_Over,1,138900
"Georgetown County, South Carolina",Sur,190.9,186.894,4.00639,0.21694,0.2169,0.00376,1e-05,0.01333,0.00803,MedianAge,1,61298
"Greenville County, South Carolina",Sur,175.4,174.446,0.95403,0.05165,0.05164,0.00329,0,0.00297,0.00188,const,1,491863
"Burleson County, Texas",Sur,183.2,168.488,14.7124,0.79652,0.79647,0.00342,0.00011,0.04664,0.02402,PctPublicCoverageAlone,1,17460
"Burnet County, Texas",Sur,160,172.37,-12.3699,-0.66945,-0.66938,0.00268,6e-05,-0.03467,0.02157,const,1,45463
"Caldwell County, Texas",Sur,159.3,173.981,-14.681,-0.79711,-0.79706,0.00913,0.00029,-0.07652,0.05764,PctOtherRace,1,40522
"Calhoun County, Texas",Sur,182.1,183.219,-1.11889,-0.06054,-0.06053,0.00224,0,-0.00287,0.00163,PctBachDeg25_Over,1,21895
"Callahan County, Texas",Sur,215.5,177.724,37.7759,2.04466,2.04581,0.00293,0.00061,0.11082,0.06142,const,1,13557
"Cameron County, Texas",Sur,131.2,169.553,-38.3528,-2.08269,-2.08392,0.00943,0.00206,-0.20332,0.12594,AvgHouseholdSize,1,422156
"Camp County, Texas",Sur,182.2,188.669,-6.46926,-0.3503,-0.35024,0.00375,2e-05,-0.02148,0.01283,BirthRate,1,12682
"Carson County, Texas",Sur,136.9,139.033,-2.13283,-0.11577,-0.11575,0.00853,1e-05,-0.01074,0.0053,PctUnemployed16_Over,1,5969
"Cass County, Texas",Sur,179,180.406,-1.40599,-0.0761,-0.07609,0.00296,0,-0.00414,0.00229,incidenceRate,1,30313
"Castro County, Texas",Sur,163.3,171.145,-7.84503,-0.42526,-0.4252,0.00592,5e-05,-0.0328,0.01966,PctUnemployed16_Over,1,7656
"Chambers County, Texas",Sur,183,180.583,2.41717,0.13077,0.13075,0.00203,0,0.0059,0.003,PctHS18_24,1,38863
"Cherokee County, Texas",Sur,174.1,188.107,-14.0067,-0.75778,-0.75772,0.00202,6e-05,-0.03406,0.02273,PctUnemployed16_Over,1,51542
"Childress County, Texas",Sur,192.3,187.723,4.57742,0.24847,0.24843,0.00866,3e-05,0.02322,0.01691,BirthRate,1,7088
"Clay County, Texas",Sur,167.3,177.059,-9.75881,-0.52811,-0.52804,0.00257,4e-05,-0.0268,0.01701,const,1,10360
"Cochran County, Texas",Sur,187.5,184.709,2.79109,0.1512,0.15117,0.0046,1e-05,0.01028,0.00746,PctBachDeg25_Over,1,2953
"Coke County, Texas",Sur,151.8,172.493,-20.6931,-1.12398,-1.12403,0.00992,0.00063,-0.11251,0.04705,BirthRate,1,3238
"Coleman County, Texas",Sur,182.5,181.182,1.31813,0.07133,0.07132,0.00248,0,0.00355,0.00184,const,1,8338
"Collingsworth County, Texas",Sur,187.2,167.682,19.5181,1.05815,1.05817,0.00616,0.00035,0.08328,0.05324,PctHS18_24,1,3044
"Colorado County, Texas",Sur,177.4,164.484,12.9156,0.69943,0.69937,0.00396,0.0001,0.04411,0.02827,const,1,20870
"Comal County, Texas",Sur,158.3,153.621,4.67948,0.25366,0.25362,0.00592,2e-05,0.01958,0.01109,PctBachDeg25_Over,1,129048
"Comanche County, Texas",Sur,197.7,178.315,19.3854,1.04996,1.04997,0.00426,0.00024,0.06867,0.04273,BirthRate,1,13430
"Concho County, Texas",Sur,156.8,157.47,-0.66994,-0.03651,-0.03651,0.01664,0,-0.00475,0.00253,PctUnemployed16_Over,1,4081
"Cooke County, Texas",Sur,169.2,175.796,-6.59578,-0.35679,-0.35673,0.00173,1e-05,-0.01484,0.01144,const,1,39229
"Coryell County, Texas",Sur,184.5,183.66,0.83971,0.04555,0.04554,0.00724,0,0.00389,0.00263,PctPublicCoverageAlone,1,75503
"Cottle County, Texas",Sur,192.3,159.823,32.4773,1.76262,1.76328,0.0083,0.0013,0.16133,0.08426,MedianAge,1,1426
"Crane County, Texas",Sur,150.1,140.335,9.76484,0.54123,0.54116,0.04917,0.00076,0.12307,0.11144,PctOtherRace,1,5048
"Crockett County, Texas",Sur,165.6,140.7,24.9,1.38969,1.38992,0.06222,0.00641,0.358,0.32392,PctOtherRace,1,3710
"Crosby County, Texas",Sur,174.1,175.149,-1.04934,-0.05685,-0.05684,0.00476,0,-0.00393,0.00235,incidenceRate,1,5977
"Dallam County, Texas",Sur,177.9,210.311,-32.4114,-1.76145,-1.7621,0.011,0.00173,-0.18586,0.10544,PctHS18_24,1,7121
"Dawson County, Texas",Sur,165.4,184.805,-19.4048,-1.05203,-1.05205,0.0062,0.00035,-0.08311,0.05908,PctOtherRace,1,13520
"Deaf Smith County, Texas",Sur,180.8,175.193,5.60738,0.30385,0.3038,0.00519,2e-05,0.02193,0.01188,PctUnemployed16_Over,1,18952
"Delta County, Texas",Sur,184.1,168.135,15.9646,0.8664,0.86636,0.00822,0.00031,0.07888,0.05214,BirthRate,1,5217
"DeWitt County, Texas",Sur,167.1,175.983,-8.88343,-0.48275,-0.48268,0.01087,0.00013,-0.05059,0.04318,PctOtherRace,1,20797
"Dickens County, Texas",Sur,151.4,150.358,1.04202,0.05663,0.05662,0.01116,0,0.00601,0.00301,incidenceRate,1,2206
"Dimmit County, Texas",Sur,148,177.898,-29.8984,-1.6229,-1.62337,0.0086,0.00114,-0.15118,0.07145,BirthRate,1,10980
"Donley County, Texas",Sur,202.7,176.273,26.4274,1.43435,1.43462,0.0084,0.00087,0.13206,0.07857,PctUnemployed16_Over,1,3499
"Duval County, Texas",Sur,166.7,164.661,2.03946,0.11068,0.11066,0.00812,1e-05,0.01001,0.0053,PctOtherRace,1,11388
"Eastland County, Texas",Sur,196.8,190.362,6.43765,0.34882,0.34877,0.00509,3e-05,0.02496,0.01957,PctUnemployed16_Over,1,18171
"Ector County, Texas",Sur,190.1,177.52,12.58,0.68227,0.6822,0.00691,0.00016,0.0569,0.02935,BirthRate,1,159436
"Edwards County, Texas",Sur,122.6,131.959,-9.3591,-0.50883,-0.50876,0.01175,0.00015,-0.05548,0.03253,incidenceRate,1,1894
"Ellis County, Texas",Sur,175.4,169.878,5.52233,0.29883,0.29878,0.00247,1e-05,0.01486,0.00822,const,1,163632
"El Paso County, Texas",Sur,142.9,163.43,-20.5299,-1.11242,-1.11247,0.00512,0.00032,-0.07978,0.03192,AvgHouseholdSize,1,835593
"Erath County, Texas",Sur,144.8,162.687,-17.8874,-0.96935,-0.96934,0.00536,0.00025,-0.07115,0.03826,MedianAge,1,41122
"Falls County, Texas",Sur,151.9,172.346,-20.4461,-1.10696,-1.107,0.00346,0.00021,-0.06519,0.02868,AvgHouseholdSize,1,17142
"Fannin County, Texas",Sur,179.1,179.373,-0.2733,-0.01479,-0.01478,0.00198,0,-0.00066,0.00037,const,1,33693
"Fayette County, Texas",Sur,158.1,166.841,-8.74072,-0.47385,-0.47379,0.0061,7e-05,-0.03712,0.02465,PctUnemployed16_Over,1,25110
"Fisher County, Texas",Sur,163.3,177.758,-14.4584,-0.78304,-0.78298,0.0041,0.00013,-0.05025,0.02875,AvgHouseholdSize,1,3827
"Floyd County, Texas",Sur,173.5,176.827,-3.32737,-0.18011,-0.18008,0.0031,1e-05,-0.01004,0.00504,incidenceRate,1,5901
"Fort Bend County, Texas",Sur,133.4,136.087,-2.68734,-0.14608,-0.14606,0.01148,1e-05,-0.01574,0.00888,PctBachDeg25_Over,1,716087
"Franklin County, Texas",Sur,156.3,188.686,-32.3856,-1.75405,-1.75469,0.00423,0.00065,-0.11438,0.06704,PctHS18_24,1,10651
"Freestone County, Texas",Sur,180.2,178.556,1.64412,0.08912,0.0891,0.00582,0,0.00682,0.00475,PctBachDeg25_Over,1,19691
"Frio County, Texas",Sur,155.7,161.6,-5.89956,-0.32128,-0.32123,0.01506,8e-05,-0.03972,0.02842,PctOtherRace,1,18793
"Gaines County, Texas",Sur,164.8,165.341,-0.54069,-0.02945,-0.02944,0.01523,0,-0.00366,0.00186,PctHS25_Over,1,20051
"Galveston County, Texas",Sur,191.2,167.983,23.2168,1.25646,1.25658,0.00265,0.00021,0.06474,0.04078,const,1,322225
"Garza County, Texas",Sur,164.8,154.499,10.3013,0.56212,0.56205,0.019,0.00031,0.07821,0.04698,PctBachDeg25_Over,1,6415
"Gillespie County, Texas",Sur,157.5,157.956,-0.45596,-0.02474,-0.02474,0.00795,0,-0.00221,0.00139,PctBachDeg25_Over,1,25963
"Goliad County, Texas",Sur,139.8,172.049,-32.2492,-1.76043,-1.76108,0.01974,0.00312,-0.24992,0.22666,PctOtherRace,1,7531
"Gonzales County, Texas",Sur,179.2,149.558,29.6422,1.6319,1.63238,0.03623,0.00501,0.31651,0.2984,PctOtherRace,1,20573
"Gray County, Texas",Sur,178.7,195.376,-16.6759,-0.90327,-0.90324,0.00442,0.00018,-0.06017,0.03229,PctBachDeg25_Over,1,23210
"Grayson County, Texas",Sur,182.3,182.536,-0.23641,-0.01279,-0.01278,0.00152,0,-0.0005,0.00038,const,1,125467
"Gregg County, Texas",Sur,189.9,181.959,7.94067,0.42976,0.42969,0.00274,3e-05,0.02253,0.01293,PctUnemployed16_Over,1,124108
"Grimes County, Texas",Sur,198.4,167.969,30.431,1.64907,1.64957,0.00529,0.00072,0.12035,0.07384,PctBachDeg25_Over,1,27512
"Guadalupe County, Texas",Sur,162.9,161.191,1.70891,0.09255,0.09253,0.00399,0,0.00586,0.00319,PctOtherRace,1,151249
"Hale County, Texas",Sur,173.4,182.816,-9.41637,-0.50971,-0.50964,0.00308,4e-05,-0.02834,0.01271,PctBachDeg25_Over,1,34360
"Hall County, Texas",Sur,223.2,180.833,42.3667,2.29638,2.29813,0.00574,0.00152,0.17468,0.10331,PctHS25_Over,1,3138
"Hamilton County, Texas",Sur,182.8,175.125,7.67463,0.41575,0.41569,0.00463,4e-05,0.02836,0.01566,PctHS18_24,1,8159
"Hansford County, Texas",Sur,129.1,173.601,-44.5011,-2.41071,-2.41277,0.00462,0.00135,-0.16431,0.13082,PctUnemployed16_Over,1,5610
"Hardeman County, Texas",Sur,142.3,169.819,-27.5188,-1.49242,-1.49274,0.00685,0.00077,-0.12396,0.09349,BirthRate,1,3840
"Hardin County, Texas",Sur,190.7,186.859,3.84083,0.20787,0.20783,0.0027,1e-05,0.01081,0.00597,const,1,55865
"Harris County, Texas",Sur,161.4,167.848,-6.44828,-0.34926,-0.34921,0.0043,3e-05,-0.02295,0.01009,const,1,4.53803e+06
"Harrison County, Texas",Sur,176.3,177.24,-0.93982,-0.05083,-0.05082,0.00123,0,-0.00178,0.00147,const,1,66746
"Hartley County, Texas",Sur,116.7,140.77,-24.0702,-1.30807,-1.30824,0.01091,0.00094,-0.1374,0.07084,incidenceRate,1,6193
"Haskell County, Texas",Sur,172.4,179.843,-7.44344,-0.40304,-0.40298,0.00371,3e-05,-0.02458,0.01397,AvgHouseholdSize,1,5737
"Hays County, Texas",Sur,149.5,147.535,1.96507,0.10662,0.1066,0.00781,0,0.00946,0.00534,PctBachDeg25_Over,1,194739
"Hemphill County, Texas",Sur,189.7,150.767,38.9327,2.11012,2.11142,0.00562,0.00126,0.15875,0.09107,const,1,4264
"Henderson County, Texas",Sur,190,190.402,-0.40211,-0.02175,-0.02175,0.002,0,-0.00097,0.00054,PctHS18_24,1,79545
"Hidalgo County, Texas",Sur,123,161.131,-38.1315,-2.07371,-2.07492,0.01233,0.00268,-0.23185,0.15463,AvgHouseholdSize,1,842304
"Hill County, Texas",Sur,186.4,185.489,0.91108,0.0493,0.04929,0.00225,0,0.00234,0.00127,BirthRate,1,34855
"Hockley County, Texas",Sur,155.2,166.425,-11.2245,-0.6081,-0.60803,0.00477,9e-05,-0.04209,0.02295,PctBachDeg25_Over,1,23433
"Hood County, Texas",Sur,167.2,166.71,0.48961,0.02651,0.02651,0.00379,0,0.00164,0.00101,const,1,55423
"Hopkins County, Texas",Sur,181.2,179.174,2.02584,0.10961,0.10959,0.00211,0,0.00504,0.00311,const,1,36223
"Houston County, Texas",Sur,176.8,175.366,1.43372,0.07761,0.07759,0.00301,0,0.00426,0.00219,const,1,22785
"Howard County, Texas",Sur,181.9,180.414,1.48635,0.08048,0.08046,0.00362,0,0.00485,0.00327,PctBachDeg25_Over,1,37206
"Hudspeth County, Texas",Sur,110.4,147.011,-36.6106,-1.99836,-1.99942,0.0196,0.00399,-0.28267,0.139,PctHS25_Over,1,3379
"Hunt County, Texas",Sur,198.5,187.736,10.7642,0.58294,0.58287,0.004,7e-05,0.03692,0.02611,PctOtherRace,1,89844
"Hutchinson County, Texas",Sur,158.9,179.896,-20.9964,-1.13654,-1.1366,0.00308,0.0002,-0.06318,0.03705,PctUnemployed16_Over,1,21734
"Irion County, Texas",Sur,142.5,167.65,-25.1505,-1.36439,-1.3646,0.00744,0.0007,-0.11818,0.08584,PctPublicCoverageAlone,1,1554
"Jack County, Texas",Sur,166.4,185.545,-19.1448,-1.03677,-1.03678,0.00395,0.00021,-0.06531,0.03808,PctBachDeg25_Over,1,8878
"Jackson County, Texas",Sur,189.2,173.181,16.0192,0.86697,0.86693,0.00273,0.0001,0.04535,0.02368,const,1,14816
"Jasper County, Texas",Sur,188.9,195.105,-6.20459,-0.33596,-0.33591,0.00371,2e-05,-0.0205,0.00819,PctPublicCoverageAlone,1,35506
"Jeff Davis County, Texas",Sur,168,141.459,26.5411,1.44571,1.44599,0.0155,0.00165,0.18144,0.07885,BirthRate,1,2156
"Jefferson County, Texas",Sur,187.7,188.166,-0.46643,-0.02523,-0.02522,0.00135,0,-0.00093,0.00066,const,1,254308
"Jim Hogg County, Texas",Sur,202.2,166.55,35.6505,1.94961,1.95058,0.02327,0.00453,0.30109,0.22731,BirthRate,1,5200
"Jim Wells County, Texas",Sur,164.6,169.889,-5.28895,-0.28659,-0.28654,0.00515,2e-05,-0.02062,0.0119,PctBachDeg25_Over,1,41382
"Johnson County, Texas",Sur,185,180.383,4.61706,0.24979,0.24975,0.00202,1e-05,0.01125,0.00592,const,1,159990
"Jones County, Texas",Sur,179.9,189.258,-9.35803,-0.5075,-0.50743,0.00679,9e-05,-0.04194,0.02352,AvgHouseholdSize,1,19970
"Karnes County, Texas",Sur,178.1,167.641,10.459,0.57166,0.57159,0.02223,0.00037,0.08618,0.07728,PctOtherRace,1,14975
"Kendall County, Texas",Sur,132.7,140.24,-7.53958,-0.40944,-0.40938,0.00952,8e-05,-0.04013,0.02294,PctBachDeg25_Over,1,40384
"Kerr County, Texas",Sur,166.3,166.578,-0.27795,-0.01505,-0.01505,0.00397,0,-0.00095,0.00051,const,1,50955
"Kimble County, Texas",Sur,183.1,162.514,20.5857,1.11548,1.11553,0.00517,0.00032,0.08044,0.04363,MedianAge,1,4388
"Kinney County, Texas",Sur,179,149.896,29.1038,1.58523,1.58566,0.01542,0.00197,0.19843,0.09984,BirthRate,1,3549
"Kleberg County, Texas",Sur,164.1,175.129,-11.0288,-0.59793,-0.59786,0.00623,0.00011,-0.04733,0.01801,PctUnemployed16_Over,1,31857
"Knox County, Texas",Sur,165.2,169.83,-4.63036,-0.25059,-0.25055,0.00268,1e-05,-0.01299,0.00852,incidenceRate,1,3860
"Lamar County, Texas",Sur,187.3,190.437,-3.1367,-0.16975,-0.16972,0.00262,0,-0.0087,0.00614,PctHS18_24,1,49440
"Lamb County, Texas",Sur,183.6,173.481,10.1187,0.54794,0.54787,0.00384,6e-05,0.03402,0.01937,PctUnemployed16_Over,1,13385
"Lampasas County, Texas",Sur,215,168.243,46.7572,2.53147,2.5339,0.00347,0.00111,0.14947,0.10017,PctHS25_Over,1,20588
"La Salle County, Texas",Sur,135.7,153.616,-17.9164,-0.97497,-0.97496,0.0136,0.00066,-0.11448,0.0692,PctOtherRace,1,7631
"Lavaca County, Texas",Sur,148.2,167.093,-18.8932,-1.02584,-1.02585,0.00919,0.00049,-0.09879,0.07434,PctOtherRace,1,19836
"Lee County, Texas",Sur,143.4,161.866,-18.4659,-1.00023,-1.00023,0.00441,0.00022,-0.06656,0.03774,const,1,16898
"Leon County, Texas",Sur,205.4,175.984,29.4161,1.59233,1.59276,0.00312,0.0004,0.08913,0.04633,const,1,17086
"Liberty County, Texas",Sur,203.2,184.209,18.9914,1.02812,1.02813,0.0033,0.00017,0.05916,0.02777,PctPublicCoverageAlone,1,79654
"Limestone County, Texas",Sur,201.8,188.852,12.9484,0.70042,0.70035,0.00171,4e-05,0.02902,0.01249,const,1,23320
"Lipscomb County, Texas",Sur,106.1,145.449,-39.3488,-2.13572,-2.13707,0.00846,0.00195,-0.19738,0.09241,BirthRate,1,3569
"Live Oak County, Texas",Sur,147.1,152.445,-5.34527,-0.29,-0.28995,0.00761,3e-05,-0.02538,0.01352,BirthRate,1,12229
"Llano County, Texas",Sur,168.7,160.928,7.77238,0.42195,0.42189,0.00888,8e-05,0.03994,0.02313,MedianAge,1,19796
"Lubbock County, Texas",Sur,163.7,170.125,-6.42485,-0.34805,-0.34799,0.00462,3e-05,-0.02372,0.01218,const,1,299453
"Lynn County, Texas",Sur,154.4,162.319,-7.91859,-0.4295,-0.42944,0.00712,7e-05,-0.03636,0.02315,incidenceRate,1,5724
"McCulloch County, Texas",Sur,186.9,186.694,0.20556,0.01115,0.01115,0.00796,0,0.001,0.00064,PctHS18_24,1,8341
"McLennan County, Texas",Sur,181.6,176.424,5.17569,0.2801,0.28006,0.00267,1e-05,0.01449,0.0079,const,1,245671
"Madison County, Texas",Sur,165.3,186.47,-21.1698,-1.14797,-1.14803,0.00662,0.00044,-0.09373,0.05617,AvgHouseholdSize,1,14065
"Marion County, Texas",Sur,205,188.146,16.8536,0.9126,0.91258,0.00377,0.00016,0.05616,0.03074,BirthRate,1,10160
"Martin County, Texas",Sur,153.2,147.652,5.54782,0.30139,0.30134,0.01026,5e-05,0.03068,0.01248,PctOtherRace,1,5641
"Mason County, Texas",Sur,187.2,149.8,37.3997,2.02691,2.02803,0.0055,0.00114,0.15085,0.09479,incidenceRate,1,4032
"Matagorda County, Texas",Sur,166.6,185.101,-18.5013,-1.00168,-1.00168,0.00348,0.00018,-0.05923,0.02912,BirthRate,1,36770
"Maverick County, Texas",Sur,150.2,167.906,-17.7055,-0.96326,-0.96325,0.01311,0.00062,-0.11101,0.06373,PctHS25_Over,1,57706
"Medina County, Texas",Sur,155.6,153.602,1.9982,0.10824,0.10822,0.00455,0,0.00732,0.00353,BirthRate,1,48417
"Menard County, Texas",Sur,173.9,164.052,9.84815,0.53619,0.53612,0.01459,0.00021,0.06523,0.04149,PctHS18_24,1,2164
"Midland County, Texas",Sur,148.3,153.844,-5.54447,-0.3005,-0.30045,0.00556,3e-05,-0.02246,0.01019,const,1,161077
"Milam County, Texas",Sur,206.1,182.599,23.5014,1.27152,1.27166,0.00211,0.00017,0.05853,0.03138,const,1,24513
"Mills County, Texas",Sur,135.8,153.511,-17.7106,-0.96085,-0.96084,0.00758,0.00035,-0.08399,0.03524,BirthRate,1,4900
"Mitchell County, Texas",Sur,211.8,182.868,28.9316,1.56936,1.56976,0.00725,0.0009,0.13414,0.08844,PctBachDeg25_Over,1,9067
"Montague County, Texas",Sur,209.9,178.714,31.1865,1.6887,1.68926,0.00376,0.00054,0.10377,0.06109,BirthRate,1,19262
"Montgomery County, Texas",Sur,164.9,160.935,3.96535,0.21478,0.21475,0.00435,1e-05,0.01419,0.00788,const,1,537559
"Moore County, Texas",Sur,179.8,168.333,11.4669,0.623,0.62293,0.01041,0.0002,0.06389,0.03304,PctBachDeg25_Over,1,22255
"Morris County, Texas",Sur,196.3,181.407,14.8932,0.80667,0.80662,0.0043,0.00014,0.05304,0.02853,PctUnemployed16_Over,1,12516
"Nacogdoches County, Texas",Sur,185.9,181.659,4.24115,0.22974,0.2297,0.00454,1e-05,0.01551,0.00911,MedianAge,1,65664
"Navarro County, Texas",Sur,201.9,187.447,14.4534,0.78198,0.78193,0.00211,6e-05,0.03594,0.01691,BirthRate,1,48323
"Newton County, Texas",Sur,200.7,178.234,22.4656,1.21942,1.21952,0.00855,0.00064,0.11325,0.05216,PctPublicCoverageAlone,1,13986
"Nolan County, Texas",Sur,187.7,189.28,-1.58047,-0.08556,-0.08555,0.00339,0,-0.00499,0.00311,PctHS18_24,1,15107
"Nueces County, Texas",Sur,163.6,174.627,-11.0272,-0.59673,-0.59666,0.00249,4e-05,-0.02978,0.0138,const,1,359715
"Ochiltree County, Texas",Sur,198.4,176.642,21.7578,1.17972,1.1798,0.00641,0.00045,0.09474,0.04756,PctBachDeg25_Over,1,10747
"Oldham County, Texas",Sur,181.3,180.377,0.92283,0.05009,0.05008,0.00836,0,0.0046,0.00223,PctHS18_24,1,2069
"Orange County, Texas",Sur,200.1,198.307,1.79342,0.09702,0.097,0.00187,0,0.0042,0.00249,const,1,84260
"Palo Pinto County, Texas",Sur,183.7,194.234,-10.5344,-0.56987,-0.5698,0.00182,3e-05,-0.02436,0.01491,PctHS18_24,1,27895
"Panola County, Texas",Sur,187,176.873,10.1267,0.54877,0.5487,0.00529,8e-05,0.04001,0.02802,PctBachDeg25_Over,1,23766
"Parker County, Texas",Sur,176.4,169.585,6.81468,0.36886,0.3688,0.00296,2e-05,0.02009,0.01191,const,1,126042
"Parmer County, Texas",Sur,142.1,168.631,-26.5309,-1.43831,-1.43858,0.00611,0.00064,-0.11278,0.06659,PctUnemployed16_Over,1,9749
"Pecos County, Texas",Sur,129,151.607,-22.6069,-1.22815,-1.22826,0.01027,0.00078,-0.1251,0.0721,PctBachDeg25_Over,1,16203
"Polk County, Texas",Sur,215.6,209.318,6.28175,0.33992,0.33987,0.00243,1e-05,0.01676,0.00904,incidenceRate,1,46972
"Potter County, Texas",Sur,185.1,190.35,-5.25007,-0.28447,-0.28443,0.0051,2e-05,-0.02036,0.01222,PctUnemployed16_Over,1,121802
"Presidio County, Texas",Sur,66.3,130.341,-64.041,-3.48462,-3.49152,0.01339,0.00824,-0.40678,0.27035,incidenceRate,1,6876
"Rains County, Texas",Sur,175.1,182.31,-7.21006,-0.39039,-0.39033,0.00364,3e-05,-0.0236,0.01519,MedianAge,1,11161
"Randall County, Texas",Sur,160,162.246,-2.24583,-0.12167,-0.12164,0.00469,0,-0.00835,0.00472,const,1,130269
"Reagan County, Texas",Sur,133.1,144.951,-11.8507,-0.65944,-0.65938,0.05665,0.00131,-0.16158,0.1425,PctOtherRace,1,3792
"Real County, Texas",Sur,166.8,142.7,24.1005,1.31481,1.31498,0.01856,0.00163,0.18083,0.12094,MedianAge,1,3307
"Red River County, Texas",Sur,201.1,190.813,10.2868,0.55677,0.5567,0.00286,4e-05,0.02984,0.02061,BirthRate,1,12455
"Reeves County, Texas",Sur,148.3,164.694,-16.3938,-0.89009,-0.89005,0.00908,0.00036,-0.08522,0.05195,PctHS25_Over,1,14732
"Refugio County, Texas",Sur,217.1,199.036,18.0639,0.97988,0.97987,0.0073,0.00035,0.08401,0.05011,PctBachDeg25_Over,1,7289
"Robertson County, Texas",Sur,169,182.942,-13.9418,-0.754,-0.75395,0.00131,4e-05,-0.02733,0.01886,const,1,16659
"Runnels County, Texas",Sur,174.2,178.704,-4.50397,-0.24398,-0.24394,0.00455,1e-05,-0.0165,0.01072,PctUnemployed16_Over,1,10551
"Rusk County, Texas",Sur,174.4,176.489,-2.08868,-0.11309,-0.11307,0.00367,0,-0.00687,0.00464,PctUnemployed16_Over,1,53070
"Sabine County, Texas",Sur,199.9,188.849,11.0509,0.59887,0.5988,0.00537,0.0001,0.04399,0.02984,MedianAge,1,10368
"San Augustine County, Texas",Sur,182.2,183.58,-1.38001,-0.07499,-0.07498,0.01087,0,-0.00786,0.00479,PctUnemployed16_Over,1,8473
"San Jacinto County, Texas",Sur,215.4,197.06,18.3401,0.9934,0.9934,0.00438,0.00022,0.06588,0.03326,AvgHouseholdSize,1,27413
"San Patricio County, Texas",Sur,202.5,183.012,19.4883,1.05576,1.05578,0.0047,0.00026,0.07255,0.04074,PctUnemployed16_Over,1,67357
"San Saba County, Texas",Sur,153.9,159.068,-5.16779,-0.28,-0.27995,0.00496,2e-05,-0.01977,0.00935,PctBachDeg25_Over,1,5901
"Schleicher County, Texas",Sur,205.8,151.378,54.4221,2.9698,2.97393,0.01908,0.00858,0.41475,0.32939,PctOtherRace,1,3211
"Scurry County, Texas",Sur,203.5,186.17,17.3299,0.93915,0.93913,0.00536,0.00024,0.06895,0.04731,PctUnemployed16_Over,1,17615
"Shackelford County, Texas",Sur,182,166.429,15.5712,0.8447,0.84466,0.00739,0.00027,0.07288,0.04743,PctHS18_24,1,3350
"Shelby County, Texas",Sur,193.9,181.208,12.6915,0.6871,0.68703,0.00338,8e-05,0.04001,0.02609,BirthRate,1,25402
"Sherman County, Texas",Sur,178.8,131.745,47.0548,2.55394,2.55644,0.00842,0.00277,0.23564,0.11566,incidenceRate,1,3072
"Smith County, Texas",Sur,157.5,171.509,-14.0091,-0.758,-0.75794,0.00226,6e-05,-0.03604,0.02257,const,1,222936
"Somervell County, Texas",Sur,168.2,164.913,3.28712,0.17825,0.17822,0.00661,1e-05,0.01454,0.00821,PctUnemployed16_Over,1,8739
"Starr County, Texas",Sur,136.5,172.501,-36.0009,-1.9663,-1.9673,0.02081,0.00411,-0.28679,0.19344,AvgHouseholdSize,1,63795
"Stephens County, Texas",Sur,211.3,181.659,29.6413,1.6045,1.60495,0.00309,0.0004,0.0894,0.05894,const,1,9440
"Stonewall County, Texas",Sur,172.6,166.01,6.58971,0.35752,0.35746,0.00763,5e-05,0.03135,0.02351,BirthRate,1,1410
"Sutton County, Texas",Sur,138.2,143.365,-5.16526,-0.28083,-0.28078,0.01181,5e-05,-0.0307,0.02289,PctOtherRace,1,3913
"Swisher County, Texas",Sur,133.2,181.593,-48.3933,-2.62202,-2.62476,0.00497,0.00172,-0.18552,0.11001,PctHS18_24,1,7533
"Tarrant County, Texas",Sur,164.3,166.793,-2.49292,-0.13499,-0.13496,0.00375,0,-0.00828,0.00451,const,1,1.9825e+06
"Taylor County, Texas",Sur,178.2,172.208,5.99152,0.32439,0.32434,0.00348,2e-05,0.01917,0.01118,const,1,136051
"Terry County, Texas",Sur,178.9,186.596,-7.69622,-0.41717,-0.41711,0.00583,5e-05,-0.03194,0.01582,PctUnemployed16_Over,1,12739
"Throckmorton County, Texas",Sur,200.7,179.032,21.6678,1.17641,1.17649,0.00905,0.00063,0.11242,0.05757,PctUnemployed16_Over,1,1579
"Titus County, Texas",Sur,155.8,167.936,-12.136,-0.6578,-0.65773,0.00573,0.00012,-0.04994,0.02566,PctOtherRace,1,32623
"Tom Green County, Texas",Sur,159.3,178.458,-19.1585,-1.03719,-1.0372,0.00334,0.00018,-0.06006,0.03324,const,1,118105
"Trinity County, Texas",Sur,190.7,201.143,-10.4426,-0.56554,-0.56547,0.00409,7e-05,-0.03623,0.023,MedianAge,1,14402
"Tyler County, Texas",Sur,188.1,183.209,4.89079,0.26484,0.2648,0.00384,1e-05,0.01643,0.00893,PctPublicCoverageAlone,1,21347
"Upshur County, Texas",Sur,186.3,176.371,9.92913,0.53734,0.53727,0.00261,4e-05,0.02749,0.01484,PctBachDeg25_Over,1,40603
"Upton County, Texas",Sur,166.7,145.837,20.8626,1.15462,1.15469,0.04633,0.00324,0.25449,0.22436,PctOtherRace,1,3651
"Uvalde County, Texas",Sur,152.7,161.533,-8.83337,-0.47951,-0.47945,0.00873,0.0001,-0.04499,0.0259,PctHS25_Over,1,27245
"Val Verde County, Texas",Sur,143.9,167.533,-23.6334,-1.28059,-1.28074,0.00512,0.00042,-0.09187,0.04731,AvgHouseholdSize,1,48988
"Van Zandt County, Texas",Sur,182.9,177.256,5.64414,0.30554,0.30549,0.00319,1e-05,0.01728,0.00962,AvgHouseholdSize,1,53547
"Victoria County, Texas",Sur,165.8,181.262,-15.4622,-0.83641,-0.83637,0.00174,6e-05,-0.03496,0.02133,const,1,92382
"Walker County, Texas",Sur,164.6,186.205,-21.6052,-1.17126,-1.17134,0.00609,0.00042,-0.09169,0.04491,const,1,70699
"Waller County, Texas",Sur,163.1,170.981,-7.88144,-0.42682,-0.42675,0.00397,4e-05,-0.02696,0.01317,MedianAge,1,48656
"Gasconade County, Missouri",Medio Oeste,180.8,186.83,-6.02995,-0.32628,-0.32623,0.00232,1e-05,-0.01572,0.00667,PctBachDeg25_Over:region[Medio Oeste],1,14858
"Gentry County, Missouri",Medio Oeste,172.8,181.893,-9.09338,-0.49211,-0.49204,0.0026,3e-05,-0.02513,0.01303,PctHS25_Over,1,6692
"Greene County, Missouri",Medio Oeste,173.6,169.812,3.78823,0.2052,0.20517,0.0045,1e-05,0.0138,0.00723,PctBachDeg25_Over:region[Medio Oeste],1,288072
"Grundy County, Missouri",Medio Oeste,209.2,174.274,34.9264,1.89108,1.89195,0.00362,0.00065,0.11404,0.0524,PctBachDeg25_Over:region[Medio Oeste],1,10097
"Harrison County, Missouri",Medio Oeste,186.1,191.726,-5.62644,-0.30479,-0.30474,0.00456,2e-05,-0.02062,0.01116,PctHS25_Over,1,8615
"Henry County, Missouri",Medio Oeste,222.5,194.846,27.654,1.49651,1.49683,0.00254,0.00028,0.07548,0.03928,region[Medio Oeste],1,21737
"Hickory County, Missouri",Medio Oeste,179.4,184.02,-4.62003,-0.25103,-0.25099,0.01062,3e-05,-0.026,0.01066,region[Medio Oeste],1,9201
"Holt County, Missouri",Medio Oeste,154.1,165.03,-10.93,-0.5921,-0.59204,0.00464,8e-05,-0.04043,0.01898,incidenceRate,1,4484
"Howard County, Missouri",Medio Oeste,150,161.687,-11.6869,-0.6331,-0.63303,0.00461,9e-05,-0.04309,0.03013,PctHS18_24,1,10139
"Howell County, Missouri",Medio Oeste,204.4,186.371,18.0291,0.97626,0.97626,0.00379,0.00018,0.06023,0.03075,PctBachDeg25_Over:region[Medio Oeste],1,40117
"Iron County, Missouri",Medio Oeste,216.3,217.04,-0.73977,-0.04011,-0.04011,0.00653,0,-0.00325,0.00181,region[Medio Oeste],1,10125
"Jackson County, Missouri",Medio Oeste,188.9,174.23,14.67,0.79442,0.79436,0.0039,0.00012,0.04969,0.02664,region[Medio Oeste],1,687623
"Jasper County, Missouri",Medio Oeste,187.3,179.882,7.41753,0.40131,0.40125,0.00207,2e-05,0.01827,0.00938,region[Medio Oeste],1,118596
"Jefferson County, Missouri",Medio Oeste,203.6,178.387,25.2127,1.36472,1.36493,0.00301,0.00028,0.07502,0.04619,region[Medio Oeste],1,224124
"Johnson County, Missouri",Medio Oeste,183.4,181.518,1.88244,0.10201,0.10199,0.00533,0,0.00747,0.00425,MedianAge,1,53951
"Knox County, Missouri",Medio Oeste,217.7,179.025,38.675,2.09262,2.09387,0.00226,0.0005,0.09961,0.04451,PctHS18_24,1,3910
"Laclede County, Missouri",Medio Oeste,183.2,188.147,-4.94677,-0.26779,-0.26775,0.00326,1e-05,-0.01531,0.00936,region[Medio Oeste],1,35473
"Lafayette County, Missouri",Medio Oeste,174.5,179.313,-4.81329,-0.26042,-0.26038,0.00214,1e-05,-0.01207,0.00558,PctHS25_Over,1,32701
"Lawrence County, Missouri",Medio Oeste,178.5,177.473,1.02728,0.05561,0.0556,0.00307,0,0.00309,0.00185,region[Medio Oeste],1,38180
"Lewis County, Missouri",Medio Oeste,212,183.674,28.3262,1.53532,1.53569,0.0057,0.00068,0.11626,0.05386,PctHS18_24,1,10207
"Lincoln County, Missouri",Medio Oeste,191.5,190.401,1.09903,0.05954,0.05953,0.00468,0,0.00408,0.00188,region[Medio Oeste],1,54696
"Linn County, Missouri",Medio Oeste,197.9,187.488,10.4117,0.56415,0.56409,0.0051,8e-05,0.04037,0.02102,PctHS25_Over,1,12308
"Livingston County, Missouri",Medio Oeste,203.2,183.826,19.3737,1.04903,1.04905,0.00371,0.0002,0.06402,0.04097,PctHS18_24,1,15028
"McDonald County, Missouri",Medio Oeste,201.2,166.13,35.07,1.90149,1.90238,0.00638,0.00116,0.15246,0.07373,incidenceRate,1,22643
"Macon County, Missouri",Medio Oeste,141.8,185.825,-44.0252,-2.38278,-2.38476,0.00282,0.0008,-0.12682,0.06037,region[Medio Oeste],1,15335
"Madison County, Missouri",Medio Oeste,225.4,199.845,25.5553,1.38489,1.38511,0.00534,0.00052,0.10153,0.06213,region[Medio Oeste],1,12408
"Maries County, Missouri",Medio Oeste,187.4,159.113,28.2869,1.53465,1.53502,0.0076,0.0009,0.13429,0.08779,incidenceRate,1,8963
"Marion County, Missouri",Medio Oeste,188.8,194.914,-6.11396,-0.33077,-0.33072,0.00201,1e-05,-0.01483,0.00802,region[Medio Oeste],1,28880
"Mercer County, Missouri",Medio Oeste,180.7,170.223,10.4774,0.56804,0.56797,0.00622,0.0001,0.04493,0.02468,PctHS25_Over,1,3694
"Miller County, Missouri",Medio Oeste,202.1,181.939,20.1605,1.09104,1.09108,0.00263,0.00016,0.056,0.02678,region[Medio Oeste],1,25113
"Mississippi County, Missouri",Medio Oeste,270.5,213.052,57.4477,3.11463,3.11945,0.00626,0.00306,0.24766,0.13171,region[Medio Oeste],1,14036
"Moniteau County, Missouri",Medio Oeste,179.9,170.192,9.70812,0.52547,0.5254,0.00296,4e-05,0.02861,0.01762,PctHS25_Over,1,15963
"Monroe County, Missouri",Medio Oeste,140.3,179.086,-38.7863,-2.1005,-2.10177,0.00402,0.00089,-0.13354,0.07135,PctHS25_Over,1,8583
"Montgomery County, Missouri",Medio Oeste,176.9,204.413,-27.513,-1.48989,-1.49021,0.00389,0.00043,-0.09313,0.04504,region[Medio Oeste],1,11703
"Morgan County, Missouri",Medio Oeste,203.7,187.867,15.8331,0.85807,0.85803,0.00545,0.0002,0.06354,0.03219,PctUnemployed16_Over:region[Medio Oeste],1,20171
"New Madrid County, Missouri",Medio Oeste,229.7,200.685,29.0146,1.57427,1.57468,0.00776,0.00097,0.1393,0.08806,PctHS18_24,1,18208
"Newton County, Missouri",Medio Oeste,185.9,145.749,40.1505,2.17649,2.17793,0.00595,0.00142,0.16851,0.11807,incidenceRate,1,58615
"Nodaway County, Missouri",Medio Oeste,168.8,181.699,-12.8986,-0.70065,-0.70059,0.01004,0.00025,-0.07056,0.05296,MedianAge,1,22810
"Oregon County, Missouri",Medio Oeste,167.7,170.519,-2.81858,-0.153,-0.15298,0.0087,1e-05,-0.01433,0.0071,PctBachDeg25_Over:region[Medio Oeste],1,10953
"Osage County, Missouri",Medio Oeste,161.3,166.05,-4.74981,-0.25754,-0.2575,0.0064,2e-05,-0.02067,0.01056,PctHS25_Over,1,13628
"Ozark County, Missouri",Medio Oeste,190.2,189.723,0.47728,0.0259,0.02589,0.00802,0,0.00233,0.00115,PctUnemployed16_Over:region[Medio Oeste],1,9409
"Pemiscot County, Missouri",Medio Oeste,239.8,193.167,46.6329,2.53071,2.53314,0.00817,0.00264,0.22993,0.11897,region[Medio Oeste],1,17482
"Perry County, Missouri",Medio Oeste,174.4,174.232,0.16826,0.00911,0.00911,0.00386,0,0.00057,0.00027,PctUnemployed16_Over:region[Medio Oeste],1,19183
"Pettis County, Missouri",Medio Oeste,217.1,181.852,35.2475,1.90784,1.90873,0.00296,0.00054,0.10394,0.06064,region[Medio Oeste],1,42255
"Phelps County, Missouri",Medio Oeste,163.8,168.908,-5.10817,-0.27654,-0.2765,0.00333,1e-05,-0.01598,0.00637,PctHS18_24,1,44794
"Pike County, Missouri",Medio Oeste,192.5,199.203,-6.70299,-0.36301,-0.36295,0.00403,3e-05,-0.02308,0.0111,PctBachDeg25_Over:region[Medio Oeste],1,18348
"Platte County, Missouri",Medio Oeste,152.6,150.136,2.46448,0.13386,0.13383,0.00984,1e-05,0.01334,0.00993,PctBachDeg25_Over:region[Medio Oeste],1,96096
"Polk County, Missouri",Medio Oeste,183.4,184.779,-1.37852,-0.07465,-0.07464,0.00398,0,-0.00472,0.00233,region[Medio Oeste],1,31229
"Pulaski County, Missouri",Medio Oeste,196,202.01,-6.00994,-0.32701,-0.32696,0.01336,7e-05,-0.03805,0.01907,PctUnemployed16_Over:region[Medio Oeste],1,53221
"Putnam County, Missouri",Medio Oeste,205,171.358,33.6421,1.82897,1.82973,0.01169,0.00198,0.19903,0.1608,BirthRate,1,4858
"Ralls County, Missouri",Medio Oeste,205.2,165.612,39.5884,2.14521,2.14658,0.0052,0.0012,0.15523,0.06779,PctBachDeg25_Over:region[Medio Oeste],1,10196
"Randolph County, Missouri",Medio Oeste,191.8,192.269,-0.46896,-0.0254,-0.0254,0.00449,0,-0.00171,0.00089,region[Medio Oeste],1,25104
"Ray County, Missouri",Medio Oeste,204.2,187.759,16.4409,0.89049,0.89046,0.00429,0.00017,0.05843,0.02561,PctHS25_Over,1,22810
"Reynolds County, Missouri",Medio Oeste,181.8,189.356,-7.55646,-0.40966,-0.4096,0.00614,5e-05,-0.03219,0.01398,PctBachDeg25_Over:region[Medio Oeste],1,6432
"Ripley County, Missouri",Medio Oeste,236,197.605,38.3954,2.08224,2.08347,0.0068,0.00148,0.1724,0.07724,PctBachDeg25_Over:region[Medio Oeste],1,13802
"St. Charles County, Missouri",Medio Oeste,162.9,157.152,5.74771,0.31185,0.3118,0.00774,4e-05,0.02754,0.01937,PctBachDeg25_Over:region[Medio Oeste],1,385590
"St. Clair County, Missouri",Medio Oeste,178.8,177.662,1.13825,0.06171,0.0617,0.00633,0,0.00492,0.00216,PctBachDeg25_Over:region[Medio Oeste],1,9440
"Ste. Genevieve County, Missouri",Medio Oeste,187.7,161.744,25.956,1.40623,1.40648,0.00483,0.00048,0.09797,0.04396,incidenceRate,1,17919
"St. Francois County, Missouri",Medio Oeste,216.8,201.774,15.026,0.8145,0.81446,0.00587,0.0002,0.0626,0.03468,PctHS25_Over,1,66520
"St. Louis County, Missouri",Medio Oeste,166,168.365,-2.36544,-0.12852,-0.1285,0.01053,1e-05,-0.01326,0.00977,PctBachDeg25_Over:region[Medio Oeste],1,1.00336e+06
"Saline County, Missouri",Medio Oeste,205.8,173.78,32.0198,1.73323,1.73385,0.00308,0.00046,0.09633,0.04706,PctHS18_24,1,23258
"Schuyler County, Missouri",Medio Oeste,208.7,170.366,38.334,2.07705,2.07827,0.00502,0.00109,0.14763,0.06453,PctBachDeg25_Over:region[Medio Oeste],1,4436
"Scotland County, Missouri",Medio Oeste,195.4,151.967,43.4334,2.35719,2.3591,0.00826,0.00231,0.21531,0.0859,incidenceRate,1,4854
"Scott County, Missouri",Medio Oeste,205.4,198.741,6.65913,0.36061,0.36055,0.00388,3e-05,0.02251,0.01282,PctBachDeg25_Over:region[Medio Oeste],1,39008
"Shannon County, Missouri",Medio Oeste,210.7,178.178,32.5219,1.76136,1.76202,0.00415,0.00065,0.11375,0.06535,region[Medio Oeste],1,8258
"Shelby County, Missouri",Medio Oeste,147.4,191.866,-44.4658,-2.40758,-2.40964,0.00362,0.00105,-0.14515,0.08118,PctBachDeg25_Over:region[Medio Oeste],1,6128
"Stoddard County, Missouri",Medio Oeste,206.6,189.264,17.3358,0.93834,0.93832,0.00299,0.00013,0.05136,0.02761,region[Medio Oeste],1,29862
"Stone County, Missouri",Medio Oeste,169.4,171.952,-2.55184,-0.13834,-0.13832,0.00615,1e-05,-0.01088,0.00515,MedianAge,1,30943
"Sullivan County, Missouri",Medio Oeste,196.5,178.506,17.9939,0.97536,0.97535,0.00582,0.00028,0.07465,0.03775,BirthRate,1,6353
"Taney County, Missouri",Medio Oeste,173.6,181.007,-7.40655,-0.40071,-0.40065,0.00207,2e-05,-0.01825,0.0132,region[Medio Oeste],1,54592
"Texas County, Missouri",Medio Oeste,161.3,182.059,-20.7593,-1.12482,-1.12487,0.00506,0.00032,-0.08021,0.04414,PctPublicCoverageAlone,1,25690
"Vernon County, Missouri",Medio Oeste,194.4,176.197,18.2035,0.98534,0.98534,0.00305,0.00015,0.05454,0.02793,PctBachDeg25_Over:region[Medio Oeste],1,20826
"Warren County, Missouri",Medio Oeste,177.6,182.779,-5.17931,-0.28045,-0.28041,0.00377,1e-05,-0.01724,0.01072,region[Medio Oeste],1,33513
"Washington County, Missouri",Medio Oeste,207,198.583,8.41743,0.4568,0.45674,0.00816,9e-05,0.04142,0.01899,region[Medio Oeste],1,24788
"Wayne County, Missouri",Medio Oeste,240.5,204.631,35.8691,1.94425,1.94521,0.0058,0.0011,0.14852,0.07846,region[Medio Oeste],1,13405
"Webster County, Missouri",Medio Oeste,166.7,181.114,-14.4143,-0.78033,-0.78028,0.0033,0.0001,-0.04493,0.01966,region[Medio Oeste],1,37483
"Worth County, Missouri",Medio Oeste,171,153.343,17.6565,0.95676,0.95674,0.00518,0.00024,0.06902,0.03499,incidenceRate,1,2057
"Wright County, Missouri",Medio Oeste,203.2,203.749,-0.54937,-0.02976,-0.02975,0.00454,0,-0.00201,0.00105,PctBachDeg25_Over:region[Medio Oeste],1,18268
"St. Louis city, Missouri",Medio Oeste,214.3,198.628,15.6716,0.85236,0.85232,0.01254,0.00046,0.09604,0.05726,PctUnemployed16_Over:region[Medio Oeste],1,315685
"Beaverhead County, Montana",Oeste,121.4,152.299,-30.8989,-1.67597,-1.6765,0.00713,0.00101,-0.14203,0.07071,region[Oeste],1,9300
"Big Horn County, Montana",Oeste,140.6,170.264,-29.6641,-1.63327,-1.63375,0.03642,0.00504,-0.31763,0.22267,PctUnemployed16_Over:region[Oeste],1,13242
"Blaine County, Montana",Oeste,170.1,172.803,-2.70269,-0.14688,-0.14686,0.01099,1e-05,-0.01548,0.01052,PctUnemployed16_Over:region[Oeste],1,6577
"Broadwater County, Montana",Oeste,163.7,152.846,10.8539,0.58939,0.58932,0.00938,0.00016,0.05735,0.03221,region[Oeste],1,5689
"Carbon County, Montana",Oeste,129.1,147.361,-18.2605,-0.99053,-0.99052,0.00727,0.00036,-0.08477,0.04159,PctUnemployed16_Over:region[Oeste],1,10408
"Cascade County, Montana",Oeste,165.2,169.38,-4.18038,-0.22658,-0.22654,0.00568,1e-05,-0.01712,0.01103,region[Oeste],1,82278
"Chouteau County, Montana",Oeste,136.8,161.313,-24.5128,-1.33111,-1.33129,0.00941,0.00084,-0.12973,0.0587,region[Oeste],1,5767
"Daniels County, Montana",Oeste,197.5,158.461,39.0389,2.12231,2.12363,0.01163,0.00265,0.2304,0.13077,PctUnemployed16_Over:region[Oeste],1,1760
"Dawson County, Montana",Oeste,178.3,174.505,3.79466,0.20677,0.20674,0.01621,4e-05,0.02654,0.01606,PctUnemployed16_Over:region[Oeste],1,9625
"Deer Lodge County, Montana",Oeste,196.9,175.183,21.717,1.18161,1.1817,0.0133,0.00094,0.13719,0.08519,region[Oeste],1,9139
"Fallon County, Montana",Oeste,162,171.759,-9.75875,-0.53781,-0.53774,0.03823,0.00057,-0.10722,0.08356,BirthRate,1,3190
"Flathead County, Montana",Oeste,150.6,171.363,-20.7634,-1.12539,-1.12544,0.00567,0.00036,-0.08501,0.0378,incidenceRate,1,96165
"Gallatin County, Montana",Oeste,137.9,136.428,1.47203,0.08039,0.08038,0.02065,1e-05,0.01167,0.00811,PctBachDeg25_Over:region[Oeste],1,100739
"Glacier County, Montana",Oeste,198.9,184.223,14.6774,0.7995,0.79945,0.01553,0.0005,0.10042,0.06209,PctUnemployed16_Over:region[Oeste],1,13647
"Golden Valley County, Montana",Oeste,231,182.253,48.7474,2.65398,2.65683,0.01453,0.00519,0.32257,0.16432,region[Oeste],1,827
"Granite County, Montana",Oeste,113.2,134.515,-21.3151,-1.1678,-1.16788,0.02686,0.00188,-0.19403,0.16349,BirthRate,1,3240
"Hill County, Montana",Oeste,178,175.708,2.29154,0.12438,0.12436,0.00851,1e-05,0.01152,0.00661,region[Oeste],1,16572
"Jefferson County, Montana",Oeste,185.5,147.161,38.3389,2.07992,2.08114,0.00751,0.00164,0.18103,0.08605,PctBachDeg25_Over:region[Oeste],1,11645
"Judith Basin County, Montana",Oeste,179.5,163.758,15.742,0.85768,0.85764,0.01597,0.0006,0.10926,0.05095,PctHS25_Over,1,1926
"Oswego County, New York",Noreste,194.4,190.815,3.58456,0.19537,0.19534,0.0167,3e-05,0.02546,0.01894,region[Noreste],1,120146
"Otsego County, New York",Noreste,173.8,172.311,1.48925,0.08077,0.08075,0.00687,0,0.00672,0.00522,region[Noreste],1,60636
"Putnam County, New York",Noreste,157.1,157.277,-0.17709,-0.00963,-0.00963,0.01215,0,-0.00107,0.00053,PctBachDeg25_Over:region[Noreste],1,99042
"Queens County, New York",Noreste,138.8,157.758,-18.9584,-1.03138,-1.03139,0.01303,0.0007,-0.11851,0.04577,region[Noreste],1,2.33915e+06
"Rensselaer County, New York",Noreste,188.4,180.839,7.56131,0.40999,0.40993,0.00644,5e-05,0.033,0.02459,region[Noreste],1,160266
"Richmond County, New York",Noreste,161.7,173.037,-11.3366,-0.61491,-0.61484,0.00714,0.00014,-0.05214,0.02305,region[Noreste],1,474558
"Rockland County, New York",Noreste,142.9,164.379,-21.479,-1.16988,-1.16995,0.01534,0.00107,-0.14603,0.06895,PctBachDeg25_Over:region[Noreste],1,326037
"St. Lawrence County, New York",Noreste,183.7,184.438,-0.73834,-0.04027,-0.04026,0.01816,0,-0.00548,0.00396,region[Noreste],1,111007
"Saratoga County, New York",Noreste,174.2,164.561,9.63878,0.52441,0.52434,0.01317,0.00018,0.06058,0.03334,PctBachDeg25_Over:region[Noreste],1,226249
"Schenectady County, New York",Noreste,175.7,168.262,7.4381,0.40311,0.40305,0.0055,4e-05,0.02997,0.02319,region[Noreste],1,154604
"Schoharie County, New York",Noreste,172.8,177.074,-4.27446,-0.23351,-0.23347,0.02117,6e-05,-0.03434,0.0246,PctUnemployed16_Over:region[Noreste],1,31330
"Schuyler County, New York",Noreste,184.2,184.532,-0.33171,-0.01808,-0.01808,0.01666,0,-0.00235,0.00162,PctBachDeg25_Over:region[Noreste],1,18186
"Seneca County, New York",Noreste,162.7,171.977,-9.27677,-0.50624,-0.50617,0.01909,0.00025,-0.07062,0.04745,PctUnemployed16_Over:region[Noreste],1,34833
"Steuben County, New York",Noreste,178.7,177.683,1.01698,0.05525,0.05524,0.01047,0,0.00568,0.00508,region[Noreste],1,97631
"Suffolk County, New York",Noreste,163.8,163.117,0.68265,0.03709,0.03709,0.01072,0,0.00386,0.00185,AvgHouseholdSize,1,1.50159e+06
"Sullivan County, New York",Noreste,178.8,177.47,1.3295,0.07295,0.07293,0.02967,1e-05,0.01275,0.01054,PctUnemployed16_Over:region[Noreste],1,74877
"Tioga County, New York",Noreste,160.5,174.901,-14.401,-0.781,-0.78095,0.00684,0.00021,-0.06482,0.04878,region[Noreste],1,49453
"Tompkins County, New York",Noreste,159.5,165.65,-6.14991,-0.33535,-0.3353,0.01762,0.0001,-0.04491,0.01854,PctBachDeg25_Over:region[Noreste],1,104926
"Ulster County, New York",Noreste,170.8,170.854,-0.0543,-0.00295,-0.00295,0.01072,0,-0.00031,0.00021,PctUnemployed16_Over:region[Noreste],1,180143
"Warren County, New York",Noreste,177.9,175.257,2.64276,0.14338,0.14336,0.00767,1e-05,0.0126,0.00851,region[Noreste],1,64688
"Washington County, New York",Noreste,198.4,190.942,7.45759,0.4057,0.40564,0.01299,0.00011,0.04653,0.03437,region[Noreste],1,62230
"Wayne County, New York",Noreste,175.5,178.12,-2.62035,-0.1422,-0.14218,0.00812,1e-05,-0.01287,0.01101,region[Noreste],1,91446
"Westchester County, New York",Noreste,145.3,154.511,-9.21073,-0.50161,-0.50154,0.01509,0.00019,-0.06207,0.03964,PctBachDeg25_Over:region[Noreste],1,976396
"Wyoming County, New York",Noreste,181.1,194.542,-13.4418,-0.73173,-0.73167,0.01428,0.00039,-0.08805,0.06332,region[Noreste],1,41013
"Yates County, New York",Noreste,178.4,174.836,3.56447,0.19365,0.19362,0.01031,2e-05,0.01976,0.01545,region[Noreste],1,25048
"Alamance County, North Carolina",Sur,178.7,183.246,-4.54631,-0.24601,-0.24597,0.00242,1e-05,-0.01212,0.00725,const,1,158276
"Alexander County, North Carolina",Sur,174.4,191.186,-16.7864,-0.90807,-0.90805,0.00182,7e-05,-0.03872,0.02067,const,1,37325
"Alleghany County, North Carolina",Sur,157.1,188.04,-30.9403,-1.67488,-1.67542,0.00318,0.00045,-0.09456,0.04239,PctOtherRace,1,10837
"Anson County, North Carolina",Sur,186.1,202.343,-16.2431,-0.8815,-0.88147,0.00819,0.00032,-0.08011,0.06326,PctUnemployed16_Over,1,25759
"Ashe County, North Carolina",Sur,169.3,184.101,-14.8005,-0.80093,-0.80088,0.00252,8e-05,-0.04022,0.02372,const,1,27020
"Avery County, North Carolina",Sur,152.8,177.82,-25.0196,-1.35487,-1.35508,0.00391,0.00036,-0.08488,0.04415,PctBachDeg25_Over,1,17689
"Beaufort County, North Carolina",Sur,194,201.272,-7.2719,-0.39356,-0.39351,0.00275,2e-05,-0.02068,0.01065,incidenceRate,1,47651
"Bertie County, North Carolina",Sur,175.3,195.004,-19.7043,-1.06649,-1.06651,0.00288,0.00016,-0.05727,0.03307,PctUnemployed16_Over,1,20199
"Bladen County, North Carolina",Sur,161.4,180.257,-18.8569,-1.02083,-1.02084,0.00328,0.00017,-0.05852,0.02597,incidenceRate,1,34318
"Brunswick County, North Carolina",Sur,169.2,171.229,-2.02895,-0.10998,-0.10996,0.00576,0,-0.00837,0.00388,MedianAge,1,122765
"Buncombe County, North Carolina",Sur,162.7,176.588,-13.8882,-0.75252,-0.75247,0.00507,0.00014,-0.05371,0.03293,PctBachDeg25_Over,1,253178
"Burke County, North Carolina",Sur,188,195.656,-7.65617,-0.41435,-0.41429,0.00272,2e-05,-0.02163,0.01124,PctHS25_Over,1,88842
"Cabarrus County, North Carolina",Sur,173.6,180.877,-7.27739,-0.39399,-0.39393,0.00339,3e-05,-0.02297,0.0119,const,1,196762
"Caldwell County, North Carolina",Sur,195.5,192.091,3.40921,0.18447,0.18444,0.00237,0,0.00899,0.00467,PctHS25_Over,1,81287
"Camden County, North Carolina",Sur,143.8,167.667,-23.8665,-1.29453,-1.29468,0.00713,0.0006,-0.10968,0.07055,PctHS25_Over,1,10309
"Carteret County, North Carolina",Sur,191.5,187.268,4.2321,0.22914,0.2291,0.00359,1e-05,0.01375,0.00647,const,1,68879
"Caswell County, North Carolina",Sur,188.2,197.646,-9.44593,-0.51132,-0.51125,0.00312,4e-05,-0.02858,0.01541,MedianAge,1,22941
"Catawba County, North Carolina",Sur,176.4,177.742,-1.34209,-0.07259,-0.07258,0.00146,0,-0.00278,0.00194,const,1,155056
"Chatham County, North Carolina",Sur,146.8,162.73,-15.9296,-0.86296,-0.86292,0.00467,0.00017,-0.05908,0.02831,MedianAge,1,70928
"Cherokee County, North Carolina",Sur,179.9,185.229,-5.32855,-0.28866,-0.28862,0.00466,2e-05,-0.01974,0.01389,MedianAge,1,27178
"Chowan County, North Carolina",Sur,189,186.781,2.21881,0.12018,0.12016,0.00432,0,0.00792,0.00428,PctHS18_24,1,14394
"Clay County, North Carolina",Sur,163.6,188.66,-25.0596,-1.35771,-1.35791,0.00488,0.00045,-0.09509,0.05023,MedianAge,1,10703
"Cleveland County, North Carolina",Sur,194.3,198.997,-4.69707,-0.25413,-0.25409,0.00215,1e-05,-0.01179,0.00656,PctUnemployed16_Over,1,96879
"Columbus County, North Carolina",Sur,193.6,187.091,6.50948,0.35234,0.35229,0.003,2e-05,0.01931,0.01138,PctBachDeg25_Over,1,56694
"Craven County, North Carolina",Sur,181.1,185.05,-3.95046,-0.21392,-0.21389,0.00387,1e-05,-0.01332,0.00696,PctUnemployed16_Over,1,103451
"Cumberland County, North Carolina",Sur,186.1,187.813,-1.71313,-0.09282,-0.09281,0.00501,0,-0.00659,0.00369,MedianAge,1,323838
"Currituck County, North Carolina",Sur,199,165.117,33.8829,1.83613,1.8369,0.00529,0.0009,0.13401,0.07098,PctHS18_24,1,25263
"Dare County, North Carolina",Sur,163.2,165.254,-2.05449,-0.11126,-0.11124,0.00402,0,-0.00706,0.00438,const,1,35663
"Davidson County, North Carolina",Sur,177.5,194.729,-17.2292,-0.93189,-0.93187,0.00153,7e-05,-0.03643,0.02174,const,1,164622
"Davie County, North Carolina",Sur,169.3,183.099,-13.7993,-0.74679,-0.74674,0.00265,7e-05,-0.03849,0.02455,const,1,41753
"Duplin County, North Carolina",Sur,164.5,180.686,-16.1863,-0.87725,-0.87721,0.00553,0.00021,-0.06544,0.03958,PctOtherRace,1,59159
"Edgecombe County, North Carolina",Sur,192.1,200.378,-8.27764,-0.44824,-0.44818,0.00383,4e-05,-0.0278,0.01952,PctUnemployed16_Over,1,54150
"Forsyth County, North Carolina",Sur,179.9,183.181,-3.2809,-0.17772,-0.17769,0.00449,1e-05,-0.01193,0.0077,PctBachDeg25_Over,1,369019
"Franklin County, North Carolina",Sur,183.4,188.75,-5.3498,-0.28935,-0.28931,0.00148,1e-05,-0.01116,0.00649,const,1,63710
"Gaston County, North Carolina",Sur,193.5,189.94,3.56044,0.19262,0.19259,0.00198,0,0.00857,0.00454,PctUnemployed16_Over,1,213442
"Gates County, North Carolina",Sur,171.5,178.789,-7.28904,-0.3946,-0.39454,0.00331,3e-05,-0.02274,0.01198,incidenceRate,1,11431
"Graham County, North Carolina",Sur,160.7,181.706,-21.0057,-1.13723,-1.13729,0.00341,0.00022,-0.06655,0.0393,BirthRate,1,8616
"Granville County, North Carolina",Sur,188.4,193.052,-4.65249,-0.25179,-0.25174,0.00265,1e-05,-0.01297,0.00807,incidenceRate,1,58674
"Greene County, North Carolina",Sur,183.2,192.654,-9.45384,-0.512,-0.51194,0.00412,5e-05,-0.03292,0.0164,PctHS25_Over,1,21134
"Guilford County, North Carolina",Sur,163.9,181.626,-17.7256,-0.96068,-0.96066,0.00554,0.00026,-0.07168,0.04956,PctBachDeg25_Over,1,517600
"Halifax County, North Carolina",Sur,199.5,204.478,-4.97773,-0.2694,-0.26935,0.00272,1e-05,-0.01407,0.00931,PctUnemployed16_Over,1,52456
"Harnett County, North Carolina",Sur,182.9,186.245,-3.3451,-0.18101,-0.18098,0.00244,0,-0.00895,0.00481,PctUnemployed16_Over,1,128140
"Haywood County, North Carolina",Sur,157.6,180.668,-23.0682,-1.24867,-1.2488,0.00306,0.00024,-0.06919,0.03915,const,1,59868
"Henderson County, North Carolina",Sur,151.8,175.26,-23.4597,-1.27028,-1.27042,0.00372,0.0003,-0.07761,0.04766,const,1,112655
"Hertford County, North Carolina",Sur,184.3,193.799,-9.49915,-0.51414,-0.51407,0.00288,4e-05,-0.0276,0.01511,PctUnemployed16_Over,1,24184
"Hoke County, North Carolina",Sur,191.8,178.943,12.8575,0.69637,0.69631,0.00422,0.0001,0.0453,0.02588,PctUnemployed16_Over,1,52671
"Clinton County, Kentucky",Sur,240.8,217.257,23.5429,1.2755,1.27565,0.00484,0.0004,0.08895,0.0518,PctBachDeg25_Over,1,10174
"Crittenden County, Kentucky",Sur,211.2,193.996,17.2041,0.93201,0.93198,0.00467,0.0002,0.06386,0.03884,PctBachDeg25_Over,1,9183
"Cumberland County, Kentucky",Sur,185.7,220.548,-34.8477,-1.88669,-1.88754,0.00348,0.00062,-0.11152,0.06726,incidenceRate,1,6759
"Daviess County, Kentucky",Sur,199.4,203.436,-4.03564,-0.21835,-0.21832,0.00221,1e-05,-0.01028,0.00668,const,1,99259
"Edmonson County, Kentucky",Sur,202.5,205.209,-2.70856,-0.14655,-0.14653,0.00223,0,-0.00693,0.00383,BirthRate,1,12007
"Elliott County, Kentucky",Sur,163.8,190.427,-26.6274,-1.44563,-1.4459,0.00898,0.00095,-0.1376,0.07987,PctUnemployed16_Over,1,7648
"Estill County, Kentucky",Sur,258.6,235.409,23.1909,1.25677,1.2569,0.00538,0.00043,0.0924,0.03884,PctHS18_24,1,14375
"Fayette County, Kentucky",Sur,176,176.814,-0.81438,-0.04416,-0.04416,0.00675,0,-0.00364,0.00182,const,1,314488
"Fleming County, Kentucky",Sur,191.3,212.62,-21.3203,-1.15375,-1.15382,0.00253,0.00017,-0.05808,0.03223,incidenceRate,1,14637
"Floyd County, Kentucky",Sur,248.2,229.223,18.9768,1.02889,1.0289,0.00632,0.00034,0.08205,0.04499,PctPublicCoverageAlone,1,37756
"Franklin County, Kentucky",Sur,215.7,192.413,23.2871,1.26045,1.26058,0.00295,0.00023,0.06855,0.04189,const,1,50375
"Fulton County, Kentucky",Sur,240.2,207.814,32.3865,1.75268,1.75333,0.00262,0.0004,0.0899,0.03964,PctBachDeg25_Over,1,6238
"Gallatin County, Kentucky",Sur,234.4,214.712,19.6884,1.06874,1.06876,0.00866,0.0005,0.09991,0.05685,PctHS18_24,1,8636
"Garrard County, Kentucky",Sur,204.6,206.747,-2.14726,-0.11616,-0.11613,0.00177,0,-0.00489,0.00241,const,1,17237
"Grant County, Kentucky",Sur,205.4,205.058,0.3418,0.01852,0.01851,0.00487,0,0.00129,0.0005,incidenceRate,1,24757
"Graves County, Kentucky",Sur,201.1,201.663,-0.5627,-0.03045,-0.03044,0.00244,0,-0.00151,0.00085,PctUnemployed16_Over,1,37421
"Grayson County, Kentucky",Sur,230.6,221.819,8.78137,0.47547,0.47541,0.00365,4e-05,0.02876,0.0164,PctBachDeg25_Over,1,26221
"Green County, Kentucky",Sur,195.3,200.073,-4.7729,-0.25826,-0.25822,0.00235,1e-05,-0.01255,0.00588,const,1,11010
"Greenup County, Kentucky",Sur,211.9,207.713,4.18729,0.22651,0.22648,0.00181,0,0.00965,0.00603,incidenceRate,1,36068
"Hancock County, Kentucky",Sur,223.6,185.833,37.7667,2.04732,2.04848,0.006,0.00127,0.15916,0.08911,PctHS18_24,1,8692
"Hardin County, Kentucky",Sur,202.2,198.009,4.19119,0.22678,0.22674,0.00228,1e-05,0.01084,0.00553,const,1,106439
"Harlan County, Kentucky",Sur,277.1,217.93,59.1702,3.20609,3.21138,0.00507,0.00262,0.22921,0.13488,PctPublicCoverageAlone,1,27703
"Harrison County, Kentucky",Sur,196.4,203.584,-7.18401,-0.3887,-0.38864,0.00222,2e-05,-0.01831,0.00976,const,1,18763
"Hart County, Kentucky",Sur,243.5,215.877,27.6235,1.49578,1.49611,0.00377,0.00042,0.09209,0.05311,BirthRate,1,18454
"Henderson County, Kentucky",Sur,202.4,197.411,4.9886,0.26982,0.26977,0.00149,1e-05,0.01042,0.0069,const,1,46407
"Henry County, Kentucky",Sur,233.2,219.131,14.0688,0.76212,0.76206,0.00457,0.00013,0.05164,0.03188,incidenceRate,1,15620
"Hickman County, Kentucky",Sur,197.8,195.851,1.94867,0.10554,0.10552,0.00424,0,0.00689,0.00363,BirthRate,1,4612
"Hopkins County, Kentucky",Sur,196.7,201.4,-4.69962,-0.25432,-0.25427,0.00249,1e-05,-0.0127,0.00669,PctBachDeg25_Over,1,46222
"Fountain County, Indiana",Medio Oeste,211.7,183.229,28.4714,1.54201,1.54239,0.00418,0.0005,0.09994,0.05839,PctPublicCoverageAlone,1,16591
"Franklin County, Indiana",Medio Oeste,185.8,165.837,19.9629,1.08082,1.08085,0.00349,0.0002,0.06397,0.03014,PctHS25_Over,1,22872
"Fulton County, Indiana",Medio Oeste,208.3,185.765,22.535,1.22003,1.22014,0.00341,0.00025,0.07141,0.03731,PctBachDeg25_Over:region[Medio Oeste],1,20315
"Gibson County, Indiana",Medio Oeste,170,169.895,0.1045,0.00566,0.00566,0.00342,0,0.00033,0.00015,PctUnemployed16_Over:region[Medio Oeste],1,33775
"Grant County, Indiana",Medio Oeste,202.3,194.101,8.19916,0.44395,0.44389,0.00366,4e-05,0.0269,0.01094,PctHS18_24,1,67979
"Greene County, Indiana",Medio Oeste,197.4,184.352,13.0481,0.70644,0.70638,0.00349,9e-05,0.04183,0.02209,PctBachDeg25_Over:region[Medio Oeste],1,32441
"Hamilton County, Indiana",Medio Oeste,146.5,126.762,19.7377,1.08454,1.08458,0.03253,0.00198,0.19886,0.15201,PctBachDeg25_Over:region[Medio Oeste],1,309697
"Hancock County, Indiana",Medio Oeste,184.8,162.077,22.7232,1.23071,1.23082,0.00421,0.00032,0.08,0.0406,PctBachDeg25_Over:region[Medio Oeste],1,72520
"Harrison County, Indiana",Medio Oeste,183.5,180.573,2.92749,0.15859,0.15856,0.00466,1e-05,0.01085,0.00507,region[Medio Oeste],1,39578
"Hendricks County, Indiana",Medio Oeste,167.4,156.582,10.8185,0.58733,0.58726,0.00892,0.00016,0.05571,0.03758,PctBachDeg25_Over:region[Medio Oeste],1,158192
"Henry County, Indiana",Medio Oeste,191,192.239,-1.23912,-0.06712,-0.06711,0.00447,0,-0.0045,0.00199,PctUnemployed16_Over:region[Medio Oeste],1,48985
"Howard County, Indiana",Medio Oeste,172.2,179.79,-7.58966,-0.4107,-0.41064,0.00245,2e-05,-0.02034,0.01208,region[Medio Oeste],1,82556
"Huntington County, Indiana",Medio Oeste,195.8,185.334,10.4664,0.56642,0.56635,0.00263,4e-05,0.02908,0.01241,PctHS25_Over,1,36630
"Jackson County, Indiana",Medio Oeste,220.4,191.063,29.3366,1.58954,1.58998,0.00502,0.00064,0.11297,0.05953,PctHS25_Over,1,44069
"Jasper County, Indiana",Medio Oeste,204.7,182.986,21.7141,1.1755,1.17558,0.00328,0.00023,0.06739,0.0275,PctBachDeg25_Over:region[Medio Oeste],1,33470
"Jay County, Indiana",Medio Oeste,202.5,200.823,1.677,0.09087,0.09085,0.00508,0,0.00649,0.00354,PctBachDeg25_Over:region[Medio Oeste],1,21121
"Jefferson County, Indiana",Medio Oeste,169.5,185.998,-16.4978,-0.89311,-0.89308,0.00327,0.00013,-0.05112,0.02481,PctPublicCoverageAlone,1,32416
"Jennings County, Indiana",Medio Oeste,206,201.611,4.38935,0.23783,0.23779,0.00507,1e-05,0.01697,0.00748,PctBachDeg25_Over:region[Medio Oeste],1,27897
"Johnson County, Indiana",Medio Oeste,165.1,162.837,2.26323,0.12259,0.12257,0.00448,0,0.00822,0.0048,PctBachDeg25_Over:region[Medio Oeste],1,149633
"Knox County, Indiana",Medio Oeste,183.5,190.433,-6.93268,-0.37537,-0.37531,0.00363,3e-05,-0.02266,0.0107,PctBachDeg25_Over:region[Medio Oeste],1,37927
"Kosciusko County, Indiana",Medio Oeste,187.2,173.446,13.7543,0.74406,0.744,0.00183,5e-05,0.03189,0.01623,region[Medio Oeste],1,78620
"LaGrange County, Indiana",Medio Oeste,167.5,162.23,5.26999,0.28721,0.28717,0.01655,7e-05,0.03725,0.01502,PctBachDeg25_Over:region[Medio Oeste],1,38809
"Lake County, Indiana",Medio Oeste,195.2,186.021,9.17938,0.49763,0.49756,0.00606,8e-05,0.03885,0.02512,PctOtherRace,1,487865
"LaPorte County, Indiana",Medio Oeste,192.5,196.434,-3.93441,-0.21296,-0.21293,0.00302,1e-05,-0.01173,0.00689,region[Medio Oeste],1,110884
"Lawrence County, Indiana",Medio Oeste,197.2,185.261,11.9391,0.64618,0.64611,0.0028,6e-05,0.03427,0.0186,PctBachDeg25_Over:region[Medio Oeste],1,45495
"Madison County, Indiana",Medio Oeste,195.2,192.109,3.09099,0.16726,0.16723,0.00238,0,0.00817,0.00498,region[Medio Oeste],1,129723
"Marion County, Indiana",Medio Oeste,201,182.621,18.3794,0.99684,0.99684,0.00699,0.00035,0.08364,0.04124,PctUnemployed16_Over:region[Medio Oeste],1,939020
"Marshall County, Indiana",Medio Oeste,163.7,179.062,-15.3624,-0.83137,-0.83132,0.0026,9e-05,-0.04242,0.02245,region[Medio Oeste],1,46857
"Martin County, Indiana",Medio Oeste,194.4,195.427,-1.02695,-0.0557,-0.05569,0.00694,0,-0.00465,0.0024,PctBachDeg25_Over:region[Medio Oeste],1,10226
"Miami County, Indiana",Medio Oeste,183.5,188.211,-4.71083,-0.2551,-0.25506,0.00387,1e-05,-0.0159,0.00821,region[Medio Oeste],1,35862
"Monroe County, Indiana",Medio Oeste,168.5,164.05,4.45017,0.24181,0.24177,0.01064,3e-05,0.02507,0.01375,PctBachDeg25_Over:region[Medio Oeste],1,144705
"Montgomery County, Indiana",Medio Oeste,171,177.767,-6.76725,-0.36621,-0.36616,0.00255,2e-05,-0.0185,0.00908,PctHS25_Over,1,38227
"Morgan County, Indiana",Medio Oeste,200.8,188.804,11.996,0.64936,0.6493,0.00313,7e-05,0.03639,0.018,region[Medio Oeste],1,69648
"Newton County, Indiana",Medio Oeste,194.1,184.068,10.0321,0.54384,0.54377,0.006,9e-05,0.04226,0.01736,PctBachDeg25_Over:region[Medio Oeste],1,14008
"Noble County, Indiana",Medio Oeste,186.5,179.254,7.24571,0.39228,0.39222,0.00342,3e-05,0.02297,0.01044,PctPublicCoverageAlone,1,47733
"Ohio County, Indiana",Medio Oeste,195.6,196.494,-0.89391,-0.04846,-0.04845,0.00601,0,-0.00377,0.00168,PctHS25_Over,1,5938
"Orange County, Indiana",Medio Oeste,201.5,194.606,6.8939,0.3734,0.37334,0.00432,3e-05,0.02459,0.01565,PctBachDeg25_Over:region[Medio Oeste],1,19605
"Owen County, Indiana",Medio Oeste,215.1,198.577,16.5227,0.89513,0.8951,0.00477,0.00019,0.06197,0.03811,PctBachDeg25_Over:region[Medio Oeste],1,20872
"Parke County, Indiana",Medio Oeste,171.8,180.124,-8.32409,-0.45054,-0.45048,0.00289,3e-05,-0.02424,0.0115,region[Medio Oeste],1,16901
"Perry County, Indiana",Medio Oeste,208.1,187.267,20.8329,1.12974,1.12979,0.00669,0.00043,0.09272,0.05672,PctBachDeg25_Over:region[Medio Oeste],1,19347
"Pike County, Indiana",Medio Oeste,174.1,173.188,0.91183,0.04941,0.0494,0.00517,0,0.00356,0.00208,PctBachDeg25_Over:region[Medio Oeste],1,12594
"Porter County, Indiana",Medio Oeste,178.4,174.741,3.65879,0.19805,0.19802,0.00309,1e-05,0.01103,0.00534,PctBachDeg25_Over:region[Medio Oeste],1,167688
"Posey County, Indiana",Medio Oeste,168.7,169.354,-0.65386,-0.03537,-0.03537,0.00199,0,-0.00158,0.00059,PctPublicCoverageAlone,1,25512
"Pulaski County, Indiana",Medio Oeste,183.2,190.211,-7.01127,-0.37997,-0.37991,0.00542,4e-05,-0.02804,0.01518,BirthRate,1,12889
"Putnam County, Indiana",Medio Oeste,197.1,183.252,13.8477,0.75003,0.74997,0.00428,0.00012,0.0492,0.02129,PctPublicCoverageAlone,1,37585
"Randolph County, Indiana",Medio Oeste,198.5,201.584,-3.08414,-0.16701,-0.16698,0.00385,1e-05,-0.01039,0.0062,PctBachDeg25_Over:region[Medio Oeste],1,25172
"Ripley County, Indiana",Medio Oeste,201.4,181.037,20.3634,1.10222,1.10226,0.00297,0.00018,0.06021,0.0294,PctHS25_Over,1,28701
"Rush County, Indiana",Medio Oeste,222,192.708,29.292,1.5859,1.58633,0.00349,0.00044,0.09383,0.04509,PctBachDeg25_Over:region[Medio Oeste],1,16672
"St. Joseph County, Indiana",Medio Oeste,180.3,179.684,0.61579,0.03334,0.03333,0.00323,0,0.0019,0.00113,region[Medio Oeste],1,268441
"Scott County, Indiana",Medio Oeste,217,200.659,16.3405,0.88524,0.88521,0.00471,0.00019,0.06091,0.03325,region[Medio Oeste],1,23744
"Shelby County, Indiana",Medio Oeste,184.1,189.844,-5.74355,-0.31095,-0.3109,0.00338,2e-05,-0.01812,0.00668,PctPublicCoverageAlone,1,44478
"Spencer County, Indiana",Medio Oeste,174.6,171.938,2.6618,0.14416,0.14414,0.00421,0,0.00937,0.0039,PctBachDeg25_Over:region[Medio Oeste],1,20715
"Starke County, Indiana",Medio Oeste,222.9,202.367,20.5329,1.11282,1.11286,0.00553,0.00034,0.08296,0.04027,region[Medio Oeste],1,22958
"Steuben County, Indiana",Medio Oeste,172.6,170.476,2.12402,0.11492,0.1149,0.00223,0,0.00543,0.00289,region[Medio Oeste],1,34372
"Sullivan County, Indiana",Medio Oeste,206,183.364,22.6364,1.22486,1.22496,0.00234,0.00018,0.05933,0.03164,PctBachDeg25_Over:region[Medio Oeste],1,20928
"Switzerland County, Indiana",Medio Oeste,232.3,200.564,31.736,1.71956,1.72016,0.00503,0.00075,0.12232,0.05869,PctBachDeg25_Over:region[Medio Oeste],1,10524
"Tippecanoe County, Indiana",Medio Oeste,169.1,171.967,-2.86653,-0.15548,-0.15545,0.00708,1e-05,-0.01313,0.00807,MedianAge,1,185826
"Tipton County, Indiana",Medio Oeste,159.2,168.802,-9.60208,-0.51947,-0.51941,0.00197,3e-05,-0.02307,0.00901,PctHS25_Over,1,15267
"Union County, Indiana",Medio Oeste,192.3,190.515,1.78502,0.09659,0.09657,0.00233,0,0.00467,0.00233,region[Medio Oeste],1,7182
"Vanderburgh County, Indiana",Medio Oeste,182.7,174.215,8.48496,0.45913,0.45907,0.00237,3e-05,0.02239,0.01063,region[Medio Oeste],1,181877
"Vermillion County, Indiana",Medio Oeste,209.6,194.283,15.3175,0.82962,0.82957,0.00423,0.00015,0.05408,0.03218,BirthRate,1,15692
"Vigo County, Indiana",Medio Oeste,201.2,191.019,10.1811,0.55103,0.55096,0.00282,4e-05,0.02929,0.01757,region[Medio Oeste],1,107896
"Wabash County, Indiana",Medio Oeste,185.3,184.566,0.73378,0.0397,0.0397,0.00221,0,0.00187,0.00085,region[Medio Oeste],1,32138
"Warren County, Indiana",Medio Oeste,177.2,174.296,2.90395,0.15717,0.15714,0.0028,0,0.00833,0.00367,PctHS25_Over,1,8269
"Warrick County, Indiana",Medio Oeste,165.1,163.184,1.91637,0.10372,0.10371,0.00291,0,0.00561,0.00235,region[Medio Oeste],1,61897
"Washington County, Indiana",Medio Oeste,205.3,205.204,0.09584,0.00519,0.00519,0.0056,0,0.00039,0.00017,PctBachDeg25_Over:region[Medio Oeste],1,27827
"Wayne County, Indiana",Medio Oeste,202.8,192.13,10.6705,0.57747,0.5774,0.00263,4e-05,0.02967,0.01543,region[Medio Oeste],1,67001
"Wells County, Indiana",Medio Oeste,157,166.534,-9.53406,-0.51604,-0.51597,0.00293,4e-05,-0.02799,0.0147,PctUnemployed16_Over:region[Medio Oeste],1,27964
"White County, Indiana",Medio Oeste,206.3,180.798,25.502,1.38023,1.38045,0.00279,0.00027,0.07301,0.02903,PctBachDeg25_Over:region[Medio Oeste],1,24293
"Whitley County, Indiana",Medio Oeste,179.7,177.887,1.8126,0.09809,0.09807,0.00245,0,0.00486,0.00164,PctUnemployed16_Over:region[Medio Oeste],1,33406
"Adair County, Iowa",Medio Oeste,178.9,173.336,5.56396,0.30137,0.30132,0.00432,2e-05,0.01985,0.01075,PctUnemployed16_Over:region[Medio Oeste],1,7228
"Adams County, Iowa",Medio Oeste,171.3,185.927,-14.6272,-0.79282,-0.79277,0.00573,0.00018,-0.06017,0.02785,incidenceRate,1,3796
"Allamakee County, Iowa",Medio Oeste,142.4,174.153,-31.7531,-1.71841,-1.719,0.00263,0.00039,-0.08819,0.0433,BirthRate,1,13886
"Appanoose County, Iowa",Medio Oeste,176.1,185.793,-9.69324,-0.52439,-0.52433,0.00193,3e-05,-0.02306,0.01176,region[Medio Oeste],1,12529
"Audubon County, Iowa",Medio Oeste,176.9,175.572,1.32833,0.07203,0.07202,0.0067,0,0.00592,0.00279,PctUnemployed16_Over:region[Medio Oeste],1,5773
"Benton County, Iowa",Medio Oeste,163.2,165.453,-2.25318,-0.12191,-0.12189,0.00219,0,-0.00571,0.0021,region[Medio Oeste],1,25658
"Black Hawk County, Iowa",Medio Oeste,170.9,179.299,-8.39946,-0.45482,-0.45476,0.00378,4e-05,-0.02801,0.01323,PctBachDeg25_Over:region[Medio Oeste],1,133455
"Boone County, Iowa",Medio Oeste,171,163.241,7.75894,0.41986,0.4198,0.00246,2e-05,0.02085,0.00789,PctBachDeg25_Over:region[Medio Oeste],1,26643
"Bremer County, Iowa",Medio Oeste,129.8,153.703,-23.9028,-1.29577,-1.29592,0.00601,0.00051,-0.10074,0.05059,PctBachDeg25_Over:region[Medio Oeste],1,24722
"Buchanan County, Iowa",Medio Oeste,188.1,176.622,11.4777,0.62148,0.62141,0.00368,7e-05,0.03778,0.01702,PctHS25_Over,1,21062
"Buena Vista County, Iowa",Medio Oeste,149.1,162.455,-13.3553,-0.72356,-0.72349,0.00482,0.00013,-0.05034,0.02162,PctUnemployed16_Over:region[Medio Oeste],1,20493
"Butler County, Iowa",Medio Oeste,156.6,173.912,-17.3124,-0.93752,-0.9375,0.00393,0.00017,-0.05889,0.02903,PctUnemployed16_Over:region[Medio Oeste],1,14915
"Calhoun County, Iowa",Medio Oeste,181.5,186.44,-4.9401,-0.26748,-0.26743,0.00359,1e-05,-0.01605,0.00835,incidenceRate,1,9818
"Carroll County, Iowa",Medio Oeste,176.6,166.902,9.6976,0.52496,0.52489,0.00318,4e-05,0.02964,0.01387,PctUnemployed16_Over:region[Medio Oeste],1,20498
"Cass County, Iowa",Medio Oeste,218.8,181.569,37.2307,2.01933,2.02043,0.00705,0.00145,0.17026,0.08794,PctPublicCoverageAlone,1,13427
"Cedar County, Iowa",Medio Oeste,147.9,175.318,-27.4184,-1.48422,-1.48454,0.00316,0.00035,-0.08354,0.04075,PctUnemployed16_Over:region[Medio Oeste],1,18340
"Cerro Gordo County, Iowa",Medio Oeste,154.2,179.105,-24.9049,-1.34825,-1.34845,0.00329,0.0003,-0.07753,0.03182,region[Medio Oeste],1,43017
"Cherokee County, Iowa",Medio Oeste,135.4,166.584,-31.1845,-1.68877,-1.68932,0.00396,0.00057,-0.10654,0.04556,BirthRate,1,11574
"Chickasaw County, Iowa",Medio Oeste,161.9,177.066,-15.1662,-0.82124,-0.8212,0.00379,0.00013,-0.05064,0.02017,PctUnemployed16_Over:region[Medio Oeste],1,12097
"Clarke County, Iowa",Medio Oeste,198.5,188.678,9.82209,0.53278,0.53272,0.00724,0.0001,0.04551,0.03156,PctHS18_24,1,9259
"Clay County, Iowa",Medio Oeste,171.5,175.367,-3.86731,-0.20927,-0.20924,0.00244,1e-05,-0.01035,0.00439,PctUnemployed16_Over:region[Medio Oeste],1,16507
"Clayton County, Iowa",Medio Oeste,168.3,176.568,-8.26822,-0.4475,-0.44744,0.00281,3e-05,-0.02375,0.01035,PctUnemployed16_Over:region[Medio Oeste],1,17644
"Clinton County, Iowa",Medio Oeste,191.8,179.686,12.1137,0.65535,0.65528,0.00195,4e-05,0.02899,0.01311,region[Medio Oeste],1,47768
"Crawford County, Iowa",Medio Oeste,148.6,175.596,-26.9961,-1.4619,-1.4622,0.0039,0.00042,-0.09145,0.03914,PctBachDeg25_Over:region[Medio Oeste],1,17094
"Dallas County, Iowa",Medio Oeste,132.6,139.152,-6.55214,-0.35842,-0.35837,0.02385,0.00016,-0.05602,0.03972,PctBachDeg25_Over:region[Medio Oeste],1,80133
"Davis County, Iowa",Medio Oeste,158.6,165.251,-6.65123,-0.36024,-0.36019,0.00426,3e-05,-0.02355,0.009,AvgHouseholdSize,1,8769
"Decatur County, Iowa",Medio Oeste,209.1,186.789,22.3114,1.20748,1.20757,0.00268,0.0002,0.06256,0.02598,MedianAge,1,8220
"Delaware County, Iowa",Medio Oeste,154.1,171.938,-17.8377,-0.96621,-0.9662,0.00443,0.00021,-0.06442,0.03266,PctUnemployed16_Over:region[Medio Oeste],1,17403
"Des Moines County, Iowa",Medio Oeste,170.1,189.785,-19.6854,-1.06501,-1.06504,0.00202,0.00011,-0.04793,0.02628,region[Medio Oeste],1,40055
"Dickinson County, Iowa",Medio Oeste,156.1,172.867,-16.7669,-0.90914,-0.90912,0.00647,0.00027,-0.07339,0.03401,MedianAge,1,17111
"Talbot County, Georgia",Sur,210.3,189.138,21.1622,1.14552,1.14559,0.0031,0.0002,0.06387,0.03122,const,1,6337
"Taliaferro County, Georgia",Sur,234.9,204.39,30.5099,1.6537,1.65421,0.00572,0.00079,0.1255,0.07864,BirthRate,1,1639
"Tattnall County, Georgia",Sur,216.4,198.136,18.2645,0.9899,0.9899,0.00558,0.00027,0.07416,0.03176,BirthRate,1,25229
"Taylor County, Georgia",Sur,161.2,186.443,-25.243,-1.37461,-1.37483,0.01495,0.00143,-0.16937,0.13648,PctUnemployed16_Over,1,8330
"Telfair County, Georgia",Sur,159.8,193.5,-33.6995,-1.83325,-1.83402,0.01294,0.0022,-0.21,0.10848,PctUnemployed16_Over,1,16400
"Terrell County, Georgia",Sur,218.9,219.4,-0.49951,-0.02709,-0.02708,0.00669,0,-0.00222,0.00103,PctHS25_Over,1,9113
"Thomas County, Georgia",Sur,199,194.806,4.19362,0.2268,0.22677,0.00135,0,0.00834,0.00461,const,1,45063
"Tift County, Georgia",Sur,183.9,199.101,-15.2011,-0.82356,-0.82351,0.00483,0.00016,-0.05738,0.03815,PctUnemployed16_Over,1,40764
"Toombs County, Georgia",Sur,201.3,203.844,-2.5435,-0.13767,-0.13765,0.00295,0,-0.00749,0.00461,MedianAge,1,27241
"Towns County, Georgia",Sur,193.1,193.71,-0.60957,-0.0331,-0.0331,0.00961,0,-0.00326,0.00221,MedianAge,1,11182
"Treutlen County, Georgia",Sur,193.7,192.759,0.94052,0.05099,0.05098,0.00603,0,0.00397,0.00209,BirthRate,1,6785
"Troup County, Georgia",Sur,186,196.072,-10.0724,-0.54502,-0.54495,0.00232,3e-05,-0.02629,0.01542,PctUnemployed16_Over,1,69763
"Turner County, Georgia",Sur,197,204.398,-7.39809,-0.40102,-0.40096,0.00587,5e-05,-0.0308,0.01921,BirthRate,1,8214
"Twiggs County, Georgia",Sur,189.8,201.447,-11.6473,-0.63124,-0.63118,0.00551,0.00011,-0.047,0.0249,AvgHouseholdSize,1,8390
"Union County, Georgia",Sur,159.3,186.231,-26.9308,-1.46091,-1.46121,0.00737,0.00079,-0.1259,0.0961,MedianAge,1,22267
"Upson County, Georgia",Sur,189.5,206.574,-17.0744,-0.9239,-0.92388,0.00235,0.0001,-0.04488,0.02347,PctBachDeg25_Over,1,26368
"Walker County, Georgia",Sur,212.7,185.142,27.5584,1.49044,1.49076,0.00134,0.00015,0.05466,0.03716,const,1,68066
"Walton County, Georgia",Sur,193.3,186.408,6.89243,0.37294,0.37289,0.00231,2e-05,0.01792,0.00976,AvgHouseholdSize,1,88399
"Ware County, Georgia",Sur,180.1,190.864,-10.764,-0.58315,-0.58308,0.00476,8e-05,-0.04033,0.01751,const,1,35370
"Warren County, Georgia",Sur,194.6,189.71,4.89044,0.2652,0.26515,0.00667,2e-05,0.02172,0.01686,PctUnemployed16_Over,1,5460
"Washington County, Georgia",Sur,186.4,200.139,-13.7393,-0.74334,-0.74328,0.0021,6e-05,-0.03408,0.01974,PctUnemployed16_Over,1,20816
"Wayne County, Georgia",Sur,205.6,200.681,4.91861,0.26621,0.26616,0.0028,1e-05,0.01411,0.00583,PctHS25_Over,1,29534
"Webster County, Georgia",Sur,143.1,171.005,-27.9055,-1.51828,-1.51864,0.01324,0.00155,-0.17592,0.10158,PctHS18_24,1,2648
"Wheeler County, Georgia",Sur,179.9,206.01,-26.1097,-1.42086,-1.42112,0.01363,0.0014,-0.16708,0.09473,MedianAge,1,7903
"White County, Georgia",Sur,144.6,185.368,-40.7677,-2.20571,-2.20722,0.00213,0.00052,-0.10195,0.05972,const,1,28319
"Whitfield County, Georgia",Sur,182.8,179.805,2.99464,0.16218,0.16215,0.00401,1e-05,0.01028,0.0067,PctBachDeg25_Over,1,104216
"Wilcox County, Georgia",Sur,195,208.121,-13.121,-0.71129,-0.71123,0.00601,0.00015,-0.05529,0.03032,PctHS25_Over,1,8857
"Wilkes County, Georgia",Sur,210,201.089,8.91121,0.48235,0.48229,0.00302,4e-05,0.02655,0.01475,const,1,9867
"Wilkinson County, Georgia",Sur,178,206.733,-28.733,-1.55835,-1.55874,0.00695,0.00085,-0.13036,0.0578,BirthRate,1,9155
"Worth County, Georgia",Sur,160,202.245,-42.2453,-2.28746,-2.28918,0.0037,0.00097,-0.13951,0.08463,BirthRate,1,20699
"Hawaii County, Hawaii",Oeste,147.6,156.968,-9.36849,-0.50778,-0.50771,0.00567,7e-05,-0.03833,0.02002,PctPublicCoverageAlone,1,196428
"Honolulu County, Hawaii",Oeste,135,146.043,-11.0427,-0.59916,-0.59909,0.00779,0.00014,-0.0531,0.02847,AvgHouseholdSize,1,998714
"Kauai County, Hawaii",Oeste,149.4,146.152,3.24794,0.1763,0.17627,0.00864,1e-05,0.01646,0.01044,AvgHouseholdSize,1,71735
"Maui County, Hawaii",Oeste,139.9,155.853,-15.9527,-0.86452,-0.86448,0.00537,0.0002,-0.06352,0.0328,AvgHouseholdSize,1,164637
"Ada County, Idaho",Oeste,151.6,151.972,-0.37207,-0.02019,-0.02019,0.00827,0,-0.00184,0.00114,PctBachDeg25_Over:region[Oeste],1,434211
"Adams County, Idaho",Oeste,121,160.94,-39.9402,-2.16936,-2.17078,0.00986,0.00234,-0.21661,0.08516,region[Oeste],1,3843
"Bannock County, Idaho",Oeste,151.5,149.018,2.48159,0.13447,0.13444,0.00512,0,0.00965,0.0056,region[Oeste],1,83744
"Bear Lake County, Idaho",Oeste,143.2,152.058,-8.85752,-0.4814,-0.48133,0.01108,0.00013,-0.05096,0.02877,PctUnemployed16_Over:region[Oeste],1,5922
"Benewah County, Idaho",Oeste,222.2,186.346,35.8541,1.94692,1.94789,0.00935,0.00179,0.18926,0.13468,region[Oeste],1,9052
"Bingham County, Idaho",Oeste,155.8,162.114,-6.31411,-0.34228,-0.34223,0.00598,4e-05,-0.02655,0.01721,region[Oeste],1,44990
"Blaine County, Idaho",Oeste,94.4,125.557,-31.1572,-1.70087,-1.70144,0.0198,0.00292,-0.2418,0.1408,PctBachDeg25_Over:region[Oeste],1,21592
"Boise County, Idaho",Oeste,163.9,164.879,-0.97884,-0.05315,-0.05314,0.0093,0,-0.00515,0.00217,MedianAge,1,7058
"Bonner County, Idaho",Oeste,175.5,168.734,6.7655,0.36672,0.36666,0.00581,4e-05,0.02804,0.01748,region[Oeste],1,41859
"Bonneville County, Idaho",Oeste,137.4,152.415,-15.0145,-0.81383,-0.81378,0.00576,0.00019,-0.06193,0.02643,region[Oeste],1,110089
"Boundary County, Idaho",Oeste,161,166.478,-5.47814,-0.29767,-0.29762,0.01067,5e-05,-0.03091,0.02019,region[Oeste],1,11318
"Butte County, Idaho",Oeste,107.2,149.91,-42.7098,-2.32055,-2.32235,0.01051,0.00286,-0.23931,0.14912,region[Oeste],1,2501
"Canyon County, Idaho",Oeste,154.8,173.708,-18.9075,-1.02432,-1.02433,0.00475,0.00025,-0.07073,0.05105,region[Oeste],1,207478
"Caribou County, Idaho",Oeste,184.5,161.765,22.735,1.23781,1.23793,0.01458,0.00113,0.15059,0.10619,PctUnemployed16_Over:region[Oeste],1,6770
"Cassia County, Idaho",Oeste,133.7,147.026,-13.326,-0.72343,-0.72337,0.00883,0.00023,-0.06826,0.0357,region[Oeste],1,23506
"Clearwater County, Idaho",Oeste,164.7,167.878,-3.17807,-0.17237,-0.17234,0.00703,1e-05,-0.0145,0.00968,region[Oeste],1,8496
"Custer County, Idaho",Oeste,160.5,152.731,7.76869,0.42232,0.42226,0.01157,0.0001,0.04569,0.02311,PctUnemployed16_Over:region[Oeste],1,4087
"Elmore County, Idaho",Oeste,180,181.672,-1.67226,-0.09085,-0.09084,0.01039,0,-0.00931,0.00515,region[Oeste],1,25876
"Franklin County, Idaho",Oeste,136.3,150.297,-13.9968,-0.76036,-0.76031,0.01019,0.0003,-0.07714,0.03795,region[Oeste],1,13074
"Fremont County, Idaho",Oeste,140.9,154.489,-13.5892,-0.73626,-0.7362,0.00489,0.00013,-0.0516,0.03673,region[Oeste],1,12819
"Gem County, Idaho",Oeste,190,189.159,0.84096,0.0458,0.04579,0.0152,0,0.00569,0.00324,PctUnemployed16_Over:region[Oeste],1,16852
"Gooding County, Idaho",Oeste,151.5,175.945,-24.445,-1.33178,-1.33197,0.01587,0.00143,-0.16915,0.10926,PctUnemployed16_Over:region[Oeste],1,15284
"Idaho County, Idaho",Oeste,162,155.378,6.62192,0.35904,0.35898,0.00637,4e-05,0.02874,0.01711,region[Oeste],1,16272
"Jefferson County, Idaho",Oeste,136.4,152.801,-16.4014,-0.88989,-0.88985,0.00772,0.00031,-0.07851,0.04119,AvgHouseholdSize,1,27157
"Jerome County, Idaho",Oeste,147.6,170.997,-23.3974,-1.27003,-1.27017,0.00861,0.0007,-0.11834,0.07281,region[Oeste],1,22814
"Kootenai County, Idaho",Oeste,173.4,168.219,5.18074,0.28058,0.28053,0.0041,2e-05,0.01799,0.01249,region[Oeste],1,150346
"Latah County, Idaho",Oeste,148.9,139.109,9.79069,0.53405,0.53398,0.01826,0.00027,0.07282,0.04288,PctBachDeg25_Over:region[Oeste],1,38778
"Lemhi County, Idaho",Oeste,142.6,169.61,-27.0097,-1.46631,-1.46661,0.00888,0.00096,-0.13882,0.07994,PctHS18_24,1,7735
"Lewis County, Idaho",Oeste,185.6,185.075,0.52476,0.02849,0.02849,0.00909,0,0.00273,0.00189,region[Oeste],1,3789
"Lincoln County, Idaho",Oeste,145.9,177.739,-31.8395,-1.73267,-1.73328,0.01363,0.00207,-0.20376,0.1186,region[Oeste],1,5297
"Madison County, Idaho",Oeste,125.2,129.515,-4.31471,-0.23538,-0.23534,0.01848,5e-05,-0.03229,0.01614,PctBachDeg25_Over:region[Oeste],1,38273
"Minidoka County, Idaho",Oeste,163.5,163.43,0.07021,0.00382,0.00382,0.01329,0,0.00044,0.00025,PctUnemployed16_Over:region[Oeste],1,20461
"Nez Perce County, Idaho",Oeste,180.1,166.19,13.9098,0.75337,0.75332,0.00423,0.00012,0.04909,0.03519,region[Oeste],1,40048
"Oneida County, Idaho",Oeste,141,156.877,-15.8774,-0.86398,-0.86395,0.01353,0.00051,-0.10118,0.05776,region[Oeste],1,4281
"Owyhee County, Idaho",Oeste,152.5,176.633,-24.1335,-1.31104,-1.31121,0.0102,0.00089,-0.13311,0.07981,region[Oeste],1,11310
"Payette County, Idaho",Oeste,166,170.23,-4.22956,-0.22924,-0.2292,0.00559,1e-05,-0.01719,0.01185,region[Oeste],1,22896
"Power County, Idaho",Oeste,114.3,161.177,-46.877,-2.54839,-2.55088,0.01161,0.00382,-0.27651,0.15261,BirthRate,1,7648
"Shoshone County, Idaho",Oeste,225.1,185.028,40.0725,2.17822,2.17966,0.01138,0.00273,0.23385,0.12473,region[Oeste],1,12432
"Teton County, Idaho",Oeste,114.2,127.172,-12.9721,-0.70883,-0.70877,0.02171,0.00056,-0.10558,0.07164,PctBachDeg25_Over:region[Oeste],1,10564
"Twin Falls County, Idaho",Oeste,165.4,171.168,-5.76803,-0.313,-0.31295,0.00801,4e-05,-0.02812,0.01843,region[Oeste],1,82375
"Valley County, Idaho",Oeste,131.6,144.994,-13.3936,-0.72906,-0.729,0.01416,0.00038,-0.08737,0.05727,AvgHouseholdSize,1,10103
"Washington County, Idaho",Oeste,173.6,177.214,-3.61379,-0.19596,-0.19593,0.0066,1e-05,-0.01597,0.01071,region[Oeste],1,9984
"Adams County, Illinois",Medio Oeste,167.4,183.885,-16.4849,-0.89168,-0.89165,0.00163,7e-05,-0.03608,0.02356,region[Medio Oeste],1,67013
"Alexander County, Illinois",Medio Oeste,181.1,208.024,-26.9236,-1.46545,-1.46575,0.01403,0.00153,-0.17486,0.09365,region[Medio Oeste],1,6780
"Bond County, Illinois",Medio Oeste,171.7,190.216,-18.5156,-1.00257,-1.00257,0.00371,0.00019,-0.06119,0.02847,PctHS18_24,1,16950
"Boone County, Illinois",Medio Oeste,163.7,174.679,-10.9786,-0.59484,-0.59477,0.00496,9e-05,-0.042,0.02324,region[Medio Oeste],1,53585
"Brown County, Illinois",Medio Oeste,165.8,190.166,-24.3664,-1.32144,-1.32161,0.00682,0.0006,-0.10952,0.05934,PctHS18_24,1,6829
"Bureau County, Illinois",Medio Oeste,172.2,189.484,-17.2844,-0.93504,-0.93502,0.00187,8e-05,-0.0405,0.02486,region[Medio Oeste],1,33587
"Calhoun County, Illinois",Medio Oeste,152.3,186.235,-33.9349,-1.83997,-1.84075,0.0064,0.00109,-0.14778,0.09388,PctHS18_24,1,4899
"Carroll County, Illinois",Medio Oeste,194.4,194.43,-0.03004,-0.00163,-0.00163,0.0029,0,-9e-05,3e-05,region[Medio Oeste],1,14616
"Cass County, Illinois",Medio Oeste,195.3,189.932,5.36754,0.29075,0.29071,0.00451,2e-05,0.01957,0.00889,PctHS25_Over,1,12847
"Champaign County, Illinois",Medio Oeste,152.5,168.034,-15.5338,-0.8436,-0.84356,0.00959,0.00034,-0.08301,0.04582,PctBachDeg25_Over:region[Medio Oeste],1,208861
"Christian County, Illinois",Medio Oeste,196,203.359,-7.35889,-0.39864,-0.39858,0.0046,4e-05,-0.0271,0.01284,PctBachDeg25_Over:region[Medio Oeste],1,33642
"Clark County, Illinois",Medio Oeste,199.1,191.932,7.16785,0.38785,0.38779,0.00234,2e-05,0.01877,0.01222,region[Medio Oeste],1,15979
"Clay County, Illinois",Medio Oeste,190,200.789,-10.7886,-0.5841,-0.58403,0.00346,6e-05,-0.0344,0.01977,PctPublicCoverageAlone,1,13428
"Clinton County, Illinois",Medio Oeste,167,169.91,-2.90995,-0.15752,-0.15749,0.00311,0,-0.00879,0.0037,region[Medio Oeste],1,37786
"Coles County, Illinois",Medio Oeste,176.1,189.642,-13.5416,-0.73416,-0.7341,0.00621,0.00017,-0.05804,0.02602,MedianAge,1,52521
"Cook County, Illinois",Medio Oeste,177,176.172,0.82822,0.04506,0.04505,0.01304,0,0.00518,0.00292,PctBachDeg25_Over:region[Medio Oeste],1,5.23822e+06
"Crawford County, Illinois",Medio Oeste,191.5,196.412,-4.91171,-0.26593,-0.26589,0.00351,1e-05,-0.01579,0.00829,incidenceRate,1,19414
"Cumberland County, Illinois",Medio Oeste,201.4,192.926,8.47406,0.45865,0.45859,0.00286,3e-05,0.02457,0.01389,region[Medio Oeste],1,10898
"DeKalb County, Illinois",Medio Oeste,171.7,182.892,-11.1918,-0.60732,-0.60725,0.00802,0.00015,-0.05459,0.02826,PctBachDeg25_Over:region[Medio Oeste],1,104352
"De Witt County, Illinois",Medio Oeste,195.5,193.499,2.00072,0.10831,0.10829,0.00325,0,0.00618,0.00278,region[Medio Oeste],1,16247
"Douglas County, Illinois",Medio Oeste,177.5,178.857,-1.35732,-0.07342,-0.07341,0.00163,0,-0.00296,0.00164,region[Medio Oeste],1,19823
"DuPage County, Illinois",Medio Oeste,152.7,152.838,-0.13764,-0.00751,-0.0075,0.01764,0,-0.00101,0.00076,PctBachDeg25_Over:region[Medio Oeste],1,933736
"Edgar County, Illinois",Medio Oeste,177,191.424,-14.4238,-0.78066,-0.7806,0.00281,9e-05,-0.04146,0.02209,PctUnemployed16_Over:region[Medio Oeste],1,17664
"Edwards County, Illinois",Medio Oeste,189.9,196.417,-6.51714,-0.35346,-0.35341,0.00695,4e-05,-0.02957,0.01571,BirthRate,1,6534
"Forsyth County, Georgia",Sur,129.9,148.852,-18.952,-1.03279,-1.03281,0.0164,0.00089,-0.13336,0.09041,PctBachDeg25_Over,1,212438
"Franklin County, Georgia",Sur,198.3,203.703,-5.40305,-0.29229,-0.29225,0.00189,1e-05,-0.0127,0.00665,const,1,22311
"Fulton County, Georgia",Sur,165.3,165.499,-0.19871,-0.01081,-0.01081,0.01363,0,-0.00127,0.00098,PctBachDeg25_Over,1,1.01056e+06
"Gilmer County, Georgia",Sur,136.4,179.007,-42.6073,-2.30515,-2.30692,0.00205,0.00055,-0.10463,0.05355,const,1,29400
"Glascock County, Georgia",Sur,211.1,203.503,7.59693,0.41249,0.41243,0.00919,8e-05,0.03971,0.02193,PctPublicCoverageAlone,1,3065
"Glynn County, Georgia",Sur,168.9,181.209,-12.3086,-0.66598,-0.66591,0.00221,5e-05,-0.03135,0.01803,const,1,83579
"Gordon County, Georgia",Sur,191.7,196.39,-4.69007,-0.25377,-0.25373,0.00229,1e-05,-0.01215,0.00717,PctBachDeg25_Over,1,56574
"Grady County, Georgia",Sur,199.1,196.289,2.81136,0.15211,0.15208,0.00214,0,0.00705,0.0031,BirthRate,1,25205
"Greene County, Georgia",Sur,177.8,186.887,-9.08743,-0.49181,-0.49175,0.0027,3e-05,-0.02561,0.0165,const,1,16710
"Gwinnett County, Georgia",Sur,146.1,156.01,-9.90977,-0.53775,-0.53768,0.00802,0.00012,-0.04836,0.02919,PctBachDeg25_Over,1,895823
"Habersham County, Georgia",Sur,180.5,189.004,-8.50362,-0.46004,-0.45998,0.00195,2e-05,-0.02031,0.01075,PctBachDeg25_Over,1,43996
"Hall County, Georgia",Sur,153.5,180.48,-26.9803,-1.46051,-1.4608,0.00317,0.00034,-0.08237,0.04291,AvgHouseholdSize,1,193535
"Hancock County, Georgia",Sur,160.6,182.151,-21.5507,-1.16834,-1.16841,0.00615,0.00042,-0.0919,0.05444,PctUnemployed16_Over,1,8551
"Haralson County, Georgia",Sur,213.9,205.245,8.65514,0.46826,0.46819,0.00202,2e-05,0.02108,0.01066,PctUnemployed16_Over,1,28854
"Harris County, Georgia",Sur,139.4,161.487,-22.0866,-1.19628,-1.19637,0.00429,0.00031,-0.07857,0.04444,MedianAge,1,33381
"Hart County, Georgia",Sur,166.4,187.16,-20.7599,-1.12369,-1.12374,0.003,0.00019,-0.06164,0.03271,PctUnemployed16_Over,1,25534
"Heard County, Georgia",Sur,178.8,206.096,-27.2964,-1.47744,-1.47775,0.00292,0.00032,-0.07996,0.0425,PctHS18_24,1,11539
"Henry County, Georgia",Sur,175.9,178.744,-2.84354,-0.15403,-0.154,0.00445,1e-05,-0.0103,0.0056,AvgHouseholdSize,1,217739
"Houston County, Georgia",Sur,174,178.255,-4.25474,-0.23021,-0.23017,0.00222,1e-05,-0.01087,0.00575,PctPublicCoverageAlone,1,150033
"Irwin County, Georgia",Sur,192.8,201.926,-9.12564,-0.49421,-0.49415,0.00406,5e-05,-0.03154,0.01934,PctUnemployed16_Over,1,9245
"Jackson County, Georgia",Sur,213.2,188.671,24.529,1.32758,1.32776,0.00281,0.00025,0.07053,0.03675,AvgHouseholdSize,1,63360
"Jasper County, Georgia",Sur,169.3,207.997,-38.6967,-2.09482,-2.09608,0.00323,0.00071,-0.11937,0.06,PctHS18_24,1,13635
"Jeff Davis County, Georgia",Sur,171.6,190.402,-18.8024,-1.01926,-1.01927,0.00598,0.00031,-0.07906,0.04251,PctHS18_24,1,14920
"Jefferson County, Georgia",Sur,211.2,208.259,2.94116,0.1594,0.15937,0.00553,1e-05,0.01189,0.00958,PctUnemployed16_Over,1,16106
"Jenkins County, Georgia",Sur,215,192.832,22.1682,1.1998,1.1999,0.00281,0.0002,0.06365,0.02296,PctHS18_24,1,8957
"Johnson County, Georgia",Sur,167.8,187.907,-20.1068,-1.08939,-1.08943,0.00493,0.00029,-0.0767,0.04187,PctBachDeg25_Over,1,9656
"Jones County, Georgia",Sur,162.1,191.966,-29.8658,-1.61559,-1.61605,0.00178,0.00023,-0.06833,0.03585,const,1,28494
"Lamar County, Georgia",Sur,204.1,202.573,1.52667,0.08275,0.08273,0.00564,0,0.00623,0.00495,PctUnemployed16_Over,1,18201
"Lanier County, Georgia",Sur,209.2,193.393,15.8068,0.85655,0.85651,0.00523,0.00019,0.0621,0.03031,PctUnemployed16_Over,1,10312
"Laurens County, Georgia",Sur,169.7,199.692,-29.9915,-1.62324,-1.62371,0.00282,0.00037,-0.08639,0.0473,PctUnemployed16_Over,1,47731
"Lee County, Georgia",Sur,192.8,188.402,4.39798,0.23817,0.23813,0.00401,1e-05,0.01511,0.00698,incidenceRate,1,29202
"Liberty County, Georgia",Sur,170.3,184.67,-14.3701,-0.78032,-0.78027,0.00938,0.00029,-0.07593,0.0412,MedianAge,1,62467
"Lincoln County, Georgia",Sur,196.7,184.637,12.0629,0.6535,0.65344,0.00471,0.0001,0.04495,0.02287,BirthRate,1,7673
"Long County, Georgia",Sur,180.9,177.3,3.60005,0.19564,0.1956,0.01086,2e-05,0.0205,0.01308,PctUnemployed16_Over,1,17731
"Lowndes County, Georgia",Sur,180.9,193.152,-12.2515,-0.66358,-0.66351,0.00429,9e-05,-0.04355,0.02367,PctUnemployed16_Over,1,112865
"Lumpkin County, Georgia",Sur,158.1,191.1,-32.9998,-1.78684,-1.78754,0.0037,0.00059,-0.10899,0.05678,const,1,31408
"McDuffie County, Georgia",Sur,219.5,195.722,23.7784,1.28636,1.2865,0.00188,0.00016,0.0559,0.03459,PctHS18_24,1,21540
"McIntosh County, Georgia",Sur,143.9,175.025,-31.1249,-1.68707,-1.68763,0.00577,0.00083,-0.12854,0.05639,incidenceRate,1,13969
"Macon County, Georgia",Sur,214.9,199.74,15.1604,0.82368,0.82363,0.01043,0.00036,0.08456,0.06556,PctUnemployed16_Over,1,13632
"Madison County, Georgia",Sur,227.2,205.748,21.4523,1.16106,1.16113,0.00281,0.00019,0.06159,0.0404,incidenceRate,1,28441
"Marion County, Georgia",Sur,159.3,170.061,-10.7606,-0.58518,-0.58512,0.0123,0.00021,-0.0653,0.04011,BirthRate,1,8761
"Meriwether County, Georgia",Sur,173.9,198.32,-24.4198,-1.32194,-1.32211,0.00321,0.00028,-0.07507,0.03472,PctHS18_24,1,21190
"Miller County, Georgia",Sur,200.8,203.655,-2.855,-0.15462,-0.15459,0.00406,0,-0.00987,0.00569,PctUnemployed16_Over,1,5854
"Mitchell County, Georgia",Sur,179.7,215.914,-36.2139,-1.96021,-1.96119,0.00302,0.00058,-0.10794,0.05465,PctUnemployed16_Over,1,22574
"Monroe County, Georgia",Sur,139.2,185.276,-46.0762,-2.49274,-2.49505,0.00198,0.00062,-0.11116,0.06061,const,1,27103
"Montgomery County, Georgia",Sur,163.1,191.912,-28.8118,-1.56004,-1.56044,0.00366,0.00045,-0.09459,0.05332,PctHS18_24,1,8951
"Morgan County, Georgia",Sur,172.3,184.847,-12.5466,-0.67908,-0.67901,0.00288,7e-05,-0.03649,0.01918,AvgHouseholdSize,1,18046
"Murray County, Georgia",Sur,204,196.081,7.9193,0.42868,0.42862,0.00311,3e-05,0.02392,0.01605,PctBachDeg25_Over,1,39565
"Muscogee County, Georgia",Sur,190,194.565,-4.56524,-0.2471,-0.24706,0.00298,1e-05,-0.0135,0.00577,const,1,200579
"Newton County, Georgia",Sur,182.4,190.151,-7.75081,-0.41947,-0.41941,0.0027,2e-05,-0.02184,0.01116,AvgHouseholdSize,1,105473
"Oconee County, Georgia",Sur,140.8,159.088,-18.2883,-0.99184,-0.99183,0.00687,0.00034,-0.08249,0.03834,AvgHouseholdSize,1,35965
"Oglethorpe County, Georgia",Sur,150.6,187.365,-36.7646,-1.98961,-1.99065,0.00261,0.00052,-0.10191,0.07071,PctUnemployed16_Over,1,14871
"Paulding County, Georgia",Sur,173.2,186.467,-13.2672,-0.71848,-0.71842,0.00399,0.0001,-0.04545,0.02157,AvgHouseholdSize,1,152238
"Peach County, Georgia",Sur,222.3,191.206,31.0938,1.68405,1.6846,0.00419,0.0006,0.10924,0.04723,PctUnemployed16_Over,1,26720
"Pickens County, Georgia",Sur,176.4,187.608,-11.2083,-0.60673,-0.60666,0.00316,6e-05,-0.03415,0.01728,const,1,30309
"Pierce County, Georgia",Sur,219.8,198.285,21.5153,1.16406,1.16414,0.00212,0.00014,0.05363,0.0232,const,1,19103
"Pike County, Georgia",Sur,224.3,191.591,32.7091,1.7714,1.77207,0.00404,0.00064,0.11281,0.06082,PctPublicCoverageAlone,1,17941
"Pulaski County, Georgia",Sur,127.1,182.517,-55.4172,-3.00183,-3.0061,0.00447,0.00202,-0.20135,0.1243,incidenceRate,1,11396
"Putnam County, Georgia",Sur,186.9,183.59,3.30988,0.17908,0.17905,0.00211,0,0.00824,0.00562,const,1,21353
"Quitman County, Georgia",Sur,250,218.304,31.6959,1.7177,1.71829,0.00539,0.0008,0.12655,0.06042,BirthRate,1,2302
"Rabun County, Georgia",Sur,169,184.381,-15.3807,-0.83243,-0.83239,0.00278,0.0001,-0.04397,0.02937,const,1,16281
"Randolph County, Georgia",Sur,127,188.491,-61.4906,-3.33377,-3.33976,0.00623,0.00348,-0.26444,0.16626,BirthRate,1,7193
"Richmond County, Georgia",Sur,197.6,194.586,3.01433,0.16313,0.1631,0.00262,0,0.00836,0.00429,MedianAge,1,201793
"Rockdale County, Georgia",Sur,162.1,173.332,-11.2324,-0.60833,-0.60826,0.00411,8e-05,-0.03906,0.0221,PctUnemployed16_Over,1,88856
"Schley County, Georgia",Sur,151.3,172.47,-21.1697,-1.14625,-1.14631,0.00365,0.00024,-0.06941,0.03906,incidenceRate,1,5168
"Screven County, Georgia",Sur,214.9,201.504,13.3963,0.72501,0.72495,0.00272,7e-05,0.03785,0.0201,const,1,14162
"Seminole County, Georgia",Sur,180.1,191.194,-11.0937,-0.60098,-0.60091,0.00466,8e-05,-0.04111,0.02696,PctHS18_24,1,8647
"Spalding County, Georgia",Sur,196.2,205.424,-9.22396,-0.49907,-0.49901,0.00219,3e-05,-0.02339,0.01054,PctUnemployed16_Over,1,64051
"Stephens County, Georgia",Sur,213.1,194.325,18.7751,1.01621,1.01621,0.0029,0.00015,0.05479,0.03242,PctHS18_24,1,25586
"Stewart County, Georgia",Sur,228.8,205.833,22.9672,1.25098,1.2511,0.0154,0.00122,0.15649,0.13356,PctOtherRace,1,5851
"Sumter County, Georgia",Sur,181.7,204.443,-22.7434,-1.23185,-1.23196,0.00429,0.00033,-0.08082,0.03269,PctUnemployed16_Over,1,30779
"Adams County, Mississippi",Sur,212.3,203.659,8.64148,0.4677,0.46764,0.00281,3e-05,0.02483,0.01347,PctPublicCoverageAlone,1,31254
"Alcorn County, Mississippi",Sur,187.8,193.105,-5.30517,-0.28689,-0.28685,0.00115,0,-0.00975,0.00655,const,1,37388
"Amite County, Mississippi",Sur,171.8,198.953,-27.153,-1.47036,-1.47066,0.00385,0.00042,-0.09138,0.0383,BirthRate,1,12574
"Attala County, Mississippi",Sur,200.3,191.354,8.94598,0.48418,0.48411,0.00279,3e-05,0.0256,0.01227,PctHS25_Over,1,19043
"Benton County, Mississippi",Sur,208.7,182.672,26.0276,1.41849,1.41875,0.01655,0.00169,0.18406,0.11307,PctUnemployed16_Over,1,8182
"Bolivar County, Mississippi",Sur,241.9,202.125,39.7753,2.15731,2.15871,0.00703,0.00165,0.18158,0.08592,PctUnemployed16_Over:region[Medio Oeste],1,33322
"Calhoun County, Mississippi",Sur,228.6,211.86,16.74,0.9065,0.90647,0.00388,0.00016,0.05656,0.03624,PctBachDeg25_Over,1,14717
"Carroll County, Mississippi",Sur,191.7,187.069,4.63104,0.2508,0.25076,0.00405,1e-05,0.01599,0.0084,AvgHouseholdSize,1,10243
"Chickasaw County, Mississippi",Sur,198.9,211.835,-12.9352,-0.70017,-0.70011,0.00304,7e-05,-0.03866,0.01629,incidenceRate,1,17328
"Choctaw County, Mississippi",Sur,151.2,176.096,-24.896,-1.35008,-1.35027,0.0067,0.00061,-0.11088,0.05866,incidenceRate,1,8299
"Claiborne County, Mississippi",Sur,175.9,207.893,-31.9934,-1.7369,-1.73753,0.00892,0.00136,-0.16483,0.08109,PctUnemployed16_Over:region[Medio Oeste],1,9150
"Clarke County, Mississippi",Sur,191.4,197.817,-6.41692,-0.34714,-0.34709,0.00188,1e-05,-0.01506,0.00706,const,1,16006
"Clay County, Mississippi",Sur,187.5,192.222,-4.72169,-0.25591,-0.25587,0.00564,2e-05,-0.01927,0.014,PctUnemployed16_Over,1,20048
"Coahoma County, Mississippi",Sur,266.7,205.571,61.1295,3.32481,3.33076,0.01257,0.00704,0.37581,0.25605,PctUnemployed16_Over,1,24620
"Copiah County, Mississippi",Sur,194.9,208.242,-13.3421,-0.72262,-0.72256,0.00422,0.00011,-0.04706,0.02249,PctUnemployed16_Over:region[Medio Oeste],1,28773
"Covington County, Mississippi",Sur,205.1,203.563,1.53707,0.08319,0.08317,0.00272,0,0.00434,0.00201,PctUnemployed16_Over,1,19543
"DeSoto County, Mississippi",Sur,193.9,169.596,24.304,1.31527,1.31544,0.00261,0.00023,0.06727,0.03847,const,1,173323
"Forrest County, Mississippi",Sur,209.2,202.457,6.74327,0.36537,0.36532,0.00504,3e-05,0.026,0.01133,PctUnemployed16_Over,1,75944
"Jackson County, Kentucky",Sur,261,234.346,26.6545,1.44441,1.44469,0.00529,0.00056,0.10538,0.04911,incidenceRate,1,13352
"Jefferson County, Kentucky",Sur,191.1,192.35,-1.25038,-0.06768,-0.06767,0.00309,0,-0.00377,0.00225,const,1,763623
"Jessamine County, Kentucky",Sur,186.9,190.314,-3.4136,-0.18467,-0.18464,0.00192,0,-0.0081,0.00508,const,1,51961
"Johnson County, Kentucky",Sur,246.4,218.487,27.9127,1.51252,1.51287,0.0052,0.0006,0.10935,0.06376,PctPublicCoverageAlone,1,23175
"Kenton County, Kentucky",Sur,195.8,183.558,12.2422,0.66254,0.66248,0.0027,6e-05,0.03445,0.02378,const,1,165012
"Knott County, Kentucky",Sur,216.8,206.611,10.1892,0.55218,0.55211,0.00538,8e-05,0.04061,0.01825,PctHS18_24,1,15693
"Knox County, Kentucky",Sur,224.6,241.232,-16.6319,-0.90217,-0.90214,0.00725,0.0003,-0.07708,0.0409,PctPublicCoverageAlone,1,31730
"Larue County, Kentucky",Sur,192.6,214.434,-21.8343,-1.18147,-1.18155,0.00237,0.00017,-0.05759,0.02071,incidenceRate,1,14241
"Laurel County, Kentucky",Sur,216.7,221.369,-4.66909,-0.2527,-0.25266,0.00278,1e-05,-0.01334,0.00567,incidenceRate,1,60094
"Lawrence County, Kentucky",Sur,269.2,217.269,51.9309,2.81163,2.81508,0.00351,0.00139,0.16704,0.08605,PctUnemployed16_Over,1,15745
"Lee County, Kentucky",Sur,275.9,235.708,40.1922,2.17955,2.181,0.00668,0.0016,0.1789,0.084,PctPublicCoverageAlone,1,6752
"Leslie County, Kentucky",Sur,262.7,232.798,29.9016,1.62379,1.62426,0.00947,0.00126,0.15885,0.07121,PctHS25_Over,1,10711
"Letcher County, Kentucky",Sur,226.5,221.432,5.06839,0.27457,0.27453,0.00469,2e-05,0.01884,0.0103,PctPublicCoverageAlone,1,23123
"Lewis County, Kentucky",Sur,239.3,216.699,22.6011,1.22382,1.22393,0.00377,0.00028,0.07526,0.03799,PctUnemployed16_Over,1,13682
"Lincoln County, Kentucky",Sur,199.1,219.587,-20.4867,-1.10895,-1.109,0.00309,0.00019,-0.06172,0.02348,BirthRate,1,24463
"Livingston County, Kentucky",Sur,211.7,224.511,-12.811,-0.69497,-0.6949,0.00739,0.00018,-0.05996,0.03072,incidenceRate,1,9316
"Logan County, Kentucky",Sur,206.8,215.121,-8.32065,-0.4503,-0.45024,0.00265,3e-05,-0.02322,0.01262,incidenceRate,1,26910
"Lyon County, Kentucky",Sur,202,198.687,3.31251,0.17955,0.17952,0.00581,1e-05,0.01372,0.0086,PctHS18_24,1,8306
"McCracken County, Kentucky",Sur,168.9,192.746,-23.8463,-1.29037,-1.29052,0.00241,0.0002,-0.06347,0.03924,const,1,65018
"McCreary County, Kentucky",Sur,265.8,244.042,21.7578,1.18282,1.1829,0.01159,0.00082,0.12811,0.06056,PctUnemployed16_Over:region[Medio Oeste],1,17878
"McLean County, Kentucky",Sur,215.1,212.47,2.6303,0.1424,0.14237,0.00332,0,0.00821,0.00481,PctBachDeg25_Over,1,9512
"Madison County, Kentucky",Sur,205,196.572,8.42827,0.45625,0.45619,0.00322,3e-05,0.02591,0.01426,const,1,87824
"Magoffin County, Kentucky",Sur,221.5,234.022,-12.5216,-0.67881,-0.67875,0.00606,0.00014,-0.05301,0.02484,PctPublicCoverageAlone,1,12808
"Marion County, Kentucky",Sur,193.4,211.795,-18.3948,-0.99576,-0.99576,0.00318,0.00016,-0.05625,0.02458,const,1,19365
"Marshall County, Kentucky",Sur,185.3,201.171,-15.8705,-0.85863,-0.85859,0.00205,8e-05,-0.03893,0.02325,const,1,31101
"Martin County, Kentucky",Sur,270.4,242.49,27.9095,1.5179,1.51825,0.01245,0.00145,0.17049,0.09755,PctUnemployed16_Over,1,12307
"Mason County, Kentucky",Sur,248.1,216.999,31.101,1.68564,1.68619,0.00561,0.0008,0.1266,0.08276,incidenceRate,1,17099
"Meade County, Kentucky",Sur,225.1,211.673,13.4272,0.72727,0.72721,0.00431,0.00011,0.04783,0.02577,PctPublicCoverageAlone,1,27924
"Menifee County, Kentucky",Sur,229.5,227.578,1.92175,0.10411,0.1041,0.0048,0,0.00723,0.00304,PctUnemployed16_Over,1,6358
"Mercer County, Kentucky",Sur,206.3,210.611,-4.3114,-0.23336,-0.23332,0.0029,1e-05,-0.01259,0.00579,incidenceRate,1,21407
"Metcalfe County, Kentucky",Sur,218,204.668,13.3323,0.72319,0.72313,0.00724,0.00019,0.06174,0.04642,BirthRate,1,9909
"Monroe County, Kentucky",Sur,227.9,217.772,10.1284,0.54825,0.54818,0.00306,5e-05,0.03039,0.01733,PctPublicCoverageAlone,1,10667
"Montgomery County, Kentucky",Sur,205.9,208.041,-2.14145,-0.11583,-0.11581,0.00157,0,-0.00459,0.00253,const,1,27608
"Morgan County, Kentucky",Sur,242.8,217.676,25.1239,1.36091,1.36112,0.00447,0.00042,0.09124,0.05691,PctPublicCoverageAlone,1,13275
"Muhlenberg County, Kentucky",Sur,207.1,205.574,1.52572,0.08256,0.08255,0.00246,0,0.0041,0.00263,PctBachDeg25_Over,1,31183
"Nelson County, Kentucky",Sur,185.4,215.799,-30.3988,-1.64598,-1.64648,0.00367,0.0005,-0.09992,0.05258,incidenceRate,1,45126
"Nicholas County, Kentucky",Sur,267.6,221.954,45.6461,2.47175,2.474,0.00383,0.00117,0.15335,0.08781,incidenceRate,1,7131
"Ohio County, Kentucky",Sur,222.1,220.065,2.03461,0.11019,0.11017,0.00406,0,0.00704,0.0032,incidenceRate,1,24216
"Oldham County, Kentucky",Sur,163.6,166.149,-2.54862,-0.13836,-0.13833,0.00882,1e-05,-0.01305,0.00685,AvgHouseholdSize,1,64875
"Owen County, Kentucky",Sur,159.8,212.522,-52.7225,-2.85534,-2.85897,0.00411,0.00168,-0.18358,0.08804,PctHS18_24,1,10730
"Owsley County, Kentucky",Sur,263.1,217.346,45.7536,2.48586,2.48815,0.01045,0.00326,0.25575,0.22568,PctPublicCoverageAlone,1,4461
"Pendleton County, Kentucky",Sur,188.1,207.457,-19.3569,-1.04829,-1.0483,0.00402,0.00022,-0.0666,0.02937,PctHS25_Over,1,14408
"Perry County, Kentucky",Sur,280.8,229.566,51.2343,2.77716,2.78047,0.00583,0.00226,0.21301,0.11469,incidenceRate,1,27565
"Pike County, Kentucky",Sur,238.4,219.119,19.2807,1.04374,1.04375,0.00321,0.00018,0.05928,0.02274,PctPublicCoverageAlone,1,61792
"Powell County, Kentucky",Sur,292.5,241.112,51.388,2.78719,2.79055,0.00705,0.00276,0.23512,0.17645,incidenceRate,1,12269
"Pulaski County, Kentucky",Sur,219.5,209.852,9.64799,0.52209,0.52202,0.00247,3e-05,0.02595,0.01407,const,1,63782
"Robertson County, Kentucky",Sur,274,220.781,53.2185,2.89,2.89377,0.00947,0.00399,0.2829,0.16201,PctPublicCoverageAlone,1,2138
"Rockcastle County, Kentucky",Sur,228.1,221.037,7.06332,0.38239,0.38234,0.00337,2e-05,0.02223,0.00882,incidenceRate,1,16942
"Rowan County, Kentucky",Sur,235.2,207.141,28.0587,1.5215,1.52186,0.00659,0.00077,0.12391,0.05674,PctHS18_24,1,23892
"Russell County, Kentucky",Sur,214.9,205.743,9.15652,0.49546,0.49539,0.00234,3e-05,0.02397,0.01119,PctBachDeg25_Over,1,17662
"Scott County, Kentucky",Sur,179.6,186.545,-6.94485,-0.37581,-0.37575,0.00247,2e-05,-0.01871,0.01238,const,1,52420
"Shelby County, Kentucky",Sur,155.7,183.661,-27.9606,-1.51283,-1.51317,0.00218,0.00025,-0.07078,0.0461,const,1,45632
"Simpson County, Kentucky",Sur,225.7,214.64,11.0604,0.59886,0.59879,0.00361,6e-05,0.03605,0.02402,incidenceRate,1,18006
"Spencer County, Kentucky",Sur,180.9,192.793,-11.8927,-0.64397,-0.64391,0.00375,8e-05,-0.03952,0.02115,incidenceRate,1,17894
"Taylor County, Kentucky",Sur,205,217.428,-12.428,-0.67245,-0.67239,0.00227,5e-05,-0.03207,0.01317,incidenceRate,1,25420
"Todd County, Kentucky",Sur,183.7,201.149,-17.4494,-0.94419,-0.94417,0.00234,0.0001,-0.04571,0.01729,const,1,12531
"Trigg County, Kentucky",Sur,214.9,187.074,27.8262,1.50752,1.50786,0.00478,0.00055,0.10445,0.07281,PctBachDeg25_Over,1,14233
"Trimble County, Kentucky",Sur,228.4,217.584,10.8159,0.58681,0.58674,0.00762,0.00013,0.05142,0.03289,PctUnemployed16_Over,1,8769
"Union County, Kentucky",Sur,195.5,206.103,-10.6032,-0.57415,-0.57409,0.00378,6e-05,-0.03538,0.01982,PctBachDeg25_Over,1,15050
"Warren County, Kentucky",Sur,192.7,189.047,3.65333,0.19778,0.19774,0.0033,1e-05,0.01139,0.007,MedianAge,1,122851
"Washington County, Kentucky",Sur,180.2,190.815,-10.6152,-0.57505,-0.57498,0.00465,8e-05,-0.03928,0.02211,PctBachDeg25_Over,1,12063
"Wayne County, Kentucky",Sur,202.2,211.416,-9.21573,-0.49895,-0.49889,0.00349,4e-05,-0.02954,0.01578,PctBachDeg25_Over,1,20464
"Webster County, Kentucky",Sur,213.7,210.462,3.23784,0.17532,0.17529,0.00368,1e-05,0.01066,0.00678,PctBachDeg25_Over,1,13170
"Whitley County, Kentucky",Sur,240.1,223.281,16.8193,0.91125,0.91122,0.00487,0.0002,0.06375,0.04374,PctPublicCoverageAlone,1,36129
"Wolfe County, Kentucky",Sur,259.5,241.757,17.7434,0.96401,0.964,0.01043,0.00049,0.09895,0.06961,PctPublicCoverageAlone,1,7259
"Woodford County, Kentucky",Sur,182.8,174.953,7.84686,0.42492,0.42486,0.00388,4e-05,0.02653,0.01696,const,1,25793
"Acadia Parish, Louisiana",Sur,230.5,206.366,24.1338,1.30571,1.30587,0.00207,0.00018,0.05954,0.02466,const,1,62577
"Allen Parish, Louisiana",Sur,201.6,202.203,-0.60255,-0.0326,-0.03259,0.00215,0,-0.00151,0.00066,const,1,25683
"Ascension Parish, Louisiana",Sur,170,182.679,-12.6791,-0.68676,-0.6867,0.00437,0.0001,-0.04547,0.03008,PctBachDeg25_Over,1,119455
"Assumption Parish, Louisiana",Sur,188.9,197.564,-8.66415,-0.46863,-0.46856,0.00154,2e-05,-0.01837,0.0091,PctBachDeg25_Over,1,22842
"Avoyelles Parish, Louisiana",Sur,228,212.742,15.2582,0.82561,0.82556,0.00231,8e-05,0.03971,0.01906,PctBachDeg25_Over,1,41103
"Beauregard Parish, Louisiana",Sur,198.3,197.122,1.17846,0.0638,0.06379,0.00351,0,0.00378,0.0018,PctUnemployed16_Over,1,36462
"Clay County, Georgia",Sur,153.9,207.114,-53.2141,-2.90103,-2.90485,0.01715,0.00734,-0.38369,0.2667,BirthRate,1,3141
"Clayton County, Georgia",Sur,165.3,191.855,-26.5545,-1.43817,-1.43844,0.00414,0.00043,-0.09276,0.06098,PctUnemployed16_Over,1,273955
"Clinch County, Georgia",Sur,190,197.334,-7.33436,-0.39758,-0.39752,0.00594,5e-05,-0.03072,0.02285,BirthRate,1,6893
"Cobb County, Georgia",Sur,151.9,158.598,-6.69834,-0.36406,-0.364,0.01114,7e-05,-0.03864,0.02995,PctBachDeg25_Over,1,741334
"Coffee County, Georgia",Sur,189.2,193.353,-4.15318,-0.22472,-0.22468,0.00227,1e-05,-0.01072,0.00491,MedianAge,1,43108
"Colquitt County, Georgia",Sur,184,196.772,-12.7717,-0.69114,-0.69108,0.00253,6e-05,-0.03477,0.01216,PctUnemployed16_Over,1,45844
"Columbia County, Georgia",Sur,156.9,153.888,3.01207,0.16326,0.16323,0.00569,1e-05,0.01235,0.00529,const,1,144052
"Cook County, Georgia",Sur,183.4,203.746,-20.3462,-1.10144,-1.10148,0.00326,0.0002,-0.06298,0.03876,PctUnemployed16_Over,1,17124
"Coweta County, Georgia",Sur,169.3,174.039,-4.7392,-0.25648,-0.25643,0.00264,1e-05,-0.0132,0.00913,const,1,138427
"Crawford County, Georgia",Sur,197.9,192.989,4.91077,0.2661,0.26606,0.00521,2e-05,0.01925,0.01105,PctHS18_24,1,12388
"Crisp County, Georgia",Sur,164.9,193.789,-28.8893,-1.56482,-1.56522,0.00439,0.00054,-0.10399,0.06642,PctUnemployed16_Over,1,22881
"Dade County, Georgia",Sur,238.2,182.657,55.5434,3.00625,3.01055,0.00287,0.0013,0.16145,0.08313,PctBachDeg25_Over,1,16264
"Dawson County, Georgia",Sur,179,169.764,9.23637,0.50052,0.50046,0.00529,7e-05,0.0365,0.02017,const,1,23312
"Decatur County, Georgia",Sur,198.3,189.372,8.92792,0.48342,0.48335,0.00369,4e-05,0.02941,0.01676,PctUnemployed16_Over,1,27174
"DeKalb County, Georgia",Sur,157.4,171.279,-13.8793,-0.75307,-0.75301,0.0078,0.00022,-0.06677,0.04556,PctBachDeg25_Over,1,734871
"Dodge County, Georgia",Sur,190.6,199.312,-8.71162,-0.47134,-0.47128,0.00216,2e-05,-0.02194,0.01293,AvgHouseholdSize,1,20882
"Dooly County, Georgia",Sur,124.3,180.887,-56.5865,-3.06789,-3.07248,0.00623,0.00295,-0.24336,0.14529,incidenceRate,1,14035
"Dougherty County, Georgia",Sur,194.2,208.541,-14.3412,-0.77815,-0.77809,0.00783,0.00024,-0.06914,0.05237,PctUnemployed16_Over,1,91332
"Douglas County, Georgia",Sur,175.3,178.293,-2.99336,-0.16202,-0.16199,0.00291,0,-0.00875,0.00449,const,1,140733
"Early County, Georgia",Sur,200.4,201.231,-0.83114,-0.04497,-0.04496,0.00233,0,-0.00217,0.00129,PctHS18_24,1,10575
"Echols County, Georgia",Sur,126.4,209.826,-83.426,-4.52648,-4.54221,0.00775,0.00801,-0.40152,0.21461,PctOtherRace,1,4040
"Effingham County, Georgia",Sur,201.7,190.094,11.6058,0.62851,0.62844,0.00398,8e-05,0.03973,0.01724,AvgHouseholdSize,1,57106
"Elbert County, Georgia",Sur,176.8,202.799,-25.9992,-1.40826,-1.40851,0.00439,0.00044,-0.09348,0.05737,PctHS18_24,1,19364
"Emanuel County, Georgia",Sur,205,202.944,2.05604,0.11131,0.11129,0.00337,0,0.00647,0.00297,BirthRate,1,22708
"Evans County, Georgia",Sur,194.4,192.933,1.46696,0.07948,0.07947,0.00496,0,0.00561,0.00401,PctOtherRace,1,10787
"Fannin County, Georgia",Sur,182.8,190.729,-7.92916,-0.42944,-0.42938,0.00417,4e-05,-0.02777,0.0196,MedianAge,1,24303
"Fayette County, Georgia",Sur,140.8,149.819,-9.01941,-0.49051,-0.49045,0.01237,0.00015,-0.05489,0.03772,PctBachDeg25_Over,1,110714
"Walton County, Florida",Sur,165.7,169.416,-3.71647,-0.20116,-0.20112,0.00292,1e-05,-0.01088,0.00681,const,1,63508
"Lamar County, Alabama",Sur,202.2,204.622,-2.42235,-0.13116,-0.13113,0.00359,0,-0.00787,0.00434,PctBachDeg25_Over,1,13886
"Washington County, Florida",Sur,209.1,184.291,24.8087,1.34291,1.3431,0.00309,0.00028,0.07475,0.0485,incidenceRate,1,24687
"Appling County, Georgia",Sur,174,190.823,-16.8232,-0.91067,-0.91064,0.00313,0.00013,-0.05106,0.02184,incidenceRate,1,18454
"Atkinson County, Georgia",Sur,213.5,178.654,34.8459,1.89204,1.89291,0.00921,0.00166,0.18254,0.103,PctOtherRace,1,8398
"Bacon County, Georgia",Sur,192,182.11,9.88975,0.53617,0.5361,0.00618,9e-05,0.04228,0.02803,PctUnemployed16_Over,1,11299
"Baker County, Georgia",Sur,127.6,211.557,-83.9569,-4.54813,-4.56409,0.00463,0.00481,-0.31121,0.18096,PctBachDeg25_Over,1,3180
"Baldwin County, Georgia",Sur,186.1,191.576,-5.47615,-0.29659,-0.29654,0.0042,2e-05,-0.01926,0.00955,PctHS18_24,1,45459
"Banks County, Georgia",Sur,138.7,191.839,-53.1393,-2.87712,-2.88084,0.00356,0.00148,-0.17209,0.06571,PctPublicCoverageAlone,1,18495
"Barrow County, Georgia",Sur,192,186.708,5.29173,0.28639,0.28634,0.0027,1e-05,0.01491,0.00938,AvgHouseholdSize,1,75370
"Ben Hill County, Georgia",Sur,218.3,206.335,11.9655,0.64738,0.64732,0.00213,4e-05,0.0299,0.01227,const,1,17403
"Lauderdale County, Alabama",Sur,194.4,183.277,11.1227,0.60187,0.6018,0.00242,4e-05,0.02964,0.02027,const,1,92596
"Berrien County, Georgia",Sur,180.7,193.73,-13.0303,-0.70546,-0.7054,0.00345,9e-05,-0.04152,0.02749,PctUnemployed16_Over,1,18963
"Bibb County, Georgia",Sur,199.3,198.503,0.79716,0.04315,0.04314,0.00283,0,0.0023,0.00115,PctUnemployed16_Over,1,153721
"Bleckley County, Georgia",Sur,162.6,181.955,-19.3548,-1.04861,-1.04863,0.00484,0.00027,-0.07316,0.03621,PctHS25_Over,1,12243
"Brantley County, Georgia",Sur,210.8,197.233,13.5669,0.73452,0.73446,0.00348,9e-05,0.04341,0.0149,PctBachDeg25_Over:region[Medio Oeste],1,18455
"Brooks County, Georgia",Sur,159.3,203.821,-44.5206,-2.41415,-2.41622,0.00658,0.00193,-0.19665,0.16888,PctUnemployed16_Over,1,15658
"Bryan County, Georgia",Sur,208.9,180.038,28.8616,1.56355,1.56395,0.00469,0.00058,0.10734,0.05889,PctBachDeg25_Over,1,35137
"Bulloch County, Georgia",Sur,184.2,176.535,7.66485,0.41586,0.41579,0.00766,7e-05,0.03653,0.02459,MedianAge,1,72651
"Burke County, Georgia",Sur,203.3,206.68,-3.37996,-0.18299,-0.18296,0.00339,1e-05,-0.01067,0.00536,PctUnemployed16_Over,1,22745
"Butts County, Georgia",Sur,240.6,206.379,34.2213,1.85256,1.85336,0.00325,0.00056,0.10591,0.05148,PctPublicCoverageAlone,1,23593
"Calhoun County, Georgia",Sur,162.8,214.469,-51.6688,-2.80175,-2.80516,0.00657,0.0026,-0.22819,0.16253,AvgHouseholdSize,1,6479
"Lawrence County, Alabama",Sur,193.3,202.177,-8.87724,-0.48032,-0.48026,0.00224,3e-05,-0.02277,0.01313,PctPublicCoverageAlone,1,33115
"Camden County, Georgia",Sur,173.3,183.899,-10.5987,-0.57406,-0.57399,0.00429,7e-05,-0.03768,0.02206,MedianAge,1,52102
"Candler County, Georgia",Sur,174.8,176.351,-1.5508,-0.08394,-0.08392,0.00292,0,-0.00454,0.00205,incidenceRate,1,10886
"Carroll County, Georgia",Sur,194.5,195.64,-1.13984,-0.0617,-0.06169,0.003,0,-0.00338,0.0017,PctUnemployed16_Over,1,114545
"Catoosa County, Georgia",Sur,161,171.378,-10.3783,-0.5616,-0.56153,0.00246,4e-05,-0.02786,0.01467,PctPublicCoverageAlone,1,66050
"Charlton County, Georgia",Sur,170.6,166.156,4.44442,0.24181,0.24177,0.01322,4e-05,0.02799,0.01604,AvgHouseholdSize,1,12965
"Chatham County, Georgia",Sur,168.8,176.483,-7.6835,-0.4161,-0.41604,0.00398,3e-05,-0.0263,0.01412,PctBachDeg25_Over,1,286956
"Chattahoochee County, Georgia",Sur,220.6,182.193,38.4072,2.09806,2.09933,0.02112,0.00475,0.3084,0.20383,PctUnemployed16_Over,1,11368
"Chattooga County, Georgia",Sur,203.9,207.229,-3.32906,-0.18013,-0.1801,0.00229,0,-0.00862,0.00496,PctBachDeg25_Over,1,24922
"Clarke County, Georgia",Sur,161.9,179.265,-17.3654,-0.94208,-0.94206,0.00751,0.00034,-0.08193,0.05316,MedianAge,1,123912
"Blount County, Alabama",Sur,175.4,181.957,-6.55739,-0.35497,-0.35491,0.00316,2e-05,-0.01999,0.01375,PctBachDeg25_Over,1,57673
"Lee County, Alabama",Sur,192,165.728,26.2722,1.42388,1.42414,0.00554,0.00056,0.10629,0.05751,MedianAge,1,156993
"Limestone County, Alabama",Sur,159.7,177.472,-17.7716,-0.96134,-0.96133,0.00175,8e-05,-0.0403,0.03146,const,1,91663
"Lowndes County, Alabama",Sur,211.9,209.468,2.43246,0.13163,0.13161,0.00248,0,0.00657,0.00348,PctUnemployed16_Over,1,10458
"Macon County, Alabama",Sur,214.8,196.935,17.8648,0.96985,0.96984,0.00888,0.00042,0.09179,0.06244,PctUnemployed16_Over,1,19105
"Madison County, Alabama",Sur,164.7,162.308,2.39207,0.12971,0.12969,0.00656,1e-05,0.01054,0.00611,PctBachDeg25_Over,1,353089
"Marengo County, Alabama",Sur,190.3,197.928,-7.62837,-0.41277,-0.41271,0.00235,2e-05,-0.02003,0.01184,PctHS25_Over,1,20028
"Marion County, Alabama",Sur,189.8,193.785,-3.98457,-0.21577,-0.21573,0.00384,1e-05,-0.0134,0.00989,PctBachDeg25_Over,1,30168
"Marshall County, Alabama",Sur,192.7,183.493,9.20691,0.49795,0.49789,0.0014,2e-05,0.01865,0.01051,const,1,94725
"Mobile County, Alabama",Sur,205.1,191.215,13.8853,0.75098,0.75092,0.00141,4e-05,0.02818,0.01994,const,1,415395
"Monroe County, Alabama",Sur,187,205.188,-18.1882,-0.98922,-0.98921,0.0125,0.00062,-0.11131,0.10093,PctUnemployed16_Over,1,21673
"Bullock County, Alabama",Sur,176.2,218.419,-42.2194,-2.29722,-2.29897,0.01337,0.00357,-0.2676,0.18041,PctHS18_24,1,10696
"Montgomery County, Alabama",Sur,189.8,179.579,10.2215,0.55353,0.55346,0.00393,6e-05,0.03478,0.01847,PctBachDeg25_Over,1,226519
"Morgan County, Alabama",Sur,184.9,186.209,-1.30903,-0.0708,-0.07079,0.00152,0,-0.00276,0.00179,const,1,119565
"Perry County, Alabama",Sur,230.7,226.339,4.361,0.23614,0.2361,0.00375,1e-05,0.01448,0.00773,incidenceRate,1,9652
"Pickens County, Alabama",Sur,178,195.249,-17.2487,-0.93387,-0.93384,0.00349,0.00015,-0.05526,0.0348,PctUnemployed16_Over,1,20864
"Pike County, Alabama",Sur,183.3,190.241,-6.94092,-0.3761,-0.37604,0.00511,4e-05,-0.02695,0.01573,MedianAge,1,33046
"Randolph County, Alabama",Sur,181.2,193.034,-11.8339,-0.64029,-0.64022,0.00219,4e-05,-0.02998,0.01981,PctHS18_24,1,22696
"Russell County, Alabama",Sur,212.3,200.652,11.6484,0.63034,0.63027,0.00249,5e-05,0.03146,0.01328,PctHS25_Over,1,59660
"St. Clair County, Alabama",Sur,183,186.449,-3.44906,-0.18659,-0.18656,0.00197,0,-0.00828,0.0047,PctBachDeg25_Over,1,87074
"Shelby County, Alabama",Sur,154.8,154.697,0.10272,0.00557,0.00557,0.00757,0,0.00049,0.00032,PctBachDeg25_Over,1,208713
"Sumter County, Alabama",Sur,216.2,196.903,19.2972,1.04805,1.04807,0.0097,0.00054,0.10373,0.06487,PctUnemployed16_Over,1,13103
"Talladega County, Alabama",Sur,197.4,200.403,-3.00312,-0.16254,-0.16251,0.00282,0,-0.00864,0.00574,PctUnemployed16_Over,1,80862
"Tallapoosa County, Alabama",Sur,200.5,190.691,9.80885,0.53044,0.53037,0.00115,2e-05,0.01798,0.01338,const,1,40844
"Tuscaloosa County, Alabama",Sur,179,183.302,-4.30214,-0.2329,-0.23286,0.00325,1e-05,-0.01331,0.0079,const,1,203976
"Walker County, Alabama",Sur,231.3,201.704,29.5962,1.60243,1.60288,0.00356,0.00046,0.09579,0.06644,PctBachDeg25_Over,1,65294
"Washington County, Alabama",Sur,212.2,201.969,10.2313,0.55683,0.55676,0.01382,0.00022,0.0659,0.05839,PctUnemployed16_Over,1,16804
"Wilcox County, Alabama",Sur,221.7,219.695,2.00519,0.10905,0.10903,0.01241,1e-05,0.01222,0.00909,PctUnemployed16_Over,1,11059
"Winston County, Alabama",Sur,203.4,193.839,9.5609,0.51762,0.51755,0.0034,5e-05,0.03022,0.02326,PctBachDeg25_Over,1,23877
"Anchorage Municipality, Alaska",Oeste,167.5,156.589,10.9113,0.59138,0.59131,0.00558,0.0001,0.04431,0.01804,region[Oeste],1,298695
"Bethel Census Area, Alaska",Oeste,218.8,168.225,50.5752,2.78398,2.78732,0.03599,0.01447,0.53858,0.2681,PctUnemployed16_Over:region[Oeste],1,17946
"Calhoun County, Alabama",Sur,191.9,194.29,-2.39011,-0.12935,-0.12932,0.00259,0,-0.00659,0.00348,PctUnemployed16_Over,1,115620
"Dillingham Census Area, Alaska",Oeste,216.6,174.155,42.4452,2.31507,2.31686,0.0181,0.00494,0.31456,0.12637,AvgHouseholdSize,1,4997
"Fairbanks North Star Borough, Alaska",Oeste,177.2,151.696,25.5038,1.38328,1.38351,0.00705,0.00068,0.11661,0.05376,MedianAge,1,99631
"Haines Borough, Alaska",Oeste,126.3,152.464,-26.1639,-1.42829,-1.42855,0.0198,0.00206,-0.20306,0.14129,PctHS18_24,1,2534
"Juneau City and Borough, Alaska",Oeste,166.3,137.171,29.1288,1.5818,1.58223,0.00944,0.00119,0.15449,0.07438,PctBachDeg25_Over:region[Oeste],1,32756
"Kenai Peninsula Borough, Alaska",Oeste,168.1,164.589,3.51075,0.19018,0.19015,0.00461,1e-05,0.01294,0.00909,region[Oeste],1,58059
"Ketchikan Gateway Borough, Alaska",Oeste,205,172.893,32.1068,1.73938,1.74001,0.00473,0.00072,0.11991,0.08617,region[Oeste],1,13709
"Kodiak Island Borough, Alaska",Oeste,181.9,152.522,29.3781,1.59178,1.59222,0.00501,0.00064,0.11298,0.05836,region[Oeste],1,13889
"Matanuska-Susitna Borough, Alaska",Oeste,184.3,171.128,13.1719,0.71428,0.71422,0.00665,0.00017,0.05844,0.03581,region[Oeste],1,101095
"Nome Census Area, Alaska",Oeste,277.6,201.437,76.1631,4.17402,4.18623,0.02743,0.02457,0.70308,0.40287,PctUnemployed16_Over:region[Oeste],1,9846
"North Slope Borough, Alaska",Oeste,256.9,175.57,81.3301,4.42422,4.43886,0.01288,0.01277,0.5071,0.25282,region[Oeste],1,9687
"Chambers County, Alabama",Sur,208.5,210.708,-2.20797,-0.11946,-0.11944,0.00214,0,-0.00554,0.00274,PctBachDeg25_Over,1,34123
"Northwest Arctic Borough, Alaska",Oeste,199.3,172.698,26.6018,1.48016,1.48048,0.0565,0.00656,0.36229,0.22992,PctUnemployed16_Over:region[Oeste],1,7752
"Sitka City and Borough, Alaska",Oeste,150.1,130.546,19.5539,1.06329,1.06331,0.01212,0.00069,0.11776,0.05291,PctUnemployed16_Over:region[Oeste],1,8863
"Southeast Fairbanks Census Area, Alaska",Oeste,184.3,155.983,28.3171,1.53537,1.53574,0.00641,0.00076,0.12331,0.07369,region[Oeste],1,6839
"Valdez-Cordova Census Area, Alaska",Oeste,191.4,144.305,47.0952,2.55913,2.56165,0.01075,0.00356,0.26704,0.11935,PctPublicCoverageAlone,1,9362
"Yukon-Koyukuk Census Area, Alaska",Oeste,206.6,194.365,12.235,0.67072,0.67065,0.02799,0.00065,0.1138,0.07718,PctUnemployed16_Over:region[Oeste],1,5533
"Apache County, Arizona",Oeste,142.1,152.358,-10.2582,-0.56398,-0.56391,0.03359,0.00055,-0.10514,0.05486,PctUnemployed16_Over:region[Oeste],1,71474
"Cochise County, Arizona",Oeste,154.6,146.708,7.89185,0.42774,0.42768,0.00564,5e-05,0.03222,0.01515,region[Oeste],1,126427
"Coconino County, Arizona",Oeste,119.8,141.27,-21.4698,-1.16415,-1.16422,0.00648,0.00044,-0.09404,0.04671,MedianAge,1,139097
"Gila County, Arizona",Oeste,163.3,155.406,7.89367,0.42883,0.42877,0.01024,0.0001,0.04362,0.01797,PctUnemployed16_Over:region[Oeste],1,53159
"Graham County, Arizona",Oeste,174,169.671,4.32875,0.23542,0.23538,0.01241,3e-05,0.02638,0.01335,PctUnemployed16_Over:region[Oeste],1,37666
"Cherokee County, Alabama",Sur,191.2,190.351,0.8489,0.04595,0.04594,0.00293,0,0.00249,0.00169,PctBachDeg25_Over,1,25859
"Greenlee County, Arizona",Oeste,161.2,156.691,4.50876,0.24506,0.24502,0.01118,3e-05,0.02606,0.01613,region[Oeste],1,9529
"La Paz County, Arizona",Oeste,126.1,157.985,-31.8849,-1.73632,-1.73694,0.01497,0.00229,-0.21413,0.10462,PctBachDeg25_Over:region[Oeste],1,20152
"Maricopa County, Arizona",Oeste,146.6,148.345,-1.74474,-0.09448,-0.09447,0.00392,0,-0.00592,0.00237,region[Oeste],1,4.16795e+06
"Mohave County, Arizona",Oeste,196.6,180.133,16.467,0.89493,0.89489,0.01101,0.00045,0.09443,0.05028,region[Oeste],1,204737
"Navajo County, Arizona",Oeste,146.8,161.076,-14.276,-0.78392,-0.78387,0.03127,0.00099,-0.14083,0.10169,PctUnemployed16_Over:region[Oeste],1,108277
"Pima County, Arizona",Oeste,155.5,147.831,7.66902,0.41561,0.41554,0.00538,5e-05,0.03057,0.01121,AvgHouseholdSize,1,1.01002e+06
"Pinal County, Arizona",Oeste,133.5,147.238,-13.7378,-0.74451,-0.74445,0.00543,0.00015,-0.05502,0.03208,region[Oeste],1,406584
"Santa Cruz County, Arizona",Oeste,132.8,129.016,3.7844,0.20566,0.20563,0.01093,2e-05,0.02161,0.01213,PctOtherRace,1,46461
"Yavapai County, Arizona",Oeste,156.6,149.322,7.27781,0.39455,0.39449,0.00611,5e-05,0.03092,0.01415,MedianAge,1,222255
"Yuma County, Arizona",Oeste,126.8,149.484,-22.6836,-1.23408,-1.23419,0.01309,0.00101,-0.14212,0.06124,PctOtherRace,1,204275
"Greenwood County, South Carolina",Sur,182.4,189.227,-6.82701,-0.36958,-0.36952,0.00323,2e-05,-0.02105,0.01291,PctUnemployed16_Over,1,69838
"Hampton County, South Carolina",Sur,205.4,201.099,4.30052,0.2327,0.23266,0.0023,1e-05,0.01117,0.00411,PctPublicCoverageAlone,1,20049
"Horry County, South Carolina",Sur,178.6,185.255,-6.65505,-0.35997,-0.35992,0.0016,1e-05,-0.01439,0.01138,const,1,309199
"Jasper County, South Carolina",Sur,179.1,186.77,-7.6701,-0.41508,-0.41501,0.00256,2e-05,-0.02103,0.00874,PctUnemployed16_Over,1,27824
"Kershaw County, South Carolina",Sur,219.4,189.692,29.7082,1.60675,1.6072,0.00139,0.00018,0.06002,0.04122,const,1,63603
"Lancaster County, South Carolina",Sur,167.3,178.792,-11.4919,-0.62164,-0.62157,0.00173,3e-05,-0.02591,0.0161,const,1,85842
"Laurens County, South Carolina",Sur,202.6,197.512,5.08763,0.2752,0.27516,0.00168,1e-05,0.0113,0.00534,const,1,66623
"Lee County, South Carolina",Sur,247.3,211.746,35.5537,1.92489,1.92581,0.00345,0.00064,0.11338,0.08018,PctUnemployed16_Over,1,17896
"Lexington County, South Carolina",Sur,166.8,170.672,-3.87164,-0.20951,-0.20947,0.00246,1e-05,-0.01041,0.0071,const,1,281833
"McCormick County, South Carolina",Sur,159.8,184.099,-24.2987,-1.31773,-1.3179,0.00677,0.00059,-0.10881,0.06031,PctUnemployed16_Over,1,9706
"Marion County, South Carolina",Sur,193.6,201.94,-8.33998,-0.45187,-0.4518,0.00495,5e-05,-0.03185,0.01589,PctBachDeg25_Over,1,31747
"Marlboro County, South Carolina",Sur,231.1,216.686,14.414,0.78065,0.78059,0.00414,0.00013,0.05033,0.03075,PctUnemployed16_Over,1,27494
"Newberry County, South Carolina",Sur,185.1,182.301,2.79907,0.1514,0.15138,0.00161,0,0.00609,0.00361,const,1,38012
"Oconee County, South Carolina",Sur,172.9,186.883,-13.9826,-0.7565,-0.75645,0.00208,6e-05,-0.03453,0.02101,const,1,75713
"Orangeburg County, South Carolina",Sur,194.1,195.818,-1.71811,-0.09296,-0.09294,0.00219,0,-0.00435,0.00233,PctUnemployed16_Over,1,89208
"Pickens County, South Carolina",Sur,165.3,187.574,-22.2737,-1.20574,-1.20584,0.00318,0.00023,-0.06813,0.04244,PctHS18_24,1,121691
"Richland County, South Carolina",Sur,184.8,175.018,9.78202,0.53016,0.53009,0.00556,8e-05,0.03963,0.02069,PctBachDeg25_Over:region[Medio Oeste],1,407051
"Saluda County, South Carolina",Sur,160.1,174.119,-14.0185,-0.75938,-0.75933,0.00454,0.00013,-0.05128,0.03458,PctOtherRace,1,20053
"Spartanburg County, South Carolina",Sur,181.6,184.622,-3.02242,-0.16345,-0.16342,0.00118,0,-0.00563,0.00433,const,1,297302
"Sumter County, South Carolina",Sur,185.2,196.111,-10.9109,-0.59044,-0.59038,0.00253,4e-05,-0.02973,0.01317,PctUnemployed16_Over,1,107480
"Union County, South Carolina",Sur,207.1,200.523,6.57669,0.3559,0.35585,0.00254,2e-05,0.01797,0.00735,PctHS18_24,1,27777
"Williamsburg County, South Carolina",Sur,224.8,196.29,28.5104,1.5425,1.54288,0.00208,0.00025,0.07042,0.0264,BirthRate,1,32535
"York County, South Carolina",Sur,185.8,171.646,14.1537,0.76615,0.7661,0.00311,9e-05,0.04276,0.02715,const,1,251195
"Aurora County, South Dakota",Medio Oeste,158.3,165.744,-7.44361,-0.4037,-0.40364,0.0069,6e-05,-0.03366,0.01634,BirthRate,1,2733
"Beadle County, South Dakota",Medio Oeste,161.7,165.961,-4.26149,-0.23078,-0.23074,0.00398,1e-05,-0.01458,0.00702,PctUnemployed16_Over:region[Medio Oeste],1,18372
"Bennett County, South Dakota",Medio Oeste,170,191.945,-21.9448,-1.19755,-1.19765,0.01913,0.0014,-0.16724,0.07812,PctPublicCoverageAlone,1,3423
"Bon Homme County, South Dakota",Medio Oeste,145,154.559,-9.55928,-0.51926,-0.51919,0.01004,0.00014,-0.05228,0.02426,PctUnemployed16_Over:region[Medio Oeste],1,6985
"Brookings County, South Dakota",Medio Oeste,162.6,151.554,11.0456,0.60208,0.60201,0.01689,0.00031,0.0789,0.04524,PctBachDeg25_Over:region[Medio Oeste],1,33897
"Brown County, South Dakota",Medio Oeste,154.6,153.984,0.61626,0.03341,0.03341,0.00632,0,0.00266,0.00106,PctBachDeg25_Over:region[Medio Oeste],1,38785
"Brule County, South Dakota",Medio Oeste,174.9,161.276,13.6237,0.73776,0.7377,0.00391,0.00011,0.04623,0.02148,PctUnemployed16_Over:region[Medio Oeste],1,5281
"Butte County, South Dakota",Medio Oeste,194.3,176.012,18.2884,0.99295,0.99294,0.00909,0.00045,0.09509,0.06491,PctHS18_24,1,10283
"Charles Mix County, South Dakota",Medio Oeste,181.9,180.892,1.00756,0.05456,0.05455,0.00377,0,0.00336,0.00162,PctPublicCoverageAlone,1,9383
"Clark County, South Dakota",Medio Oeste,138.4,162.219,-23.8194,-1.28936,-1.28951,0.00309,0.00026,-0.07178,0.03397,PctUnemployed16_Over:region[Medio Oeste],1,3659
"Clay County, South Dakota",Medio Oeste,170.9,165.972,4.9275,0.26863,0.26859,0.01717,6e-05,0.0355,0.02288,MedianAge,1,13964
"Codington County, South Dakota",Medio Oeste,166.4,164.591,1.80874,0.09796,0.09795,0.00425,0,0.0064,0.00286,MedianAge,1,27939
"Corson County, South Dakota",Medio Oeste,195.9,222.832,-26.9319,-1.51288,-1.51322,0.07432,0.00919,-0.42876,0.31721,PctUnemployed16_Over:region[Medio Oeste],1,4197
"Custer County, South Dakota",Medio Oeste,158.7,143.713,14.9872,0.81274,0.81269,0.00669,0.00022,0.06671,0.03333,MedianAge,1,8446
"Davison County, South Dakota",Medio Oeste,151.2,166.434,-15.2341,-0.82539,-0.82534,0.00494,0.00017,-0.05812,0.02404,PctBachDeg25_Over:region[Medio Oeste],1,19858
"Day County, South Dakota",Medio Oeste,150.3,183.126,-32.8265,-1.77921,-1.7799,0.00567,0.0009,-0.1344,0.06867,PctHS18_24,1,5539
"Deuel County, South Dakota",Medio Oeste,113.9,157.931,-44.0314,-2.38452,-2.3865,0.004,0.00114,-0.15114,0.06029,PctHS25_Over,1,4333
"Dewey County, South Dakota",Medio Oeste,229.8,245.837,-16.0372,-0.88585,-0.88582,0.04264,0.00175,-0.18695,0.13471,PctUnemployed16_Over:region[Medio Oeste],1,5685
"Douglas County, South Dakota",Medio Oeste,166.5,163.913,2.58722,0.14041,0.14038,0.00821,1e-05,0.01277,0.00662,PctUnemployed16_Over:region[Medio Oeste],1,2977
"Edmunds County, South Dakota",Medio Oeste,162.6,161.343,1.25737,0.06812,0.06811,0.00472,0,0.00469,0.00265,PctUnemployed16_Over:region[Medio Oeste],1,3999
"Fall River County, South Dakota",Medio Oeste,187.8,175.649,12.1512,0.65868,0.65862,0.00592,0.00013,0.05081,0.02936,MedianAge,1,6867
"Faulk County, South Dakota",Medio Oeste,146.6,154.986,-8.38609,-0.45736,-0.4573,0.01794,0.00019,-0.0618,0.04047,BirthRate,1,2337
"Grant County, South Dakota",Medio Oeste,150.3,171.441,-21.1413,-1.1476,-1.14766,0.00866,0.00058,-0.10728,0.06534,PctHS18_24,1,7142
"Gregory County, South Dakota",Medio Oeste,169.4,183.298,-13.8983,-0.75431,-0.75425,0.00835,0.00024,-0.06921,0.03672,BirthRate,1,4201
"Haakon County, South Dakota",Medio Oeste,170.8,176.542,-5.7416,-0.3113,-0.31126,0.00635,3e-05,-0.02489,0.01084,incidenceRate,1,1861
"Hamlin County, South Dakota",Medio Oeste,145.4,161.411,-16.0106,-0.86947,-0.86943,0.00952,0.00036,-0.08522,0.03679,BirthRate,1,6047
"Hand County, South Dakota",Medio Oeste,130.6,136.733,-6.13277,-0.33252,-0.33247,0.00638,4e-05,-0.02663,0.01168,PctUnemployed16_Over:region[Medio Oeste],1,3348
"Hanson County, South Dakota",Medio Oeste,154.1,158.364,-4.26363,-0.23169,-0.23165,0.01083,3e-05,-0.02424,0.01408,AvgHouseholdSize,1,3385
"Hughes County, South Dakota",Medio Oeste,162.5,170.847,-8.3466,-0.4528,-0.45273,0.00746,8e-05,-0.03925,0.02022,PctBachDeg25_Over:region[Medio Oeste],1,17555
"Hutchinson County, South Dakota",Medio Oeste,130.4,157.997,-27.597,-1.49493,-1.49526,0.00455,0.00051,-0.10111,0.03582,PctBachDeg25_Over:region[Medio Oeste],1,7301
"Jackson County, South Dakota",Medio Oeste,148.3,174.757,-26.4568,-1.4494,-1.44969,0.02672,0.00288,-0.24021,0.14695,PctUnemployed16_Over:region[Medio Oeste],1,3321
"Jerauld County, South Dakota",Medio Oeste,161.3,164.439,-3.13869,-0.17033,-0.1703,0.00813,1e-05,-0.01542,0.00875,PctUnemployed16_Over:region[Medio Oeste],1,1997
"Kingsbury County, South Dakota",Medio Oeste,165.5,184.212,-18.7118,-1.01469,-1.0147,0.00665,0.00034,-0.08303,0.04945,incidenceRate,1,4990
"Lake County, South Dakota",Medio Oeste,155.3,153.121,2.17868,0.11839,0.11837,0.01072,1e-05,0.01232,0.0077,PctBachDeg25_Over:region[Medio Oeste],1,12622
"Lawrence County, South Dakota",Medio Oeste,161.8,151.437,10.3631,0.56174,0.56168,0.00587,9e-05,0.04316,0.02016,PctBachDeg25_Over:region[Medio Oeste],1,24827
"Lincoln County, South Dakota",Medio Oeste,120,132.979,-12.9791,-0.7062,-0.70614,0.01334,0.00034,-0.08211,0.05264,PctBachDeg25_Over:region[Medio Oeste],1,52849
"Lyman County, South Dakota",Medio Oeste,136.6,186.249,-49.6485,-2.68675,-2.68972,0.00254,0.00092,-0.13562,0.08289,region[Medio Oeste],1,3876
"McCook County, South Dakota",Medio Oeste,202.5,157.017,45.4826,2.46276,2.46497,0.00371,0.00113,0.15037,0.07158,PctUnemployed16_Over:region[Medio Oeste],1,5599
"McPherson County, South Dakota",Medio Oeste,97.3,140.654,-43.3544,-2.37001,-2.37195,0.02252,0.00647,-0.36007,0.21695,BirthRate,1,2415
"Marshall County, South Dakota",Medio Oeste,187.6,146.676,40.9237,2.2185,2.22004,0.00604,0.00149,0.17299,0.10731,PctUnemployed16_Over:region[Medio Oeste],1,4769
"Meade County, South Dakota",Medio Oeste,147.9,154.384,-6.4839,-0.35133,-0.35128,0.00511,3e-05,-0.02518,0.01004,BirthRate,1,26986
"Mellette County, South Dakota",Medio Oeste,240.1,211.636,28.4644,1.55062,1.55101,0.01569,0.00192,0.19583,0.13348,PctPublicCoverageAlone,1,2050
"Miner County, South Dakota",Medio Oeste,183.1,163.127,19.9733,1.08264,1.08267,0.0058,0.00034,0.0827,0.05021,BirthRate,1,2236
"Minnehaha County, South Dakota",Medio Oeste,184.3,173.243,11.0573,0.59916,0.5991,0.00518,9e-05,0.04322,0.02321,PctBachDeg25_Over:region[Medio Oeste],1,185197
"Moody County, South Dakota",Medio Oeste,166,158.429,7.57073,0.41068,0.41062,0.00734,6e-05,0.03531,0.02347,BirthRate,1,6430
"Pennington County, South Dakota",Medio Oeste,159.7,166.534,-6.83433,-0.37001,-0.36995,0.00344,2e-05,-0.02173,0.01009,region[Medio Oeste],1,108702
"Perkins County, South Dakota",Medio Oeste,209.6,160.87,48.7301,2.64009,2.64289,0.00483,0.00169,0.18413,0.12125,BirthRate,1,3019
"Potter County, South Dakota",Medio Oeste,145.7,143.765,1.93455,0.10516,0.10514,0.01141,1e-05,0.0113,0.00686,PctHS18_24,1,2320
"Roberts County, South Dakota",Medio Oeste,179.9,167.437,12.4631,0.67471,0.67465,0.00334,8e-05,0.03905,0.0207,region[Medio Oeste],1,10311
"Sanborn County, South Dakota",Medio Oeste,143,180.115,-37.1147,-2.01068,-2.01177,0.00472,0.00096,-0.1386,0.05483,incidenceRate,1,2355
"Spink County, South Dakota",Medio Oeste,153.9,152.797,1.10312,0.05984,0.05982,0.00719,0,0.00509,0.00278,PctUnemployed16_Over:region[Medio Oeste],1,6524
"Stanley County, South Dakota",Medio Oeste,159.7,188.047,-28.3473,-1.54278,-1.54315,0.01382,0.00167,-0.18267,0.12221,PctHS18_24,1,2954
"Sully County, South Dakota",Medio Oeste,179.1,140.86,38.2397,2.08245,2.08368,0.01504,0.00331,0.25749,0.17225,BirthRate,1,1426
"Todd County, South Dakota",Medio Oeste,238.8,221.702,17.098,0.95272,0.95271,0.0592,0.00286,0.23898,0.1541,PctUnemployed16_Over:region[Medio Oeste],1,9959
"Tripp County, South Dakota",Medio Oeste,162.1,166.123,-4.02266,-0.21842,-0.21839,0.00924,2e-05,-0.02109,0.01179,PctHS18_24,1,5434
"Turner County, South Dakota",Medio Oeste,154.3,158.382,-4.0822,-0.22102,-0.22098,0.00352,1e-05,-0.01313,0.00625,PctUnemployed16_Over:region[Medio Oeste],1,8209
"Union County, South Dakota",Medio Oeste,166.5,168.101,-1.60087,-0.08674,-0.08672,0.00498,0,-0.00614,0.00258,incidenceRate,1,14909
"Walworth County, South Dakota",Medio Oeste,146.4,159.157,-12.7566,-0.69104,-0.69098,0.0046,0.00011,-0.04697,0.01844,PctBachDeg25_Over:region[Medio Oeste],1,5443
"Yankton County, South Dakota",Medio Oeste,137.1,155.707,-18.6068,-1.00779,-1.00779,0.00426,0.00022,-0.06594,0.02812,PctBachDeg25_Over:region[Medio Oeste],1,22702
"Anderson County, Tennessee",Sur,195.6,197.99,-2.39002,-0.12929,-0.12927,0.00182,0,-0.00552,0.00338,const,1,75749
"Bedford County, Tennessee",Sur,184.4,197.03,-12.6296,-0.68332,-0.68325,0.00213,5e-05,-0.03155,0.01602,const,1,47183
"Benton County, Tennessee",Sur,238.4,223.882,14.518,0.78677,0.78672,0.00538,0.00017,0.05788,0.03167,PctUnemployed16_Over,1,16129
"Bledsoe County, Tennessee",Sur,171.4,201.158,-29.7578,-1.61135,-1.61181,0.00377,0.00049,-0.09917,0.05675,BirthRate,1,14502
"Blount County, Tennessee",Sur,172.5,191.107,-18.6068,-1.0065,-1.0065,0.00171,9e-05,-0.0417,0.03073,const,1,127253
"Bradley County, Tennessee",Sur,184.2,188.949,-4.74934,-0.25692,-0.25688,0.00181,1e-05,-0.01093,0.00601,const,1,104091
"Campbell County, Tennessee",Sur,218.3,213.514,4.78624,0.259,0.25896,0.00251,1e-05,0.01298,0.0064,PctHS18_24,1,39752
"Cannon County, Tennessee",Sur,210.1,204.447,5.65325,0.30654,0.30649,0.00654,3e-05,0.02487,0.0179,PctHS18_24,1,13840
"Carroll County, Tennessee",Sur,207.8,203.653,4.14708,0.22434,0.2243,0.00182,0,0.00957,0.00491,const,1,27910
"Carter County, Tennessee",Sur,193.2,187.009,6.19086,0.33494,0.33489,0.00208,1e-05,0.01531,0.0093,const,1,56486
"Cheatham County, Tennessee",Sur,238.1,200.285,37.8147,2.04611,2.04726,0.00229,0.00048,0.09815,0.06239,incidenceRate,1,39741
"Chester County, Tennessee",Sur,180.6,183.604,-3.00444,-0.16276,-0.16273,0.00468,1e-05,-0.01116,0.00691,PctUnemployed16_Over,1,17471
"Claiborne County, Tennessee",Sur,218.3,212.016,6.28397,0.34004,0.33999,0.00244,1e-05,0.01681,0.00818,const,1,31709
"Clay County, Tennessee",Sur,217,202.447,14.553,0.78873,0.78868,0.00555,0.00017,0.0589,0.03136,PctPublicCoverageAlone,1,7771
"Cocke County, Tennessee",Sur,221.7,216.025,5.6746,0.30752,0.30747,0.00535,3e-05,0.02254,0.01523,PctHS18_24,1,35162
"Coffee County, Tennessee",Sur,194,198.467,-4.46742,-0.24166,-0.24162,0.00176,1e-05,-0.01015,0.00605,const,1,54277
"Crockett County, Tennessee",Sur,184.3,192.144,-7.84353,-0.42439,-0.42433,0.00224,2e-05,-0.02011,0.01005,PctHS18_24,1,14601
"Cumberland County, Tennessee",Sur,182,197.279,-15.2795,-0.82706,-0.82701,0.00304,0.0001,-0.04564,0.02365,PctHS18_24,1,58229
"Effingham County, Illinois",Medio Oeste,180.1,185.363,-5.26262,-0.28476,-0.28471,0.00232,1e-05,-0.01374,0.00657,region[Medio Oeste],1,34371
"Fayette County, Illinois",Medio Oeste,165.9,199.584,-33.6844,-1.82425,-1.825,0.00407,0.00068,-0.11665,0.06206,region[Medio Oeste],1,22043
"Ford County, Illinois",Medio Oeste,188.3,189.677,-1.37704,-0.0745,-0.07449,0.00198,0,-0.00332,0.00223,region[Medio Oeste],1,13736
"Franklin County, Illinois",Medio Oeste,215.7,207.068,8.63234,0.46773,0.46767,0.00506,6e-05,0.03335,0.02002,region[Medio Oeste],1,39485
"Fulton County, Illinois",Medio Oeste,193.1,192.654,0.44612,0.02414,0.02413,0.00229,0,0.00116,0.00067,region[Medio Oeste],1,35699
"Gallatin County, Illinois",Medio Oeste,213.6,203.417,10.1831,0.55201,0.55194,0.00596,9e-05,0.04273,0.02553,PctBachDeg25_Over:region[Medio Oeste],1,5265
"Greene County, Illinois",Medio Oeste,197.6,202.719,-5.11902,-0.27711,-0.27707,0.00322,1e-05,-0.01576,0.00931,region[Medio Oeste],1,13241
"Grundy County, Illinois",Medio Oeste,193.1,190.48,2.62006,0.14184,0.14182,0.00334,0,0.00821,0.00432,incidenceRate,1,50541
"Hamilton County, Illinois",Medio Oeste,236.7,189.626,47.0743,2.55242,2.55492,0.00642,0.00211,0.20539,0.09845,PctBachDeg25_Over:region[Medio Oeste],1,8200
"Hancock County, Illinois",Medio Oeste,170,183.761,-13.7614,-0.74476,-0.7447,0.00268,7e-05,-0.03857,0.02126,PctPublicCoverageAlone,1,18543
"Hardin County, Illinois",Medio Oeste,195.3,201.544,-6.24406,-0.3408,-0.34075,0.01947,0.00012,-0.04802,0.03308,PctUnemployed16_Over:region[Medio Oeste],1,4135
"Henderson County, Illinois",Medio Oeste,178.2,169.743,8.45708,0.45788,0.45781,0.00349,4e-05,0.0271,0.00999,PctPublicCoverageAlone,1,6995
"Henry County, Illinois",Medio Oeste,188.5,179.612,8.88775,0.48077,0.4807,0.00173,2e-05,0.02002,0.01128,region[Medio Oeste],1,49489
"Iroquois County, Illinois",Medio Oeste,185,192.16,-7.15994,-0.38744,-0.38739,0.00244,2e-05,-0.01916,0.01057,region[Medio Oeste],1,28672
"Jackson County, Illinois",Medio Oeste,171.5,190.003,-18.5032,-1.00502,-1.00502,0.00989,0.0005,-0.10046,0.04718,PctUnemployed16_Over:region[Medio Oeste],1,59362
"Jasper County, Illinois",Medio Oeste,174.1,182.219,-8.11891,-0.43926,-0.4392,0.00209,2e-05,-0.02009,0.00894,region[Medio Oeste],1,9607
"Jefferson County, Illinois",Medio Oeste,196,203.525,-7.5247,-0.4076,-0.40754,0.00447,4e-05,-0.02731,0.01562,region[Medio Oeste],1,38353
"Jersey County, Illinois",Medio Oeste,175.9,175.839,0.06086,0.00329,0.00329,0.00337,0,0.00019,9e-05,PctPublicCoverageAlone,1,22372
"Jo Daviess County, Illinois",Medio Oeste,166.9,162.459,4.44084,0.24035,0.24031,0.00277,1e-05,0.01267,0.00682,MedianAge,1,22086
"Johnson County, Illinois",Medio Oeste,175.2,191.963,-16.7635,-0.90815,-0.90813,0.00471,0.0002,-0.06249,0.03828,region[Medio Oeste],1,12762
"Kane County, Illinois",Medio Oeste,156.6,155.728,0.87223,0.04747,0.04746,0.01364,0,0.00558,0.00355,PctOtherRace,1,530847
"Kankakee County, Illinois",Medio Oeste,192.2,194.481,-2.28078,-0.12347,-0.12345,0.00324,0,-0.00704,0.00492,region[Medio Oeste],1,110879
"Kendall County, Illinois",Medio Oeste,161.7,158.646,3.05414,0.16592,0.16589,0.0103,1e-05,0.01692,0.0096,PctBachDeg25_Over:region[Medio Oeste],1,123355
"Knox County, Illinois",Medio Oeste,180.1,191.623,-11.523,-0.62365,-0.62359,0.0028,5e-05,-0.03305,0.01791,region[Medio Oeste],1,51441
"Lake County, Illinois",Medio Oeste,160,161.508,-1.5083,-0.0821,-0.08209,0.01419,0,-0.00985,0.0069,PctBachDeg25_Over:region[Medio Oeste],1,703910
"LaSalle County, Illinois",Medio Oeste,191.3,200.491,-9.19128,-0.49756,-0.49749,0.0032,4e-05,-0.0282,0.01748,region[Medio Oeste],1,111333
"Lawrence County, Illinois",Medio Oeste,174,190.512,-16.5123,-0.89593,-0.8959,0.00778,0.00031,-0.07933,0.04279,PctBachDeg25_Over:region[Medio Oeste],1,16491
"Lee County, Illinois",Medio Oeste,194.2,185.206,8.99427,0.4867,0.48663,0.0024,3e-05,0.02387,0.01105,region[Medio Oeste],1,34584
"Livingston County, Illinois",Medio Oeste,176.6,199.165,-22.5652,-1.22185,-1.22195,0.00372,0.00028,-0.07462,0.03561,PctBachDeg25_Over:region[Medio Oeste],1,36671
"Logan County, Illinois",Medio Oeste,189.5,192.448,-2.94805,-0.15964,-0.15961,0.00386,0,-0.00994,0.0054,AvgHouseholdSize,1,29494
"McDonough County, Illinois",Medio Oeste,175.1,184.772,-9.67247,-0.52515,-0.52509,0.00908,0.00013,-0.05026,0.02441,MedianAge,1,31333
"McHenry County, Illinois",Medio Oeste,181.4,166.217,15.183,0.82414,0.82409,0.0086,0.00029,0.07675,0.05088,PctBachDeg25_Over:region[Medio Oeste],1,307343
"McLean County, Illinois",Medio Oeste,168.5,159.319,9.18086,0.5015,0.50144,0.02106,0.00027,0.07354,0.05277,PctBachDeg25_Over:region[Medio Oeste],1,173166
"Macon County, Illinois",Medio Oeste,197.9,207.772,-9.87212,-0.53501,-0.53494,0.00542,8e-05,-0.03948,0.02224,PctUnemployed16_Over:region[Medio Oeste],1,107303
"Macoupin County, Illinois",Medio Oeste,185.1,193.088,-7.98786,-0.43232,-0.43226,0.00278,3e-05,-0.02283,0.01305,region[Medio Oeste],1,46045
"Madison County, Illinois",Medio Oeste,189.2,186.802,2.39805,0.12982,0.12979,0.00322,0,0.00738,0.0042,region[Medio Oeste],1,266209
"Marion County, Illinois",Medio Oeste,219.1,209.683,9.41667,0.51014,0.51008,0.00472,6e-05,0.03512,0.01981,region[Medio Oeste],1,38339
"Marshall County, Illinois",Medio Oeste,164.3,184.686,-20.3856,-1.10284,-1.10288,0.00193,0.00012,-0.0485,0.02427,region[Medio Oeste],1,11982
"Mason County, Illinois",Medio Oeste,204.9,210.84,-5.94023,-0.3217,-0.32165,0.00402,2e-05,-0.02044,0.01094,region[Medio Oeste],1,13701
"Massac County, Illinois",Medio Oeste,169.8,194.655,-24.8553,-1.34648,-1.34667,0.00465,0.00042,-0.09201,0.06089,region[Medio Oeste],1,14766
"Menard County, Illinois",Medio Oeste,199.6,181.701,17.899,0.96877,0.96876,0.00286,0.00013,0.0519,0.02279,region[Medio Oeste],1,12444
"Mercer County, Illinois",Medio Oeste,179.9,179.119,0.78065,0.04224,0.04224,0.00251,0,0.00212,0.00077,region[Medio Oeste],1,15858
"Monroe County, Illinois",Medio Oeste,153.4,167.545,-14.1449,-0.76616,-0.76611,0.00436,0.00013,-0.05073,0.02677,PctBachDeg25_Over:region[Medio Oeste],1,33879
"Montgomery County, Illinois",Medio Oeste,208.6,192.82,15.7804,0.8555,0.85546,0.00611,0.00023,0.06709,0.03428,PctBachDeg25_Over:region[Medio Oeste],1,28898
"Morgan County, Illinois",Medio Oeste,187.8,194.162,-6.36223,-0.34438,-0.34432,0.00302,2e-05,-0.01894,0.00855,PctHS25_Over,1,34828
"Moultrie County, Illinois",Medio Oeste,177.7,180.039,-2.33871,-0.12663,-0.12661,0.00364,0,-0.00765,0.00333,PctBachDeg25_Over:region[Medio Oeste],1,14931
"Ogle County, Illinois",Medio Oeste,168,172.697,-4.69702,-0.25412,-0.25408,0.00205,1e-05,-0.01152,0.00774,region[Medio Oeste],1,51659
"Peoria County, Illinois",Medio Oeste,194.4,190.967,3.43325,0.18607,0.18603,0.00548,1e-05,0.0138,0.00659,PctBachDeg25_Over:region[Medio Oeste],1,186221
"Perry County, Illinois",Medio Oeste,174.6,195.014,-20.4137,-1.10533,-1.10537,0.00367,0.00022,-0.06708,0.03223,region[Medio Oeste],1,21543
"Piatt County, Illinois",Medio Oeste,164.9,176.014,-11.1141,-0.60187,-0.6018,0.00394,7e-05,-0.03783,0.0202,PctBachDeg25_Over:region[Medio Oeste],1,16387
"Pike County, Illinois",Medio Oeste,176,189.791,-13.7914,-0.74679,-0.74673,0.00377,0.00011,-0.04593,0.0226,PctPublicCoverageAlone,1,15989
"Pope County, Illinois",Medio Oeste,173.5,178.751,-5.25131,-0.28476,-0.28471,0.0066,3e-05,-0.02321,0.01415,region[Medio Oeste],1,4226
"Pulaski County, Illinois",Medio Oeste,192.1,224.982,-32.8816,-1.78985,-1.79055,0.01415,0.0023,-0.21449,0.13439,PctUnemployed16_Over:region[Medio Oeste],1,5678
"Putnam County, Illinois",Medio Oeste,198.1,188.808,9.29238,0.50346,0.5034,0.00492,6e-05,0.03541,0.01909,PctPublicCoverageAlone,1,5644
"Randolph County, Illinois",Medio Oeste,178.5,189.577,-11.0771,-0.59979,-0.59972,0.00369,7e-05,-0.0365,0.01866,PctBachDeg25_Over:region[Medio Oeste],1,32852
"Richland County, Illinois",Medio Oeste,179.3,185.112,-5.81221,-0.31458,-0.31453,0.00286,1e-05,-0.01684,0.00879,region[Medio Oeste],1,16029
"Rock Island County, Illinois",Medio Oeste,176.2,184.824,-8.62403,-0.46665,-0.46659,0.00236,3e-05,-0.02267,0.01503,region[Medio Oeste],1,146133
"St. Clair County, Illinois",Medio Oeste,191.2,188.733,2.46749,0.13363,0.13361,0.00405,0,0.00852,0.00578,region[Medio Oeste],1,264052
"Saline County, Illinois",Medio Oeste,192.1,208.573,-16.4734,-0.89447,-0.89444,0.00923,0.00037,-0.08631,0.04719,PctUnemployed16_Over:region[Medio Oeste],1,24548
"Sangamon County, Illinois",Medio Oeste,185.5,184.779,0.72132,0.03912,0.03911,0.00671,0,0.00321,0.00205,PctBachDeg25_Over:region[Medio Oeste],1,198712
"Schuyler County, Illinois",Medio Oeste,214.2,184.016,30.1844,1.63387,1.63436,0.00307,0.00041,0.09064,0.04341,PctBachDeg25_Over:region[Medio Oeste],1,7032
"Scott County, Illinois",Medio Oeste,169.5,197.576,-28.0759,-1.52089,-1.52124,0.00457,0.00053,-0.10306,0.05529,PctHS25_Over,1,5092
"Shelby County, Illinois",Medio Oeste,164.4,186.29,-21.8897,-1.18481,-1.1849,0.00294,0.00021,-0.06434,0.02353,region[Medio Oeste],1,21775
"Stark County, Illinois",Medio Oeste,160.4,182.65,-22.2503,-1.20388,-1.20398,0.0022,0.00016,-0.0565,0.02911,region[Medio Oeste],1,5788
"Stephenson County, Illinois",Medio Oeste,182.6,183.309,-0.70868,-0.03838,-0.03837,0.00395,0,-0.00242,0.0015,region[Medio Oeste],1,45749
"Tazewell County, Illinois",Medio Oeste,192.2,181.039,11.1606,0.60402,0.60396,0.00275,5e-05,0.03172,0.01463,region[Medio Oeste],1,134800
"Union County, Illinois",Medio Oeste,206.9,191.064,15.8365,0.85796,0.85792,0.00478,0.00018,0.05947,0.03461,region[Medio Oeste],1,17408
"Vermilion County, Illinois",Medio Oeste,203.1,210.979,-7.87945,-0.42672,-0.42666,0.00404,4e-05,-0.02719,0.01563,region[Medio Oeste],1,79282
"Wabash County, Illinois",Medio Oeste,197.8,192.975,4.82527,0.26129,0.26124,0.00379,1e-05,0.01611,0.00891,region[Medio Oeste],1,11542
"Warren County, Illinois",Medio Oeste,172.8,182.344,-9.54434,-0.51682,-0.51675,0.00377,5e-05,-0.0318,0.01499,PctUnemployed16_Over:region[Medio Oeste],1,17527
"Washington County, Illinois",Medio Oeste,162.6,183.155,-20.5552,-1.11247,-1.11252,0.00275,0.00017,-0.0584,0.02956,incidenceRate,1,14270
"Wayne County, Illinois",Medio Oeste,180,181.613,-1.61326,-0.08737,-0.08735,0.00403,0,-0.00556,0.00273,PctHS25_Over,1,16423
"White County, Illinois",Medio Oeste,230.3,198.686,31.614,1.713,1.71359,0.00509,0.00075,0.12259,0.05705,region[Medio Oeste],1,14327
"Whiteside County, Illinois",Medio Oeste,190.9,189.392,1.50831,0.08162,0.08161,0.00258,0,0.00415,0.00284,region[Medio Oeste],1,57079
"Will County, Illinois",Medio Oeste,176.4,166.789,9.61127,0.52203,0.52196,0.00982,0.00014,0.05198,0.02967,PctBachDeg25_Over:region[Medio Oeste],1,687263
"Williamson County, Illinois",Medio Oeste,207.4,189.452,17.9478,0.97169,0.97168,0.00343,0.00016,0.05703,0.0386,PctHS25_Over,1,67466
"Winnebago County, Illinois",Medio Oeste,191.5,192.487,-0.98749,-0.0535,-0.05349,0.00492,0,-0.00376,0.00238,PctUnemployed16_Over:region[Medio Oeste],1,287078
"Woodford County, Illinois",Medio Oeste,163.5,166.472,-2.97196,-0.16099,-0.16096,0.00456,1e-05,-0.0109,0.00675,PctBachDeg25_Over:region[Medio Oeste],1,39227
"Adams County, Indiana",Medio Oeste,159.3,175.157,-15.8569,-0.85937,-0.85933,0.00548,0.0002,-0.0638,0.02501,BirthRate,1,34980
"Allen County, Indiana",Medio Oeste,170.7,172.739,-2.03869,-0.11037,-0.11035,0.00338,0,-0.00643,0.00371,region[Medio Oeste],1,368450
"Bartholomew County, Indiana",Medio Oeste,185.4,166.453,18.9474,1.02614,1.02615,0.00408,0.00022,0.06568,0.02859,PctHS18_24,1,81162
"Benton County, Indiana",Medio Oeste,173.4,178.114,-4.71367,-0.25529,-0.25525,0.0042,1e-05,-0.01657,0.00774,PctBachDeg25_Over,1,8681
"Blackford County, Indiana",Medio Oeste,189.1,205.525,-16.4249,-0.89024,-0.89021,0.00567,0.00023,-0.06723,0.02795,PctBachDeg25_Over:region[Medio Oeste],1,12298
"Boone County, Indiana",Medio Oeste,187.2,147.394,39.8064,2.16298,2.1644,0.01068,0.00253,0.22488,0.15238,PctBachDeg25_Over:region[Medio Oeste],1,63344
"Brown County, Indiana",Medio Oeste,190.7,169.167,21.5328,1.1659,1.16597,0.00364,0.00025,0.07044,0.03387,MedianAge,1,14977
"Carroll County, Indiana",Medio Oeste,166.3,174.771,-8.47054,-0.45876,-0.4587,0.00416,4e-05,-0.02964,0.01594,PctPublicCoverageAlone,1,19856
"Cass County, Indiana",Medio Oeste,187.3,173.453,13.8468,0.7504,0.75034,0.00538,0.00015,0.0552,0.03567,PctOtherRace,1,37979
"Clark County, Indiana",Medio Oeste,189.8,176.33,13.4703,0.72868,0.72862,0.00179,5e-05,0.03084,0.02059,region[Medio Oeste],1,115371
"Clay County, Indiana",Medio Oeste,186.4,191.223,-4.82323,-0.26113,-0.26109,0.00345,1e-05,-0.01536,0.00684,BirthRate,1,26503
"Clinton County, Indiana",Medio Oeste,193.9,179.632,14.268,0.7727,0.77265,0.00405,0.00012,0.04929,0.02283,PctHS25_Over,1,32609
"Crawford County, Indiana",Medio Oeste,185.8,193.297,-7.49662,-0.4065,-0.40644,0.00652,5e-05,-0.03294,0.02143,PctBachDeg25_Over:region[Medio Oeste],1,10483
"Daviess County, Indiana",Medio Oeste,176.6,175.031,1.56901,0.08506,0.08505,0.00617,0,0.0067,0.00364,PctBachDeg25_Over:region[Medio Oeste],1,32906
"Dearborn County, Indiana",Medio Oeste,193.8,172.084,21.7162,1.17592,1.176,0.00379,0.00026,0.07255,0.03266,PctPublicCoverageAlone,1,49455
"Decatur County, Indiana",Medio Oeste,186.7,179.576,7.12439,0.38565,0.38559,0.0031,2e-05,0.02151,0.00961,PctHS25_Over,1,26521
"DeKalb County, Indiana",Medio Oeste,185.8,186.508,-0.70822,-0.03833,-0.03833,0.00301,0,-0.0021,0.0011,BirthRate,1,42589
"Delaware County, Indiana",Medio Oeste,184.8,192.309,-7.50946,-0.40697,-0.40691,0.00544,5e-05,-0.03009,0.01462,PctUnemployed16_Over:region[Medio Oeste],1,116852
"Dubois County, Indiana",Medio Oeste,177.7,162.161,15.5389,0.84134,0.8413,0.00359,0.00013,0.05049,0.02609,PctUnemployed16_Over:region[Medio Oeste],1,42461
"Elkhart County, Indiana",Medio Oeste,170.1,178.278,-8.17766,-0.44253,-0.44246,0.00249,2e-05,-0.02212,0.01385,region[Medio Oeste],1,203474
"Fayette County, Indiana",Medio Oeste,222.5,199.101,23.3986,1.26882,1.26895,0.00661,0.00054,0.10351,0.0511,region[Medio Oeste],1,23434
"Floyd County, Indiana",Medio Oeste,179,174.58,4.41989,0.23921,0.23917,0.00273,1e-05,0.01251,0.0073,region[Medio Oeste],1,76778
"Dubuque County, Iowa",Medio Oeste,167.8,171.288,-3.48835,-0.18891,-0.18888,0.00395,1e-05,-0.01189,0.00543,PctBachDeg25_Over:region[Medio Oeste],1,97125
"Emmet County, Iowa",Medio Oeste,160.2,169.868,-9.6681,-0.5235,-0.52343,0.0037,5e-05,-0.0319,0.00982,PctHS18_24,1,9769
"Fayette County, Iowa",Medio Oeste,151.3,181.764,-30.4638,-1.64845,-1.64895,0.0024,0.00033,-0.08083,0.03408,PctPublicCoverageAlone,1,20257
"Floyd County, Iowa",Medio Oeste,165.4,179.714,-14.314,-0.77513,-0.77507,0.00386,0.00012,-0.04827,0.02257,PctPublicCoverageAlone,1,15960
"Franklin County, Iowa",Medio Oeste,165.3,181.072,-15.7719,-0.85467,-0.85463,0.00526,0.00019,-0.06216,0.03377,BirthRate,1,10295
"Fremont County, Iowa",Medio Oeste,181.2,177.343,3.85738,0.20889,0.20886,0.00397,1e-05,0.01319,0.00517,PctPublicCoverageAlone,1,6906
"Greene County, Iowa",Medio Oeste,186.9,183.435,3.46534,0.18766,0.18763,0.00399,1e-05,0.01187,0.00827,BirthRate,1,9027
"Grundy County, Iowa",Medio Oeste,151.8,169.285,-17.4845,-0.94654,-0.94652,0.0033,0.00015,-0.05443,0.0193,PctBachDeg25_Over:region[Medio Oeste],1,12435
"Guthrie County, Iowa",Medio Oeste,168.5,169.675,-1.17492,-0.06356,-0.06355,0.00183,0,-0.00272,0.00098,region[Medio Oeste],1,10676
"Hamilton County, Iowa",Medio Oeste,153.2,170.173,-16.9733,-0.91932,-0.9193,0.00428,0.00018,-0.0603,0.03811,BirthRate,1,15190
"Hancock County, Iowa",Medio Oeste,171.3,171.39,-0.09013,-0.00488,-0.00488,0.00524,0,-0.00035,0.00022,PctUnemployed16_Over:region[Medio Oeste],1,10974
"Hardin County, Iowa",Medio Oeste,169.8,175.001,-5.20093,-0.28147,-0.28143,0.0027,1e-05,-0.01464,0.006,region[Medio Oeste],1,17367
"Harrison County, Iowa",Medio Oeste,178.1,176.722,1.3778,0.07459,0.07458,0.00338,0,0.00434,0.00218,PctUnemployed16_Over:region[Medio Oeste],1,14265
"Henry County, Iowa",Medio Oeste,183.1,179.916,3.18377,0.17226,0.17223,0.00221,0,0.00811,0.00292,region[Medio Oeste],1,19950
"Howard County, Iowa",Medio Oeste,165.8,177.969,-12.169,-0.65986,-0.65979,0.00654,0.00014,-0.05353,0.0302,PctBachDeg25_Over:region[Medio Oeste],1,9410
"Humboldt County, Iowa",Medio Oeste,129.4,164.273,-34.8728,-1.88681,-1.88766,0.00217,0.00039,-0.08806,0.02886,PctHS18_24,1,9555
"Ida County, Iowa",Medio Oeste,159.8,187.193,-27.3929,-1.48458,-1.4849,0.0055,0.00061,-0.1104,0.059,incidenceRate,1,7028
"Iowa County, Iowa",Medio Oeste,163.4,171.413,-8.01345,-0.43437,-0.43431,0.00585,6e-05,-0.03331,0.0202,PctUnemployed16_Over:region[Medio Oeste],1,16401
"Jackson County, Iowa",Medio Oeste,191.7,194.429,-2.7293,-0.14783,-0.1478,0.00432,0,-0.00974,0.00507,incidenceRate,1,19444
"Jasper County, Iowa",Medio Oeste,181.7,176.888,4.81187,0.2603,0.26026,0.00183,1e-05,0.01116,0.00405,region[Medio Oeste],1,36827
"Jefferson County, Iowa",Medio Oeste,163,167.511,-4.51073,-0.24443,-0.24439,0.00522,2e-05,-0.0177,0.00673,BirthRate,1,17555
"Johnson County, Iowa",Medio Oeste,156.2,157.704,-1.50366,-0.08186,-0.08185,0.01442,0,-0.0099,0.00625,PctBachDeg25_Over:region[Medio Oeste],1,144251
"Jones County, Iowa",Medio Oeste,154,170.914,-16.9138,-0.91526,-0.91524,0.00246,0.0001,-0.04545,0.02449,PctHS18_24,1,20466
"Keokuk County, Iowa",Medio Oeste,169.3,182.366,-13.066,-0.7074,-0.70733,0.00344,9e-05,-0.04157,0.01923,PctHS18_24,1,10163
"Kossuth County, Iowa",Medio Oeste,138.4,166.241,-27.8413,-1.50832,-1.50866,0.00474,0.00054,-0.10417,0.04705,PctUnemployed16_Over:region[Medio Oeste],1,15165
"Lee County, Iowa",Medio Oeste,181.3,198.366,-17.0663,-0.92354,-0.92351,0.00251,0.00011,-0.04628,0.02369,region[Medio Oeste],1,35089
"Linn County, Iowa",Medio Oeste,169.4,166.676,2.7244,0.14764,0.14761,0.00529,1e-05,0.01076,0.00681,PctBachDeg25_Over:region[Medio Oeste],1,219916
"Louisa County, Iowa",Medio Oeste,148,176.602,-28.6025,-1.549,-1.54938,0.00403,0.00049,-0.0986,0.04629,PctBachDeg25_Over:region[Medio Oeste],1,11185
"Lucas County, Iowa",Medio Oeste,184.7,174.678,10.0221,0.54233,0.54226,0.00247,4e-05,0.02699,0.01424,PctHS25_Over,1,8682
"Lyon County, Iowa",Medio Oeste,151.7,168.215,-16.5152,-0.89431,-0.89427,0.00383,0.00015,-0.05547,0.03048,PctUnemployed16_Over:region[Medio Oeste],1,11745
"Madison County, Iowa",Medio Oeste,172.2,163.737,8.46336,0.45836,0.45829,0.00409,4e-05,0.02937,0.01769,PctHS18_24,1,15753
"Mahaska County, Iowa",Medio Oeste,190.3,185.066,5.23357,0.28333,0.28328,0.00334,1e-05,0.0164,0.00749,PctBachDeg25_Over:region[Medio Oeste],1,22324
"Marion County, Iowa",Medio Oeste,176.6,169.273,7.32666,0.39661,0.39655,0.00316,2e-05,0.02233,0.00726,PctBachDeg25_Over:region[Medio Oeste],1,33294
"Marshall County, Iowa",Medio Oeste,180.9,172.913,7.98673,0.43253,0.43247,0.00403,4e-05,0.02752,0.01876,PctOtherRace,1,40746
"Mills County, Iowa",Medio Oeste,194.9,170.051,24.8493,1.34584,1.34604,0.00418,0.00038,0.08722,0.0447,AvgHouseholdSize,1,14844
"Mitchell County, Iowa",Medio Oeste,129.6,169.274,-39.6743,-2.1485,-2.14988,0.00394,0.00091,-0.13515,0.07923,PctUnemployed16_Over:region[Medio Oeste],1,10832
"Monona County, Iowa",Medio Oeste,165,188.275,-23.2754,-1.25989,-1.26002,0.00306,0.00024,-0.06985,0.03164,PctBachDeg25_Over:region[Medio Oeste],1,8979
"Monroe County, Iowa",Medio Oeste,207.4,181.278,26.1225,1.41464,1.41489,0.00396,0.0004,0.08925,0.05154,PctHS25_Over,1,7973
"Montgomery County, Iowa",Medio Oeste,148.3,194.825,-46.5246,-2.51879,-2.52118,0.0034,0.00108,-0.14733,0.07662,region[Medio Oeste],1,10234
"Muscatine County, Iowa",Medio Oeste,170.9,176.284,-5.38416,-0.29134,-0.29129,0.00235,1e-05,-0.01413,0.00652,region[Medio Oeste],1,43011
"O'Brien County, Iowa",Medio Oeste,176.1,167.051,9.04891,0.49012,0.49006,0.00432,5e-05,0.03227,0.01498,PctHS18_24,1,13984
"Osceola County, Iowa",Medio Oeste,162,165.69,-3.69042,-0.19976,-0.19972,0.00302,1e-05,-0.01099,0.00594,PctUnemployed16_Over:region[Medio Oeste],1,6154
"Page County, Iowa",Medio Oeste,179.7,186.499,-6.79887,-0.36807,-0.36802,0.00334,2e-05,-0.02132,0.00874,region[Medio Oeste],1,15527
"Palo Alto County, Iowa",Medio Oeste,152.6,163.31,-10.7104,-0.58002,-0.57996,0.004,7e-05,-0.03675,0.01595,PctUnemployed16_Over:region[Medio Oeste],1,9133
"Plymouth County, Iowa",Medio Oeste,156,167.888,-11.8876,-0.64335,-0.64328,0.00267,6e-05,-0.03331,0.01488,PctUnemployed16_Over:region[Medio Oeste],1,24800
"Pocahontas County, Iowa",Medio Oeste,142.7,172.245,-29.5445,-1.59856,-1.599,0.00222,0.00028,-0.07541,0.02529,region[Medio Oeste],1,7008
"Polk County, Iowa",Medio Oeste,188.7,169.804,18.8958,1.02674,1.02675,0.01066,0.00057,0.10658,0.07203,PctBachDeg25_Over:region[Medio Oeste],1,467711
"Pottawattamie County, Iowa",Medio Oeste,183.8,181.635,2.1652,0.11714,0.11712,0.00206,0,0.00533,0.00275,region[Medio Oeste],1,93671
"Poweshiek County, Iowa",Medio Oeste,154.2,158.549,-4.34903,-0.23548,-0.23544,0.00361,1e-05,-0.01416,0.00715,PctHS18_24,1,18550
"Ringgold County, Iowa",Medio Oeste,172.1,162.802,9.29811,0.50326,0.50319,0.00288,4e-05,0.02705,0.01333,BirthRate,1,5068
"Sac County, Iowa",Medio Oeste,174.1,166.539,7.5613,0.40935,0.40929,0.00334,3e-05,0.02368,0.01052,BirthRate,1,10021
"Scott County, Iowa",Medio Oeste,185.1,175.974,9.12612,0.49437,0.49431,0.0046,6e-05,0.03359,0.01956,PctBachDeg25_Over:region[Medio Oeste],1,172126
"Shelby County, Iowa",Medio Oeste,138.5,161.239,-22.7389,-1.23148,-1.23159,0.00409,0.00031,-0.07889,0.03439,PctUnemployed16_Over:region[Medio Oeste],1,11927
"Sioux County, Iowa",Medio Oeste,140.7,150.487,-9.78741,-0.53056,-0.5305,0.00597,8e-05,-0.04111,0.01984,PctUnemployed16_Over:region[Medio Oeste],1,34937
"Story County, Iowa",Medio Oeste,152.5,158.613,-6.11286,-0.33329,-0.33324,0.01739,0.0001,-0.04433,0.02839,PctBachDeg25_Over:region[Medio Oeste],1,96021
"Tama County, Iowa",Medio Oeste,171.6,182.912,-11.3122,-0.61217,-0.6121,0.00255,5e-05,-0.03097,0.01171,incidenceRate,1,17337
"Taylor County, Iowa",Medio Oeste,181.3,185.144,-3.84425,-0.20815,-0.20812,0.00368,1e-05,-0.01264,0.00619,PctBachDeg25_Over:region[Medio Oeste],1,6205
"Union County, Iowa",Medio Oeste,173.4,174.475,-1.07523,-0.05819,-0.05818,0.00283,0,-0.0031,0.00113,PctHS18_24,1,12469
"Van Buren County, Iowa",Medio Oeste,181.9,182.452,-0.55201,-0.02989,-0.02989,0.00402,0,-0.0019,0.00114,PctHS18_24,1,7344
"Wapello County, Iowa",Medio Oeste,182.7,192.752,-10.0525,-0.54434,-0.54428,0.00382,6e-05,-0.03369,0.01694,PctHS18_24,1,35173
"Warren County, Iowa",Medio Oeste,170.6,170.871,-0.27106,-0.01469,-0.01468,0.00496,0,-0.00104,0.00059,PctBachDeg25_Over:region[Medio Oeste],1,48626
"Washington County, Iowa",Medio Oeste,160.4,176.22,-15.8197,-0.85647,-0.85643,0.00341,0.00013,-0.0501,0.02697,BirthRate,1,22247
"Wayne County, Iowa",Medio Oeste,150.9,165.827,-14.9269,-0.80855,-0.8085,0.00444,0.00015,-0.05398,0.02408,PctBachDeg25_Over:region[Medio Oeste],1,6385
"Webster County, Iowa",Medio Oeste,169.2,189.229,-20.0286,-1.08412,-1.08416,0.00303,0.00018,-0.0598,0.03018,region[Medio Oeste],1,37071
"Winnebago County, Iowa",Medio Oeste,163.3,165.613,-2.31326,-0.12539,-0.12537,0.00591,0,-0.00966,0.00671,BirthRate,1,10609
"Winneshiek County, Iowa",Medio Oeste,138.4,156.794,-18.3945,-0.99698,-0.99698,0.00565,0.00028,-0.07515,0.04077,PctHS18_24,1,20709
"Woodbury County, Iowa",Medio Oeste,176.4,178.612,-2.21249,-0.11975,-0.11972,0.0028,0,-0.00635,0.00317,region[Medio Oeste],1,102782
"Worth County, Iowa",Medio Oeste,136.5,175.996,-39.4963,-2.13784,-2.1392,0.00299,0.00068,-0.11707,0.04843,BirthRate,1,7569
"Wright County, Iowa",Medio Oeste,159.3,175.798,-16.498,-0.89249,-0.89246,0.00186,7e-05,-0.03857,0.01869,region[Medio Oeste],1,12773
